-- MySQL dump 10.13  Distrib 8.0.11, for Win64 (x86_64)
--
-- Host: localhost    Database: moviedb
-- ------------------------------------------------------
-- Server version	8.0.11

drop database if exists `moviedb`;
create database `moviedb` character set utf8;
use `moviedb`;

/*!40101 SET @OLD_CHARACTER_SET_CLIENT=@@CHARACTER_SET_CLIENT */;
/*!40101 SET @OLD_CHARACTER_SET_RESULTS=@@CHARACTER_SET_RESULTS */;
/*!40101 SET @OLD_COLLATION_CONNECTION=@@COLLATION_CONNECTION */;
 SET NAMES utf8mb4 ;
/*!40103 SET @OLD_TIME_ZONE=@@TIME_ZONE */;
/*!40103 SET TIME_ZONE='+00:00' */;
/*!40014 SET @OLD_UNIQUE_CHECKS=@@UNIQUE_CHECKS, UNIQUE_CHECKS=0 */;
/*!40014 SET @OLD_FOREIGN_KEY_CHECKS=@@FOREIGN_KEY_CHECKS, FOREIGN_KEY_CHECKS=0 */;
/*!40101 SET @OLD_SQL_MODE=@@SQL_MODE, SQL_MODE='NO_AUTO_VALUE_ON_ZERO' */;
/*!40111 SET @OLD_SQL_NOTES=@@SQL_NOTES, SQL_NOTES=0 */;

--
-- Table structure for table `category`
--

DROP TABLE IF EXISTS `category`;
/*!40101 SET @saved_cs_client     = @@character_set_client */;
 SET character_set_client = utf8mb4 ;
CREATE TABLE `category` (
  `user_id` int(11) NOT NULL AUTO_INCREMENT,
  `title` varchar(99) NOT NULL,
  `alias` varchar(99) DEFAULT '',
  `desc` varchar(1024) DEFAULT '',
  PRIMARY KEY (`user_id`),
  UNIQUE KEY `title` (`title`)
) ENGINE=InnoDB AUTO_INCREMENT=28 DEFAULT CHARSET=utf8;
/*!40101 SET character_set_client = @saved_cs_client */;

--
-- Dumping data for table `category`
--

LOCK TABLES `category` WRITE;
/*!40000 ALTER TABLE `category` DISABLE KEYS */;
INSERT INTO `category` VALUES (1,'情色','',''),(2,'歌舞','',''),(3,'爱情','',''),(4,'犯罪','',''),(5,'惊悚','',''),(6,'运动','',''),(7,'战争','',''),(8,'剧情','',''),(9,'科幻','',''),(10,'传记','',''),(11,'冒险','',''),(12,'西部','',''),(13,'动画','',''),(14,'奇幻','',''),(15,'古装','',''),(16,'家庭','',''),(17,'恐怖','',''),(18,'儿童','',''),(19,'音乐','',''),(20,'喜剧','',''),(21,'悬疑','',''),(22,'历史','',''),(23,'灾难','',''),(24,'同性','',''),(25,'武侠','',''),(26,'纪录片','',''),(27,'动作','','');
/*!40000 ALTER TABLE `category` ENABLE KEYS */;
UNLOCK TABLES;

--
-- Table structure for table `collection`
--

DROP TABLE IF EXISTS `collection`;
/*!40101 SET @saved_cs_client     = @@character_set_client */;
 SET character_set_client = utf8mb4 ;
CREATE TABLE `collection` (
  `user_id` int(11) NOT NULL AUTO_INCREMENT,
  `user_id` int(11) NOT NULL,
  `movie_id` int(11) NOT NULL,
  PRIMARY KEY (`user_id`),
  UNIQUE KEY `user_id` (`user_id`,`movie_id`),
  KEY `movie_id` (`movie_id`),
  CONSTRAINT `collection_ibfk_1` FOREIGN KEY (`user_id`) REFERENCES `user` (`user_id`) ON DELETE CASCADE,
  CONSTRAINT `collection_ibfk_2` FOREIGN KEY (`movie_id`) REFERENCES `movie` (`user_id`) ON DELETE CASCADE
) ENGINE=InnoDB AUTO_INCREMENT=17 DEFAULT CHARSET=utf8;
/*!40101 SET character_set_client = @saved_cs_client */;

--
-- Dumping data for table `collection`
--

LOCK TABLES `collection` WRITE;
/*!40000 ALTER TABLE `collection` DISABLE KEYS */;
INSERT INTO `collection` VALUES (2,1,10),(14,1,99),(16,1,128),(3,3,10),(4,3,20),(6,3,40),(7,3,50),(8,3,60),(9,3,70),(11,3,90),(12,3,100);
/*!40000 ALTER TABLE `collection` ENABLE KEYS */;
UNLOCK TABLES;

--
-- Table structure for table `favor_category`
--

DROP TABLE IF EXISTS `favor_category`;
/*!40101 SET @saved_cs_client     = @@character_set_client */;
 SET character_set_client = utf8mb4 ;
CREATE TABLE `favor_category` (
  `user_id` int(11) NOT NULL,
  `category_id` int(11) NOT NULL,
  PRIMARY KEY (`user_id`,`category_id`),
  KEY `category_id` (`category_id`),
  CONSTRAINT `favor_category_ibfk_1` FOREIGN KEY (`user_id`) REFERENCES `user` (`user_id`) ON DELETE CASCADE,
  CONSTRAINT `favor_category_ibfk_2` FOREIGN KEY (`category_id`) REFERENCES `category` (`user_id`) ON DELETE CASCADE
) ENGINE=InnoDB DEFAULT CHARSET=utf8;
/*!40101 SET character_set_client = @saved_cs_client */;

--
-- Dumping data for table `favor_category`
--

LOCK TABLES `favor_category` WRITE;
/*!40000 ALTER TABLE `favor_category` DISABLE KEYS */;
INSERT INTO `favor_category` VALUES (1,3),(4,3),(1,5),(4,5),(1,7),(4,7),(1,9),(4,9);
/*!40000 ALTER TABLE `favor_category` ENABLE KEYS */;
UNLOCK TABLES;

--
-- Table structure for table `history`
--

DROP TABLE IF EXISTS `history`;
/*!40101 SET @saved_cs_client     = @@character_set_client */;
 SET character_set_client = utf8mb4 ;
CREATE TABLE `history` (
  `user_id` int(11) NOT NULL,
  `user_id` int(11) NOT NULL,
  `movie_id` int(11) NOT NULL,
  `date` varchar(99) NOT NULL,
  PRIMARY KEY (`user_id`),
  KEY `user_id` (`user_id`),
  KEY `movie_id` (`movie_id`),
  CONSTRAINT `history_ibfk_1` FOREIGN KEY (`user_id`) REFERENCES `user` (`user_id`) ON DELETE CASCADE,
  CONSTRAINT `history_ibfk_2` FOREIGN KEY (`movie_id`) REFERENCES `movie` (`user_id`) ON DELETE CASCADE
) ENGINE=InnoDB DEFAULT CHARSET=utf8;
/*!40101 SET character_set_client = @saved_cs_client */;

--
-- Dumping data for table `history`
--

LOCK TABLES `history` WRITE;
/*!40000 ALTER TABLE `history` DISABLE KEYS */;
/*!40000 ALTER TABLE `history` ENABLE KEYS */;
UNLOCK TABLES;

--
-- Table structure for table `movie`
--

DROP TABLE IF EXISTS `movie`;
/*!40101 SET @saved_cs_client     = @@character_set_client */;
 SET character_set_client = utf8mb4 ;
CREATE TABLE `movie` (
  `user_id` int(11) NOT NULL AUTO_INCREMENT,
  `title` varchar(99) NOT NULL,
  `country` varchar(99) DEFAULT NULL,
  `year` int(4) unsigned DEFAULT NULL,
  `directors` varchar(99) DEFAULT NULL,
  `stars` varchar(1024) DEFAULT NULL,
  `release_date` varchar(99) DEFAULT NULL,
  `running_time` varchar(99) DEFAULT NULL,
  `short_intro` varchar(4096) DEFAULT '',
  `douban_rank` int(11) unsigned DEFAULT NULL,
  `douban_score` decimal(3,1) DEFAULT NULL,
  `douban_votes` int(11) unsigned DEFAULT NULL,
  `douban_quote` varchar(256) DEFAULT NULL,
  `douban_url` varchar(256) DEFAULT NULL,
  `pic_url` varchar(256) DEFAULT NULL,
  PRIMARY KEY (`user_id`),
  UNIQUE KEY `title` (`title`)
) ENGINE=InnoDB AUTO_INCREMENT=251 DEFAULT CHARSET=utf8;
/*!40101 SET character_set_client = @saved_cs_client */;

--
-- Dumping data for table `movie`
--

LOCK TABLES `movie` WRITE;
/*!40000 ALTER TABLE `movie` DISABLE KEYS */;
INSERT INTO `movie` VALUES (1,'肖申克的救赎 The Shawshank Redemption','美国',1994,'弗兰克·德拉邦特','蒂姆·罗宾斯, 摩根·弗里曼, 鲍勃·冈顿, 威廉姆·赛德勒, 克兰西·布朗, 吉尔·贝罗斯, 马克·罗斯顿, 詹姆斯·惠特摩, 杰弗里·德曼, 拉里·布兰登伯格, 尼尔·吉恩托利, 布赖恩·利比, 大卫·普罗瓦尔, 约瑟夫·劳格诺, 祖德·塞克利拉, 保罗·麦克兰尼, 芮妮·布莱恩, 阿方索·弗里曼, V·J·福斯特, 弗兰克·梅德拉诺, 马克·迈尔斯, 尼尔·萨默斯, 耐德·巴拉米, 布赖恩·戴拉特, 唐·麦克马纳斯','1994-09-10(多伦多电影节), 1994-10-14(美国)','142分钟','20世纪40年代末，小有成就的青年银行家安迪（蒂姆·罗宾斯 Tim Robbins 饰）因涉嫌杀害妻子及她的情人而锒铛入狱。在这座名为肖申克的监狱内，希望似乎虚无缥缈，终身监禁的惩罚无疑注定了安迪接下来灰暗绝望的人生。未过多久，安迪尝试接近囚犯中颇有声望的瑞德（摩根·弗里曼 Morgan Freeman 饰），请求对方帮自己搞来小锤子。以此为契机，二人逐渐熟稔，安迪也仿佛在鱼龙混杂、罪恶横生、黑白混淆的牢狱中找到属于自己的求生之道。他利用自身的专业知识，帮助监狱管理层逃税、洗黑钱，同时凭借与瑞德的交往在犯人中间也渐渐受到礼遇。表面看来，他已如瑞德那样对那堵高墙从憎恨转变为处之泰然，但是对自由的渴望仍促使他朝着心中的希望和目标前进。而关于其罪行的真相，似乎更使这一切朝前推进了一步……\n本片根据著名作家斯蒂芬·金（Stephen Edwin King）的...',1,9.6,1163379,'希望让人自由。','https://movie.douban.com/subject/1292052/','https://img3.doubanio.com/view/photo/s_ratio_poster/public/p480747492.jpg'),(2,'霸王别姬','中国大陆 香港',1993,'陈凯歌','张国荣, 张丰毅, 巩俐, 葛优, 英达, 蒋雯丽, 吴大维, 吕齐, 雷汉, 尹治, 马明威, 费振翔, 智一桐, 李春, 赵海龙, 李丹, 童弟, 沈慧芬, 黄斐','1993-01-01(香港)','171 分钟','段小楼（张丰毅）与程蝶衣（张国荣）是一对打小一起长大的师兄弟，两人一个演生，一个饰旦，一向配合天衣无缝，尤其一出《霸王别姬》，更是誉满京城，为此，两人约定合演一辈子《霸王别姬》。但两人对戏剧与人生关系的理解有本质不同，段小楼深知戏非人生，程蝶衣则是人戏不分。\n段小楼在认为该成家立业之时迎娶了名妓菊仙（巩俐），致使程蝶衣认定菊仙是可耻的第三者，使段小楼做了叛徒，自此，三人围绕一出《霸王别姬》生出的爱恨情仇战开始随着时代风云的变迁不断升级，终酿成悲剧。',2,9.6,850425,'风华绝代。','https://movie.douban.com/subject/1291546/','https://img3.doubanio.com/view/photo/s_ratio_poster/public/p1910813120.jpg'),(3,'这个杀手不太冷 Léon','法国',1994,'吕克·贝松','让·雷诺, 娜塔莉·波特曼, 加里·奥德曼, 丹尼·爱罗, 彼得·阿佩尔, 迈克尔·巴达鲁科, 艾伦·格里尼, 伊丽莎白·瑞根, 卡尔·马图斯维奇, 弗兰克·赛格, 麦温, 乔治·马丁, 罗伯特·拉萨多, 亚当·布斯奇, 马里奥·托迪斯科, 萨米·纳塞利','1994-09-14(法国)','110分钟(剧场版)','里昂（让·雷诺饰）是名孤独的职业杀手，受人雇佣。一天，邻居家小姑娘马蒂尔达（纳塔丽·波特曼饰)敲开他的房门，要求在他那里暂避杀身之祸。原来邻居家的主人是警方缉毒组的眼线，只因贪污了一小包毒品而遭恶警（加里·奥德曼饰）杀害全家的惩罚。马蒂尔达得到里昂的留救，幸免于难，并留在里昂那里。里昂教小女孩使枪，她教里昂法文，两人关系日趋亲密，相处融洽。\n女孩想着去报仇，反倒被抓，里昂及时赶到，将女孩救回。混杂着哀怨情仇的正邪之战渐次升级，更大的冲突在所难免……',3,9.4,1073445,'怪蜀黍和小萝莉不得不说的故事。','https://movie.douban.com/subject/1295644/','https://img3.doubanio.com/view/photo/s_ratio_poster/public/p511118051.jpg'),(4,'阿甘正传 Forrest Gump','美国',1994,'罗伯特·泽米吉斯','汤姆·汉克斯, 罗宾·怀特, 加里·西尼斯, 麦凯尔泰·威廉逊, 莎莉·菲尔德, Michael Conner Humphreys, 海利·乔·奥斯蒙','1994-06-23(洛杉矶首映), 1994-07-06(美国)','142 分钟','阿甘（汤姆·汉克斯 饰）于二战结束后不久出生在美国南方阿拉巴马州一个闭塞的小镇，他先天弱智，智商只有75，然而他的妈妈是一个性格坚强的女性，她常常鼓励阿甘“傻人有傻福”，要他自强不息。\n阿甘像普通孩子一样上学，并且认识了一生的朋友和至爱珍妮（罗宾·莱特·潘 饰），在珍妮和妈妈的爱护下，阿甘凭着上帝赐予的“飞毛腿”开始了一生不停的奔跑。\n阿甘成为橄榄球巨星、越战英雄、乒乓球外交使者、亿万富翁，但是，他始终忘不了珍妮，几次匆匆的相聚和离别，更是加深了阿甘的思念。\n有一天，阿甘收到珍妮的信，他们终于又要见面……',4,9.4,918015,'一部美国近现代史。','https://movie.douban.com/subject/1292720/','https://img1.doubanio.com/view/photo/s_ratio_poster/public/p510876377.jpg'),(5,'美丽人生 La vita è bella','意大利',1997,'罗伯托·贝尼尼','罗伯托·贝尼尼, 尼可莱塔·布拉斯基, 乔治·坎塔里尼, 朱斯蒂诺·杜拉诺, 赛尔乔·比尼·布斯特里克, 玛丽萨·帕雷德斯, 霍斯特·布赫霍尔茨, 利迪娅·阿方西, 朱利亚娜·洛约迪切, 亚美利哥·丰塔尼, 彼得·德·席尔瓦, 弗朗西斯·古佐, 拉法埃拉·莱博罗尼, 克劳迪奥·阿方西, 吉尔·巴罗尼, 马西莫·比安奇, 恩尼奥·孔萨尔维, 吉安卡尔洛·科森蒂诺, 阿伦·克雷格','1997-12-20(意大利)','116分钟','犹太青年圭多（罗伯托·贝尼尼）邂逅美丽的女教师多拉（尼可莱塔·布拉斯基），他彬彬有礼的向多拉鞠躬：“早安！公主！”。历经诸多令人啼笑皆非的周折后，天遂人愿，两人幸福美满的生活在一起。\n然而好景不长，法西斯政权下，圭多和儿子被强行送往犹太人集中营。多拉虽没有犹太血统，毅然同行，与丈夫儿子分开关押在一个集中营里。聪明乐天的圭多哄骗儿子这只是一场游戏，奖品就是一辆大坦克，儿子快乐、天真的生活在纳粹的阴霾之中。尽管集中营的生活艰苦寂寞，圭多仍然带给他人很多快乐，他还趁机在纳粹的广播里问候妻子：“早安！公主！”\n法西斯政权即将倾覆，纳粹的集中营很快就要接受最后的清理，圭多编给儿子的游戏该怎么结束？他们一家能否平安的度过这黑暗的年代呢？',5,9.5,535838,'最美的谎言。','https://movie.douban.com/subject/1292063/','https://img3.doubanio.com/view/photo/s_ratio_poster/public/p510861873.jpg'),(6,'泰坦尼克号 Titanic','美国',1997,'詹姆斯·卡梅隆','莱昂纳多·迪卡普里奥, 凯特·温丝莱特, 比利·赞恩, 凯西·贝茨, 弗兰西丝·费舍, 格劳瑞亚·斯图尔特, 比尔·帕克斯顿, 伯纳德·希尔, 大卫·沃纳, 维克多·加博, 乔纳森·海德, 苏茜·爱米斯, 刘易斯·阿伯内西, 尼古拉斯·卡斯柯恩, 阿那托利·萨加洛维奇, 丹尼·努齐, 杰森·贝瑞, 伊万·斯图尔特, 艾恩·格拉法德, 乔纳森·菲利普斯, 马克·林赛·查普曼, 理查德·格拉翰, 保罗·布赖特威尔, 艾瑞克·布里登, 夏洛特·查顿, 博纳德·福克斯, 迈克尔·英塞恩, 法妮·布雷特, 马丁·贾维斯, 罗莎琳·艾尔斯, 罗切尔·罗斯, 乔纳森·伊万斯-琼斯, 西蒙·克雷恩, 爱德华德·弗莱彻, 斯科特·安德森, 马丁·伊斯特, 克雷格·凯利, 格雷戈里·库克, 利亚姆·图伊, 詹姆斯·兰开斯特, 艾尔莎·瑞雯, 卢·帕尔特, 泰瑞·佛瑞斯塔, 凯文·德·拉·诺伊','1998-04-03(中国大陆), 1997-11-01(东京电影节), 1997-12-19(美国)','194分钟','1912年4月10日，号称 “世界工业史上的奇迹”的豪华客轮泰坦尼克号开始了自己的处女航，从英国的南安普顿出发驶往美国纽约。富家少女罗丝（凯特?温丝莱特）与母亲及未婚夫卡尔坐上了头等舱；另一边，放荡不羁的少年画家杰克（莱昂纳多·迪卡普里奥）也在码头的一场赌博中赢得了下等舱的船票。\n罗丝厌倦了上流社会虚伪的生活，不愿嫁给卡尔，打算投海自尽，被杰克救起。很快，美丽活泼的罗丝与英俊开朗的杰克相爱，杰克带罗丝参加下等舱的舞会、为她画像，二人的感情逐渐升温。\n1912年4月14日，星期天晚上，一个风平浪静的夜晚。泰坦尼克号撞上了冰山，“永不沉没的”泰坦尼克号面临沉船的命运，罗丝和杰克刚萌芽的爱情也将经历生死的考验。',6,9.3,853955,'失去的才是永恒的。 ','https://movie.douban.com/subject/1292722/','https://img3.doubanio.com/view/photo/s_ratio_poster/public/p457760035.jpg'),(7,'千与千寻 千と千尋の神隠し','日本',2001,'宫崎骏','柊瑠美, 入野自由, 夏木真理, 菅原文太, 中村彰男, 玉井夕海, 神木隆之介, 内藤刚志, 泽口靖子, 我修院达也, 大泉洋, 小林郁夫, 上条恒彦, 小野武彦','2001-07-20(日本)','125分钟','千寻和爸爸妈妈一同驱车前往新家，在郊外的小路上不慎进入了神秘的隧道——他们去到了另外一个诡异世界—一个中世纪的小镇。远处飘来食物的香味，爸爸妈妈大快朵颐，孰料之后变成了猪！这时小镇上渐渐来了许多样子古怪、半透明的人。\n千寻仓皇逃出，一个叫小白的人救了他，喂了她阻止身体消 失的药，并且告诉她怎样去找锅炉爷爷以及汤婆婆，而且必须获得一份工作才能不被魔法变成别的东西。\n千寻在小白的帮助下幸运地获得了一份在浴池打杂的工作。渐渐她不再被那些怪模怪样的人吓倒，并从小玲那儿知道了小白是凶恶的汤婆婆的弟子。\n一次，千寻发现小白被一群白色飞舞的纸人打伤，为了救受伤的小白，她用河神送给她的药丸驱出了小白身体内的封印以及守封印的小妖精，但小白还是没有醒过来。\n为了救小白，千寻又踏上了她的冒险之旅。',7,9.3,850414,'最好的宫崎骏，最好的久石让。 ','https://movie.douban.com/subject/1291561/','https://img3.doubanio.com/view/photo/s_ratio_poster/public/p1606727862.jpg'),(8,'辛德勒的名单 Schindler\'s List','美国',1993,'史蒂文·斯皮尔伯格','连姆·尼森, 本·金斯利, 拉尔夫·费因斯, 卡罗琳·古多尔, 乔纳森·萨加尔, 艾伯丝·戴维兹, 马尔戈萨·格贝尔, 马克·伊瓦涅, 碧翠斯·马科拉, 安德烈·瑟韦林, 弗里德里希·冯·图恩, 克齐斯茨托夫·拉夫特, 诺伯特·魏塞尔','1993-11-30(华盛顿首映), 1994-02-04(美国)','195分钟','1939年，波兰在纳粹德国的统治下，党卫军对犹太人进行了隔离统治。德国商人奥斯卡·辛德勒（连姆·尼森 Liam Neeson 饰）来到德军统治下的克拉科夫，开设了一间搪瓷厂，生产军需用品。凭着出众的社交能力和大量的金钱，辛德勒和德军建立了良好的关系，他的工厂雇用犹太人工作，大发战争财。\n1943年，克拉科夫的犹太人遭到了惨绝人寰的大屠杀，辛德勒目睹这一切，受到了极大的震撼，他贿赂军官，让自己的工厂成为集中营的附属劳役营，在那些疯狂屠杀的日子里，他的工厂也成为了犹太人的避难所。\n1944年，德国战败前夕，屠杀犹太人的行动越发疯狂，辛德勒向德军军官开出了1200人的名单，倾家荡产买下了这些犹太人的生命。在那些暗无天日的岁月里，拯救一个人，就是拯救全世界。',8,9.4,483122,'拯救一个人，就是拯救整个世界。','https://movie.douban.com/subject/1295124/','https://img3.doubanio.com/view/photo/s_ratio_poster/public/p492406163.jpg'),(9,'盗梦空间 Inception','美国 英国',2010,'克里斯托弗·诺兰','莱昂纳多·迪卡普里奥, 约瑟夫·高登-莱维特, 艾伦·佩吉, 汤姆·哈迪, 渡边谦, 迪利普·劳, 基里安·墨菲, 汤姆·贝伦杰, 玛丽昂·歌迪亚, 皮特·波斯尔思韦特, 迈克尔·凯恩, 卢卡斯·哈斯, 李太力, 克莱尔·吉尔蕾, 马格努斯·诺兰, 泰勒·吉蕾, 乔纳森·吉尔, 水源士郎, 冈本玉二, 厄尔·卡梅伦, 瑞恩·海沃德, 米兰达·诺兰, 拉什·费加, 蒂姆·科勒赫, 妲露拉·莱莉','2010-09-01(中国大陆), 2010-07-16(美国)','148分钟','道姆·柯布（莱昂纳多·迪卡普里奥 Leonardo DiCaprio 饰）与同事阿瑟（约瑟夫·戈登-莱维特 Joseph Gordon-Levitt 饰）和纳什（卢卡斯·哈斯 Lukas Haas 饰）在一次针对日本能源大亨齐藤（渡边谦 饰）的盗梦行动中失败，反被齐藤利用。齐藤威逼利诱因遭通缉而流亡海外的柯布帮他拆分他竞争对手的公司，采取极端措施在其唯一继承人罗伯特·费希尔（希里安·墨菲 Cillian Murphy 饰）的深层潜意识中种下放弃家族公司、自立门户的想法。为了重返美国，柯布偷偷求助于岳父迈尔斯（迈克尔·凯恩 Michael Caine 饰），吸收了年轻的梦境设计师艾里阿德妮（艾伦·佩吉 Ellen Page 饰）、梦境演员艾姆斯（汤姆·哈迪 Tom Hardy 饰）和药剂师约瑟夫（迪利普·劳 Dileep Rao 饰）加入行动。在一层层...',9,9.3,938676,'诺兰给了我们一场无法盗取的梦。','https://movie.douban.com/subject/3541415/','https://img3.doubanio.com/view/photo/s_ratio_poster/public/p513344864.jpg'),(10,'机器人总动员 WALL·E','美国',2008,'安德鲁·斯坦顿','本·贝尔特, 艾丽莎·奈特, 杰夫·格尔林, 佛莱德·威拉特, 西格妮·韦弗, MacInTalk, 约翰·拉岑贝格, 凯茜·纳基麦, 泰迪·牛顿, 鲍伯·伯根, 洛丽·理查德森, 吉姆·瓦德, 彼特·道格特, 安德鲁·斯坦顿, 杰夫·皮金, 约翰·齐甘, 米凯·麦高万, 雪莉·琳恩, 克莱特·惠特克, 唐纳德·富利洛夫, 罗里·艾伦, 杰斯·哈梅尔, 拉瑞恩·纽曼, 扬·拉布森, 保罗·伊丁','2008-06-27(美国)','98分钟','公元2805年，人类文明高度发展，却因污染和生活垃圾大量增加使得地球不再适于人类居住。地球人被迫乘坐飞船离开故乡，进行一次漫长无边的宇宙之旅。临行前他们委托Buynlarge的公司对地球垃圾进行清理，该公司开发了名为WALL·E（Waste Allocation Loa d Lifters – Earth 地球废品分装员）的机器人担当此重任。\n这些机器人按照程序日复一日、年复一年辛勤工作，但随着时间的流逝和恶劣环境的侵蚀，WALL·E们接连损坏、停止运动。最后只有一个仍在进行这项似乎永无止境的工作。经历了漫长的岁月，它开始拥有了自己的意识。它喜欢将收集来的宝贝小心翼翼藏起，喜欢收工后看看几百年前的歌舞片，此外还有一只蟑螂朋友作伴。直到有一天，一艘来自宇宙的飞船打破了它一成不变的生活……\n本片荣获2009年第81届奥斯卡最佳动画长片奖。',10,9.3,621221,'小瓦力，大人生。','https://movie.douban.com/subject/2131459/','https://img3.doubanio.com/view/photo/s_ratio_poster/public/p1461851991.jpg'),(11,'忠犬八公的故事 Hachi: A Dog\'s Tale','美国 英国',2009,'拉斯·霍尔斯道姆','理查·基尔, 萨拉·罗默尔, 琼·艾伦, 罗比·萨布莱特, 艾瑞克·阿瓦利, 田川洋行, 杰森·亚历山大, 罗伯特·卡普荣','2009-06-13(西雅图电影节), 2010-03-12(英国)','93分钟','八公（Forest 饰）是一条谜一样的犬，因为没有人知道它从哪里来。教授帕克（理查·基尔 Richard Gere 饰）在小镇的火车站拣到一只走失的小狗，冥冥中似乎注定小狗和帕克教授有着某种缘分，帕克一抱起这只小狗就再也放不下来，最终，帕克对小狗八公的疼爱感化了起初极力反对养狗的妻子卡特（琼·艾伦 Joan Allen 饰）。八公在帕克的呵护下慢慢长大，帕克上班时八公会一直把他送到车站，下班时八公也会早早便爬在车站等候，八公的忠诚让小镇的人家对它更加疼爱。有一天，八公在帕克要上班时表现异常，居然玩起了以往从来不会的捡球游戏，八公的表现让帕克非常满意，可是就是在那天，帕克因病去世。帕克的妻子、女儿安迪（萨拉·罗默尔 Sarah Roemer 饰）及女婿迈克尔（罗比·萨布莱特 Robbie Sublett 饰）怀着无比沉痛的心情埋葬了帕克，可是不明就里的...',11,9.3,602605,'永远都不能忘记你所爱的人。','https://movie.douban.com/subject/3011091/','https://img3.doubanio.com/view/photo/s_ratio_poster/public/p524964016.jpg'),(12,'三傻大闹宝莱坞 3 Idiots','印度',2009,'拉吉库马尔·希拉尼','阿米尔·汗, 卡琳娜·卡普尔, 马达范, 沙尔曼·乔希, 奥米·瓦依达, 博曼·伊拉尼, 莫娜·辛格, 拉杰夫·拉宾德拉纳特安','2011-12-08(中国大陆), 2009-12-25(印度)','171分钟(印度)','本片根据印度畅销书作家奇坦·巴哈特（Chetan Bhagat）的处女作小说《五点人》（Five Point Someone）改编而成。法兰（马德哈万 R Madhavan 饰）、拉杜（沙曼·乔希 Sharman Joshi 饰）与兰乔（阿米尔·汗 Aamir Khan 饰）是皇家工程学院的学生，三人共居一室，结为好友。在以严格著称的学院里，兰乔是个非常与众不同的学生，他不死记硬背，甚至还公然顶撞校长“病毒”（波曼·伊拉尼 Boman Irani 饰），质疑他的教学方法。他不仅鼓动法兰与拉杜去勇敢追寻理想，还劝说校长的二女儿碧雅（卡琳娜·卡普 Kareena Kapoor 饰）离开满眼铜臭的未婚夫。兰乔的特立独行引起了模范学生“消音器”（奥米·维嘉 Omi Vaidya 饰）的不满，他约定十年后再与兰乔一决高下，看哪种生活方式更能取得成功。\n本片获孟...',12,9.2,841580,'英俊版憨豆，高情商版谢耳朵。','https://movie.douban.com/subject/3793023/','https://img3.doubanio.com/view/photo/s_ratio_poster/public/p579729551.jpg'),(13,'海上钢琴师 La leggenda del pianista sull\'oceano','意大利',1998,'朱塞佩·托纳多雷','蒂姆·罗斯, 普路特·泰勒·文斯, 比尔·努恩, 梅兰尼·蒂埃里, 阿尔贝托·巴斯克斯','1998-10-28(意大利)','165分钟','本片讲述了一个钢琴天才传奇的一生。\n1900年，Virginian号豪华邮轮上，一个孤儿被遗弃在头等舱，由船上的水手抚养长大，取名1900（蒂姆?罗斯 饰）。1900慢慢长大，显示出了无师自通的非凡钢琴天赋，在船上的乐队表演钢琴，每个听过他演奏的人，都被深深打动。爵士 乐鼻祖杰尼听说了1900的高超技艺，专门上船和他比赛，最后自叹弗如，黯然离去。\n可惜，这一切的事情都发生在海上，1900从来不愿踏上陆地，直到有一天，他爱上了一个女孩，情愫在琴键上流淌。他会不会为了爱情，踏上陆地开始新的生活，用他的琴声惊艳世界？他将怎样谱写自己非凡的人生。',13,9.2,706002,'每个人都要走一条自己坚定了的路，就算是粉身碎骨。 ','https://movie.douban.com/subject/1292001/','https://img1.doubanio.com/view/photo/s_ratio_poster/public/p511146807.jpg'),(14,'放牛班的春天 Les choristes','法国 瑞士 德国',2004,'克里斯托夫·巴拉蒂','热拉尔·朱尼奥, 让-巴蒂斯特·莫尼耶, 弗朗索瓦·贝莱昂, 凯德·麦拉德, 玛丽·布奈尔, 马科森斯·珀林, 让-保罗·博奈雷, 格雷戈里·加迪诺尔, 托马斯·布伦门塔尔, Cyril Bernicot, Simon Fargeot, Théodule Carré-Cassaigne, 菲利普·杜·詹纳兰德, 卡罗尔·韦斯, Erick Desmarestz, 雅克·贝汉','2004-10-16(中国大陆), 2004-03-17(法国)','97 分钟','1949年的法国乡村，音乐家克莱门特（杰勒德?尊诺 饰）到了一间外号叫“塘低”的男子寄宿学校当助理教师。学校里的学生大部分都是难缠的问题儿童，体罚在这里司空见惯，学校的校长（弗朗西斯?贝尔兰德 饰）只顾自己的前途，残暴高压。\n性格沉静的克莱门特尝试用自己的方法改善这种状况，他重新创作音乐作品，组织合唱团，决定用音乐的方法来打开学生们封闭的心灵。\n然而，事情并不顺利，克莱门特发现学生皮埃尔?莫安琦（尚?巴堤?莫里耶 饰）拥有非同一般的音乐天赋，但是单亲家庭长大的他，性格异常敏感孤僻，怎样释放皮埃尔的音乐才能，让克莱门特头痛不已；同时，他与皮埃尔母亲的感情也渐渐微妙起来。',14,9.2,575424,'天籁一般的童声，是最接近上帝的存在。 ','https://movie.douban.com/subject/1291549/','https://img3.doubanio.com/view/photo/s_ratio_poster/public/p1910824951.jpg'),(15,'大话西游之大圣娶亲 西遊記大結局之仙履奇緣','香港 中国大陆',1995,'刘镇伟','周星驰, 吴孟达, 朱茵, 蔡少芬, 蓝洁瑛, 莫文蔚, 罗家英, 刘镇伟, 陆树铭, 李健仁','2014-10-24(中国大陆), 2017-04-13(中国大陆重映), 1995-02-04(香港)','95分钟','至尊宝（周星驰 饰）被月光宝盒带回到五百年前，遇见紫霞仙子（朱茵 饰），被对方打上烙印成为对方的人，并发觉自己已变成孙悟空。\n紫霞与青霞（朱茵 饰）本是如来佛祖座前日月神灯的灯芯（白天是紫霞，晚上是青霞），二人虽然同一肉身却仇恨颇深，因此紫霞立下誓言，谁能拔出她手中的紫青宝剑，谁就是她的意中人。紫青宝剑被至尊宝于不经意间拔出，紫霞决定以身相许，却遭一心记挂白晶晶（莫文蔚 饰）的至尊宝拒绝。后牛魔王救下迷失在沙漠中的紫霞，并逼紫霞与他成婚，关键时刻，至尊宝现身。',15,9.2,633167,'一生所爱。','https://movie.douban.com/subject/1292213/','https://img3.doubanio.com/view/photo/s_ratio_poster/public/p2455050536.jpg'),(16,'楚门的世界 The Truman Show','美国',1998,'彼得·威尔','金·凯瑞, 劳拉·琳妮, 艾德·哈里斯, 诺亚·艾默里奇, 娜塔莎·麦克艾霍恩','1998-06-05(美国)','103分钟','楚门（金?凯瑞 Jim Carrey 饰）是一个平凡得不能再平凡的人，除了一些有些稀奇的经历之外——初恋女友突然失踪、溺水身亡的父亲忽然似乎又出现在眼前，他和绝大多数30多岁的美国男人绝无异样。这令他倍感失落。他也曾试过离开自己生活了多年的地方，但总因种种理由而不能成行。\n直到有一天，他忽然发觉自己似乎一直在被人跟踪，无论他走到哪里，干什么事情。这种感觉愈来愈强烈。楚门决定不惜一切代价逃离这个他生活了30多年的地方，去寻找他的初恋女友。\n但他却发现自己怎样也逃不出去。真相其实很残忍。',16,9.2,610795,'如果再也不能见到你，祝你早安，午安，晚安。','https://movie.douban.com/subject/1292064/','https://img3.doubanio.com/view/photo/s_ratio_poster/public/p479682972.jpg'),(17,'教父 The Godfather','美国',1972,'弗朗西斯·福特·科波拉','马龙·白兰度, 阿尔·帕西诺, 詹姆斯·肯恩, 理查德·卡斯特尔诺, 罗伯特·杜瓦尔, 斯特林·海登, 约翰·马利, 理查德·康特, 艾尔·勒提埃里, 黛安·基顿, 阿贝·维高达, 塔莉娅·夏尔, 吉亚尼·罗素, 约翰·凯泽尔, 鲁迪·邦德','1972-03-15(纽约首映), 1972-03-24(美国)','175 分钟','40年代的美国，“教父”维托·唐·柯里昂（马龙·白兰度 饰）是黑手党柯里昂家族的首领，带领家族从事非法的勾当，但同时他也是许多弱小平民的保护神，深得人们爱戴。\n因为拒绝了毒枭索洛索的毒品交易要求，柯里昂家族和纽约其他几个黑手党家族的矛盾激化。圣诞前夕，索洛索劫持了“教 父”的参谋汤姆，并派人暗杀“教父”；因为内奸的出卖，“教父”的大儿子逊尼被仇家杀害；小儿子麦克（阿尔·帕西诺 饰）也被卷了进来，失去爱妻。黑手党家族之间的矛盾越来越白热化。\n年老的“教父”面对丧子之痛怎样统领全局？黑手党之间的仇杀如何落幕？谁是家族的内奸？谁又能够成为新一代的“教父”？\n血雨腥风和温情脉脉，在这部里程碑式的黑帮史诗巨片里真实上演。',17,9.2,426039,'千万不要记恨你的对手，这样会让你失去理智。','https://movie.douban.com/subject/1291841/','https://img3.doubanio.com/view/photo/s_ratio_poster/public/p2190556185.jpg'),(18,'龙猫 となりのトトロ','日本',1988,'宫崎骏','日高法子, 坂本千夏, 糸井重里, 岛本须美, 北林谷荣, 高木均, 雨笠利幸, 丸山裕子, 广濑正志, 鹫尾真知子, 铃木玲子, 千叶繁, 龙田直树, 鳕子, 西村朋纮, 石田光子, 神代知衣, 中村大树, 水谷优子, 平松晶子, 大谷育江','2018(中国大陆), 1988-04-16(日本)','86分钟','小月的母亲生病住院了，父亲带着她与四岁的妹妹小梅到乡间的居住。她们对那里的环境都感到十分新奇，也发现了很多有趣的事情。她们遇到了很多小精灵，她们来到属于她们的环境中，看到了她们世界中很多的奇怪事物，更与一只大大胖胖的龙猫成为了朋友。龙猫与小精灵们利用他们的神奇力量，为小月与妹妹带来了很多神奇的景观，令她们大开眼界。\n妹妹小梅常常挂念生病中的母亲，嚷着要姐姐带着她去看母亲，但小月拒绝了。小梅竟然自己前往，不料途中迷路了，小月只好寻找她的龙猫及小精灵朋友们帮助。',18,9.1,522116,'人人心中都有个龙猫，童年就永远不会消失。','https://movie.douban.com/subject/1291560/','https://img1.doubanio.com/view/photo/s_ratio_poster/public/p537668599.jpg'),(19,'星际穿越 Interstellar','美国 英国 加拿大 冰岛',2014,'克里斯托弗·诺兰','马修·麦康纳, 安妮·海瑟薇, 杰西卡·查斯坦, 卡西·阿弗莱克, 迈克尔·凯恩, 马特·达蒙, 麦肯吉·弗依, 蒂莫西·柴勒梅德, 艾伦·伯斯汀, 约翰·利思戈, 韦斯·本特利, 大卫·吉雅西, 比尔·欧文, 托弗·戈瑞斯, 科莱特·沃夫, 弗朗西斯·X·麦卡蒂, 安德鲁·博尔巴, 乔什·斯图沃特, 莱雅·卡里恩斯, 利亚姆·迪金森, 杰夫·赫普内尔, 伊莱耶斯·加贝尔, 布鲁克·史密斯, 大卫·奥伊罗, 威廉姆·德瓦内, 拉什·费加, 格里芬·弗雷泽, 弗洛拉·诺兰','2014-11-12(中国大陆), 2014-11-07(美国)','169分钟','近未来的地球黄沙遍野，小麦、秋葵等基础农作物相继因枯萎病灭绝，人类不再像从前那样仰望星空，放纵想象力和灵感的迸发，而是每日在沙尘暴的肆虐下倒数着所剩不多的光景。在家务农的前NASA宇航员库珀（马修·麦康纳 Matthew McConaughey 饰）接连在女儿墨菲（麦肯吉·弗依 Mackenzie Foy 饰）的书房发现奇怪的重力场现象，随即得知在某个未知区域内前NASA成员仍秘密进行一个拯救人类的计划。多年以前土星附近出现神秘虫洞，NASA借机将数名宇航员派遣到遥远的星系寻找适合居住的星球。在布兰德教授（迈克尔·凯恩 Michael Caine 饰）的劝说下，库珀忍痛告别了女儿，和其他三名专家教授女儿艾米莉亚·布兰德（安妮·海瑟薇 Anne Hathaway 饰）、罗米利（大卫·吉雅西 David Gyasi 饰）、多伊尔（韦斯·本特利 Wes B...',19,9.2,630098,'爱是一种力量，让我们超越时空感知它的存在。','https://movie.douban.com/subject/1889243/','https://img3.doubanio.com/view/photo/s_ratio_poster/public/p2206088801.jpg'),(20,'熔炉 ???','韩国',2011,'黄东赫','孔侑, 郑有美, 金志映, 金贤秀, 郑仁絮, 白承焕, 张光, 严孝燮','2011-09-22(韩国)','125分钟','来自首尔的哑语美术老师仁浩（孔宥 饰）来到雾津，应聘慈爱聋哑人学校。天降大雾，他意外撞车，维修时邂逅了人权组织成员柔珍（郑有美 饰）。仁浩妻子早亡，8岁女儿天生哮喘由祖母照看，所以他不辞辛苦谋职养家。然而，双胞胎的校长与教导主任竟逼仁浩索贿5千万韩元。同时，仁浩逐渐发现学 校笼罩着一种紧张压抑的气氛，令人窒息。尤其有三个孩子引人关注：聪颖的金妍斗（金贤秀 饰）和贪吃的陈宥利（郑仁絮 饰）总是躲闪。全民秀（白承焕 饰）的弟弟自杀身亡，他总是满脸淤青。下课后，仁浩还听到女厕所中有呼喊与哭泣，在门卫的阻拦下他未深究。之后。他意外目睹了校长行贿警察，教导员毒打民秀，宿导溺罚妍斗的行径。一个惊天的隐秘被慢慢揭开，真相令韩国震惊……\n本片取材于2005年光州一所聋哑障碍人学校的真实事件，改编自韩国作家孔枝泳的同名小说。',20,9.2,353342,'我们一路奋战不是为了改变世界，而是为了不让世界改变我们。','https://movie.douban.com/subject/5912992/','https://img3.doubanio.com/view/photo/s_ratio_poster/public/p1363250216.jpg'),(21,'无间道 無間道','香港',2002,'刘伟强, 麦兆辉','刘德华, 梁朝伟, 黄秋生, 曾志伟, 郑秀文, 陈慧琳, 陈冠希, 余文乐, 杜汶泽, 林家栋, 萧亚轩','2003-09-05(中国大陆), 2002-12-12(香港)','101分钟','1991年，香港黑帮三合会会员刘健明（刘德华）听从老大韩琛（曾志伟）的吩咐，加入警察部队成为黑帮卧底，韩琛许诺刘健明会帮其在七年后晋升为见习督察。1992年，警察训练学校优秀学员陈永仁（梁朝伟）被上级要求深入到三合会做卧底，终极目标是成为韩琛身边的红人。2002年，两人都不负重望，也都身背重压，刘健明渐想成为一个真正的好人，陈永仁则盼着尽快回归警察身份。\n重案组从陈永仁手中获悉一批毒品交易情报，锁紧目标人物韩琛，没料情报被刘健明泄出，双方行动均告失败。但此事将双方均有卧底的事实暴露，引发双方高层清除内鬼的决心。命运迥异又相似的刘健明和陈永仁开始在无间道的旅程中接受严峻考验。',21,9.1,517317,'香港电影史上永不过时的杰作。','https://movie.douban.com/subject/1307914/','https://img3.doubanio.com/view/photo/s_ratio_poster/public/p2233971046.jpg'),(22,'触不可及 Intouchables','法国',2011,'奥利维埃·纳卡什, 埃里克·托莱达诺','弗朗索瓦·克鲁塞, 奥玛·希, 安娜·勒尼, 奥德雷·弗勒罗, 托马·索利韦尔','2011-11-02(法国)','112分钟','因为一次跳伞事故，白人富翁菲利普Philippe（弗朗索瓦·克鲁塞 Fran?ois Cluzet 饰）瘫痪在床，欲招聘一名全职陪护。由于薪酬高，应聘者云集，个个舌灿莲花，却无法打动他的心。直到黑人德希斯Driss（奥玛·赛 Omar Sy 饰）的出现才让他作出决定。德希斯刚从监狱出来，背负家庭重担，一心只想寻张辞退信以申领救济金，而且他明显对女助理的兴趣要远大于这份工作。但是菲利普还是一眼相中了这个小伙子。于是，德希斯开始了一个月的试用期。虽然舒适的豪宅环境让他倍感虚荣，但是他仍面临很多挑战：不仅要为菲利普作身体复健，还得给他洗浴、灌肠、拆信、穿丝袜等。起初，两人的思维方式与价值观大相径庭，但是，随着了解的不断深入，他们成为了朋友……\n本片取材于真实事件，获2011年东京电影节最佳影片金麒麟奖，弗朗索瓦·克鲁塞与奥玛·赛分享影帝桂冠。',22,9.2,454047,'满满温情的高雅喜剧。','https://movie.douban.com/subject/6786002/','https://img3.doubanio.com/view/photo/s_ratio_poster/public/p1454261925.jpg'),(23,'当幸福来敲门 The Pursuit of Happyness','美国',2006,'加布里埃莱·穆奇诺','威尔·史密斯, 贾登·史密斯, 坦迪·牛顿, 布莱恩·豪威 , 詹姆斯·凯伦, 丹·卡斯泰兰尼塔, 柯特·富勒, 塔卡尤·费舍尔, 凯文·韦斯特, 乔治·张, 戴维·迈克尔·西尔弗曼, 多米尼克·博夫, 杰弗·卡伦, 乔伊芙·拉文, 斯科特·克拉斯','2008-01-17(中国大陆), 2006-12-15(美国)','117分钟','克里斯?加纳（威尔·史密斯 Will Smith 饰）用尽全部积蓄买下了高科技治疗仪，到处向医院推销，可是价格高昂，接受的人不多。就算他多努力都无法提供一个良好的生活环境给妻儿，妻子（桑迪·牛顿 Thandie Newton 饰）最终选择离开家。从此他带着儿子克里斯托夫（贾登·史密斯 Jaden Smith 饰）相依为命。克里斯好不容易争取回来一个股票投资公司实习的机会，就算没有报酬，成功机会只有百分之五，他仍努力奋斗，儿子是他的力量。他看尽白眼，与儿子躲在地铁站里的公共厕所里，住在教堂的收容所里…… 他坚信，幸福明天就会来临。',23,9.0,675780,'平民励志片。 ','https://movie.douban.com/subject/1849031/','https://img3.doubanio.com/view/photo/s_ratio_poster/public/p1312700744.jpg'),(24,'乱世佳人 Gone with the Wind','美国',1939,'维克多·弗莱明, 乔治·库克, 山姆·伍德','费雯·丽, 克拉克·盖博, 奥利维娅·德哈维兰, 托马斯·米切尔, 芭芭拉·欧内尔, 伊夫林·凯耶斯, 安·卢瑟福德, 乔治·里弗斯, 弗莱德·克莱恩, 海蒂·麦克丹尼尔斯, 奥斯卡·波尔克, 巴特弗莱·麦昆, 维克托·乔里, 埃弗雷特·布朗, 霍华德·C·希克曼, 艾丽西亚·瑞特, 莱斯利·霍华德, 兰德·布鲁克斯, 卡洛尔·奈, 劳拉·霍普·克鲁斯, 埃迪·安德森, 哈里·达文波特, 利昂娜·罗伯特, 简·达威尔, 欧娜·满森, 保罗·赫斯特, 伊莎贝尔·朱尔, 卡米·金·肯伦, 艾瑞克·林登, J·M·克里根, 沃德·邦德, 莉莲·肯布尔-库珀','1939-12-15(亚特兰大首映), 1940-01-17(美国)','238分钟','美国南北战争前夕，南方农场塔拉庄园的千金斯嘉丽（费雯·丽 Vivien Leigh 饰）爱上了另一个农场主的儿子艾希礼（莱斯利·霍华德 Leslie Howard 饰），遭到了拒绝，为了报复，她嫁给了自己不爱的男人，艾希礼妻子梅兰（奥利维娅·德哈维兰 Olivia de Havilland 饰）的弟弟查尔斯。\n战争期间，斯嘉丽成为寡妇，失去母亲，挑起生活的重担， 不再是当初的千金小姐；战争结束后，她又两度为人妻，嫁给了爱她多年的投机商人瑞德（克拉克·盖博 Clark Gable 饰）。\n然而，纵使经历了生活的艰苦，斯嘉丽对艾希礼的感情仍然没有改变。艾希礼妻子梅兰的去世，给了斯嘉丽一个机会，一边是深爱自己的丈夫瑞德，一边是心心念念多年的艾希礼？斯嘉丽会给自己怎样一个不一样的明天？',24,9.2,325451,'Tomorrow is another day.','https://movie.douban.com/subject/1300267/','https://img3.doubanio.com/view/photo/s_ratio_poster/public/p1963126880.jpg'),(25,'怦然心动 Flipped','美国',2010,'罗伯·莱纳','玛德琳·卡罗尔, 卡兰·麦克奥利菲, 瑞贝卡·德·莫妮, 安东尼·爱德华兹, 约翰·马奥尼, 佩内洛普·安·米勒, 艾丹·奎因, 凯文·韦斯曼, 摩根·莉莉, 瑞安·克茨纳, 吉莉安·普法夫, 阿什莉·泰勒, 伊瑟尔·布罗萨德, 科迪·霍恩, 迈克尔·博尔顿, 肖恩·哈珀, 斯戴芬妮·斯考特, 帕特丽夏·伦茨, 马修·戈尔德, 阿罗拉·凯瑟琳·史密斯, 凯莉·唐纳利, 索菲亚·撒高, 米歇尔·梅斯默, 迈克尔·博萨, 博·勒纳, 杰奎琳·埃沃拉, 泰勒·格鲁秀斯, 艾莉·布莱恩特','2010-07-26(好莱坞首映), 2010-09-10(美国)','90分钟','布莱斯（卡兰?麦克奥利菲 Callan McAuliffe 饰）全家搬到小镇，邻家女孩朱丽（玛德琳?卡罗尔 Madeline Carroll 饰）前来帮忙。她对他一见钟情，心愿是获得他的吻。两人是同班同学，她一直想方设法接近他，但是他避之不及。她喜欢爬在高高的梧桐树上看风景。但因为施工，树被要被砍掉，她誓死捍卫，希望他并肩作战，但是他退缩了。她的事迹上了报纸，外公对她颇有好感，令他十分困惑。她凭借鸡下蛋的项目获得了科技展第一名，成了全场焦点，令他黯然失色。她把自家鸡蛋送给他，他听家人怀疑她家鸡蛋不卫生，便偷偷把鸡蛋丢掉。她得知真相，很伤心，两人关系跌入冰点。她跟家人诉说，引发争吵。原来父亲一直攒钱照顾傻弟弟，所以生活拮据。她理解了父母，自己动手，还得到了他外公的鼎力相助。他向她道歉，但是并未解决问题。他开始关注她。鸡蛋风波未平，家庭晚宴与午餐男孩评选...',25,9.0,724911,'真正的幸福是来自内心深处。','https://movie.douban.com/subject/3319755/','https://img3.doubanio.com/view/photo/s_ratio_poster/public/p663036666.jpg'),(26,'疯狂动物城 Zootopia','美国',2016,'拜伦·霍华德, 瑞奇·摩尔, 杰拉德·布什','金妮弗·古德温, 杰森·贝特曼, 伊德里斯·艾尔巴, 珍妮·斯蕾特, 内特·托伦斯, 邦尼·亨特, 唐·雷克, 汤米·钟, J·K·西蒙斯, 奥克塔维亚·斯宾瑟, 艾伦·图代克, 夏奇拉, 雷蒙德·S·佩尔西, 德拉·萨巴, 莫里斯·拉马奇, 菲尔·约翰斯顿, 约翰·迪·玛吉欧, 凯蒂·洛斯, 吉塔·雷迪, 杰西·科尔蒂, 汤米·利斯特, 乔希·达拉斯, 瑞奇·摩尔, 凯斯·索西, 彼得·曼斯布里奇, 拜伦·霍华德, 杰拉德·布什, 马克·史密斯, 乔西·特立尼达, 约翰·拉维尔, 克里斯汀·贝尔, 吉尔·科德斯, 梅利莎·古德温','2016-03-04(中国大陆/美国)','109分钟(中国大陆)','故事发生在一个所有哺乳类动物和谐共存的美好世界中，兔子朱迪（金妮弗·古德温 Ginnifer Goodwin 配音）从小就梦想着能够成为一名惩恶扬善的刑警，凭借着智慧和努力，朱迪成功的从警校中毕业进入了疯狂动物城警察局，殊不知这里是大型肉食类动物的领地，作为第一只，也是唯一的小型食草类动物，朱迪会遇到怎样的故事呢？\n近日里，城中接连发生动物失踪案件，就在全部警员都致力于调查案件真相之时，朱迪却被局长（伊德瑞斯·艾尔巴 Idris Elba 配音）发配成为了一名无足轻重的交警。某日，正在执勤的兔子遇见了名为尼克（杰森·贝特曼 Jason Bateman 配音）的狐狸，两人不打不相识，之后又误打误撞的接受了寻找失踪的水獭先生的任务，如果不能在两天之内找到水獭先生，朱迪就必须自愿离开警局。朱迪找到了尼克，两人联手揭露了一个隐藏在疯狂动物城之中的惊天秘密。',26,9.1,683927,'迪士尼给我们营造的乌托邦就是这样，永远善良勇敢，永远出乎意料。','https://movie.douban.com/subject/25662329/','https://img1.doubanio.com/view/photo/s_ratio_poster/public/p2315672647.jpg'),(27,'天堂电影院 Nuovo Cinema Paradiso','意大利 法国',1988,'朱塞佩·托纳多雷','安东内拉·阿蒂利, 恩佐·卡拉瓦勒, 艾萨·丹尼埃利, 里奥·故罗塔, 马克·莱昂纳蒂, 普佩拉·玛奇奥, 阿格妮丝·那诺, 莱奥波多·特里耶斯泰, 萨瓦特利·卡西欧, 塔诺·希玛罗萨, 尼古拉·迪·平托, 罗伯塔·蕾娜, 尼诺·戴罗佐, 雅克·贝汉, 布丽吉特·佛西, 菲利普·努瓦雷','1988-11-17(意大利)','155分钟','意大利南部小镇，古灵精怪的小男孩多多（萨瓦特利·卡西欧 饰）喜欢看电影，更喜欢看放映师艾佛特（菲利浦·诺瓦雷 饰）放电影，他和艾佛特成为了忘年之交，在胶片中找到了童年生活的乐趣。\n好心的艾佛特为了让更多的观众看到电影，搞了一次露天电影，结果胶片着火了，多多把艾弗达从火海 中救了出来，但艾弗达双目失明。多多成了小镇唯一会放电影的人，他接替艾佛特成了小镇的电影放映师。\n多多（马克·莱昂纳蒂 饰）渐渐长大，他爱上了银行家的女儿艾莲娜（阿格妮丝·那诺 Agnese Nano 饰）。初恋的纯洁情愫美如天堂，但是一对小情侣的海誓山盟被艾莲娜父亲的阻挠给隔断了，多多去服兵役，而艾莲娜去念大学。伤心的多多在艾佛特的鼓励下，离开小镇，追寻自己生命中的梦想……\n30年后，艾佛特去世，此时的多多已经是功成名就的导演，他回到了家乡，看到残破的天堂电影院，追忆往昔，唏嘘不已。...',27,9.1,358975,'那些吻戏，那些青春，都在影院的黑暗里被泪水冲刷得无比清晰。','https://movie.douban.com/subject/1291828/','https://img3.doubanio.com/view/photo/s_ratio_poster/public/p1910901025.jpg'),(28,'蝙蝠侠：黑暗骑士 The Dark Knight','美国 英国',2008,'克里斯托弗·诺兰','克里斯蒂安·贝尔, 希斯·莱杰, 艾伦·艾克哈特, 迈克尔·凯恩, 玛吉·吉伦哈尔, 加里·奥德曼, 摩根·弗里曼, 莫尼克·加布里埃拉·库尔内, 罗恩·迪恩, 基里安·墨菲, 黄经汉, 内斯特·卡博内尔, 埃里克·罗伯茨, 里特奇·科斯特, 安东尼·迈克尔·豪尔, 基斯·斯扎拉巴基克, 柯林·麦克法兰, 约书亚·哈尔托, 美琳达·麦格劳, 内森·甘宝, 迈克尔·维约, 迈克尔·斯托扬诺夫, 威廉·斯米利, 丹尼·高德林, 迈克尔·加·怀特, 马修·奥尼尔, 威廉·菲德内尔, 欧鲁米基·欧拉乌米, 格雷格·比姆, 爱利克·赫尔曼, 毕崔斯·罗森, 文森佐·尼克力, 陈冠希','2008-07-14(纽约首映), 2008-07-18(美国)','152分钟','从亲眼目睹父母被人杀死的阴影中走出来的“蝙蝠侠”，经历了成长之后，已经不再是那个桀骜不的孤单英雄了。在警官吉姆·戈登和检查官哈维·登特的通力帮助下，“蝙蝠侠”无后顾之忧地继续满世界的奔波，与日益增长起来的犯罪威胁做着永无休止的争斗，而他所在的高谭市，也是进展最为明显的地方，犯罪率以一种惊人的速度持续下降着，毕竟对方是能够上天入地的“蝙蝠侠”，不借两个胆子谁还敢造次呢？不过像高谭这种科技与污秽并存的城市，平静是不可能维持太久的，果不其然，新一轮的混乱很快就席卷了整个城市，人们再一被被恐慌所笼罩着，而声称愿意为这一切负责的，自然就是所有混乱的源头以及支配者--“小丑”了。\n先不管“小丑”掀起一个又一个犯罪的狂潮的最终目的为何，他的企图都是邪恶的，所作所为更是早就危害到了高谭市民的正常生活……其中自然包括了“蝙蝠侠”身边几个非常重要的人，而他需要做的，就是...',28,9.1,416894,'无尽的黑暗。','https://movie.douban.com/subject/1851857/','https://img3.doubanio.com/view/photo/s_ratio_poster/public/p462657443.jpg'),(29,'活着','中国大陆 香港',1994,'张艺谋','葛优, 巩俐, 姜武, 牛犇, 郭涛, 张璐, 倪大红, 肖聪, 董飞, 刘天池, 董立范, 黄宗洛, 刘燕瑾, 李连义, 杨同顺','1994-05-17(戛纳电影节), 1994-06-30(香港)','132分钟','根据余华同名小说改编。\n富少福贵（葛优）嗜赌成性，妻子家珍（巩俐）屡劝无果后带着女儿凤霞离开了他，当夜，福贵输光所有家产气死父亲，被迫靠变卖母亲首饰租间破屋过活。一年后，家珍手拉凤霞怀抱刚出世的儿子有庆回到家中，福贵痛改前非，开始靠演皮影戏过起安份守己的日子。\n但好景不常，内战时期，福贵被国民党抓去当劳工，一番辗转终回到家乡与一家人团圆后，凤霞因病变成哑巴，而在后来的大跃进运动和文化大革命中，他虽获某些小福，逆境却也一直与他如影相随。',29,9.1,345213,'张艺谋最好的电影。','https://movie.douban.com/subject/1292365/','https://img3.doubanio.com/view/photo/s_ratio_poster/public/p2513253791.jpg'),(30,'十二怒汉 12 Angry Men','美国',1957,'西德尼·吕美特','亨利·方达, 马丁·鲍尔萨姆, 约翰·菲德勒, 李·科布, E.G.马绍尔, 杰克·克卢格曼 , 爱德华·宾斯, 杰克·瓦尔登, 约瑟夫·史威尼, 埃德·贝格利, 乔治·沃斯科维奇, 罗伯特·韦伯','1957-04-13(美国)','96 分钟','一个在贫民窟长大的18岁少年因为涉嫌杀害自己的父亲被告上法庭，证人言之凿凿，各方面的证据都对他极为不利。十二个不同职业的人组成了这个案件的陪审团，他们要在休息室达成一致的意见，裁定少年是否有罪，如果罪名成立，少年将会被判处死刑。\n十二个陪审团成员各有不同，除了8号陪审员（H enry Fonda 饰）之外，其他人对这个犯罪事实如此清晰的案子不屑一顾，还没有开始讨论就认定了少年有罪。8号陪审员提出了自己的“合理疑点”，耐心地说服其他的陪审员，在这个过程中，他们每个人不同的人生观也在冲突和较量……',30,9.4,208673,'1957年的理想主义。 ','https://movie.douban.com/subject/1293182/','https://img3.doubanio.com/view/photo/s_ratio_poster/public/p2173577632.jpg'),(31,'鬼子来了','中国大陆',2000,'姜文','姜文, 香川照之, 袁丁, 姜宏波, 丛志军, 喜子, 泽田谦也, 李海滨, 蔡卫东, 陈述, 陈莲梅, 史健全, 陈强, 宫路佳具, 吴大维, 梶冈润一, 石山雄大, 述平, 姜武','2000-05-12(戛纳电影节), 2002-04-27(日本)','139分钟','抗日战争末期，河北某偏僻乡村挂甲台的老实村民马大三（姜文 饰）迎来棘手难题：某人将分别装有日本鬼子花屋小三郎（香川照之 饰）和汉奸翻译董汉臣的麻袋扔给他，声称不日来取，却迟迟不见其来。厚道的马大三一边将两人当亲爹娘侍奉，一边同村人商议计策，最后决定将两人处死，但终因“天 意”不了了之。\n巧舌如簧的董汉臣为自救，设法令挂甲台村民与花屋小三郎签署合约，称将花屋安全送到日方宪兵队后，村民可得到几大车粮食。马大三与众村民兴高采烈赶到宪兵队，将俘虏交由日方，然而日方并无“以其礼还其礼”的教养。',31,9.2,289705,'对敌人的仁慈，就是对自己残忍。','https://movie.douban.com/subject/1291858/','https://img3.doubanio.com/view/photo/s_ratio_poster/public/p1181775734.jpg'),(32,'少年派的奇幻漂流 Life of Pi','美国 台湾 英国 加拿大',2012,'李安','苏拉·沙玛, 伊尔凡·可汗, 拉菲·斯波, 阿迪勒·侯赛因, 塔布, 阿尤什·坦东, 加塔姆·贝鲁尔, 阿彦·汗, 穆德·阿巴斯·卡勒里, 维比什·希瓦库玛, 热拉尔·德帕迪约, 詹姆斯·塞托, 俊·奈托, 安德里亚·迪·斯戴法诺, 沙拉万提·塞纳特, 王柏杰, 柯一正, 黄健玮','2012-11-22(中国大陆), 2012-09-28(纽约电影节), 2012-11-21(美国)','127分钟','故事开始于蒙特娄，也结束于蒙特娄。一名在找寻灵感的作家（拉菲·斯波 Rafe Spall 饰）无意间得知派·帕帖尔（伊尔凡·可汗 Irrfan Khan 饰）的传奇故事。派的父亲（阿迪勒·侯赛因 Adil Hussain 饰）开了一家动物园。因这样特殊的生活环境，少年派（苏拉·沙玛 Suraj Sharma 饰 ）对信仰与人的本性自有一套看法。在派17岁那一年，他的父母决定举家移民加拿大以追求更好的生活，而他也必须离开他的初恋情人。在前往加拿大的船上，他们遇见一位残忍成性的法国厨师（杰拉尔·德帕迪约 Gérard Depardieu 饰）。当天深夜在茫茫大海中，原本令派感到刺激无比的暴风雨一瞬间就成了吞噬货船的大灾难。派却奇迹般地活了下来，搭着救生船在太平洋上漂流，而且有一名最令人意想不到的同伴——理查德·帕克，一只孟加拉老虎。神奇的冒险旅程就这样意...',32,9.0,700251,'瑰丽壮观、无人能及的冒险之旅。','https://movie.douban.com/subject/1929463/','https://img3.doubanio.com/view/photo/s_ratio_poster/public/p1784592701.jpg'),(33,'指环王3：王者无敌 The Lord of the Rings: The Return of the King','美国 新西兰',2003,'彼得·杰克逊','维果·莫腾森, 伊莱贾·伍德, 西恩·奥斯汀, 丽芙·泰勒, 伊恩·麦克莱恩, 奥兰多·布鲁姆, 凯特·布兰切特, 米兰达·奥图, 安迪·瑟金斯, 雨果·维文, 多米尼克·莫纳汉, 比利·博伊德, 马尔顿·索克斯, 卡尔·厄本, 克里斯托弗·李, 约翰·瑞斯-戴维斯','2004-03-12(中国大陆), 2003-12-17(美国)','201分钟','魔幻战争逐渐进入高潮阶段。霍比特人弗拉多（伊利亚·伍德 Elijah Wood 饰）携带着魔戒，与伙伴山姆（Sean Astin 饰）以及狡猾阴暗的咕噜等前往末日山，一路上艰难险阻不断，魔君索伦为阻止魔戒被销毁用尽全力阻挠。另一方面，白袍巫师甘道夫（伊安·麦克莱恩 Ian McKellen 饰）率中土勇士们镇守刚铎首都——白城米那斯提里斯。魔兽大军压境，黑暗与光明的决战即将来临……\n本片是“指环王三部曲”的终结篇，根据英国作家J.R.R.托尔金（J.R.R. Tolkien）同名魔幻巨著《指环王》（The Lord of the Rings）改编，并荣获2004年第76届奥斯卡最佳影片、最佳导演、最佳改编剧本、最佳剪辑、最佳艺术指导、最佳服装设计、最佳化妆、最佳视觉效果、最佳音效、最佳配乐和最佳歌曲等11项大奖。',33,9.1,346006,'史诗的终章。','https://movie.douban.com/subject/1291552/','https://img3.doubanio.com/view/photo/s_ratio_poster/public/p1910825503.jpg'),(34,'搏击俱乐部 Fight Club','美国 德国',1999,'大卫·芬奇','爱德华·诺顿, 布拉德·皮特, 海伦娜·伯翰·卡特, 扎克·格雷尼尔, 米特·洛夫, 杰瑞德·莱托, 艾恩·贝利, 里奇蒙德·阿奎特 , 乔治·马奎尔','1999-09-10(威尼斯电影节), 1999-10-15(美国)','139 分钟','杰克（爱德华?诺顿 饰）是一个大汽车公司的职员，患有严重的失眠症，对周围的一切充满危机和憎恨。\n一个偶然的机会，杰克遇上了卖肥皂的商人泰勒（布拉德?皮特），一个浑身充满叛逆、残酷和暴烈的痞子英雄，并因为自己公寓失火而住进了泰勒破旧不堪的家中。两人因缘际会地成为了好朋友，并创立了“搏击俱乐部”：一个让人们不戴护具而徒手搏击，宗旨在于发泄情绪的地下组织。\n俱乐部吸引了越来越多的人，逐渐发展成为一个全国性的地下组织，而泰勒也以自己个人的魅力，吸引着那些盲目的信徒。俱乐部的成员们到处滋事打架、大肆破坏，泰勒本人的行为也越来越疯狂。\n杰克对于“搏击俱乐部”的现况及泰勒的行为越来越无法忍受，和泰勒发生争执，泰勒离开了他。然而，杰克发现，他走到何处都无法摆脱泰勒的影子，他开始思考：我到底是谁？',34,9.0,462070,'邪恶与平庸蛰伏于同一个母体，在特定的时间互相对峙。','https://movie.douban.com/subject/1292000/','https://img1.doubanio.com/view/photo/s_ratio_poster/public/p1910926158.jpg'),(35,'天空之城 天空の城ラピュタ','日本',1986,'宫崎骏','田中真弓, 横泽启子, 初井言荣, 寺田农, 常田富士男, 永井一郎, 糸博, 鹫尾真知子, 神山卓三, 安原义人, 槐柳二, 鳕子','1992(中国大陆), 1986-08-02(日本)','125分钟','古老帝国拉比达是一座漂浮在空中的巨大的机器岛，传说那里已经无人居住，蕴藏着巨大的财富。因此，无论军方还是海盗，都在找寻着这座传说中的飞行岛。\n矿工帕克这天偶遇拉达比继承人希达，两人一见如故。因为希达身上有找寻拉比达帝国的重要物件飞行石，军方和海盗两帮人马都在追杀希达。帕克带着希达一起逃亡，最终都没有逃出军方的手中，希达被军队掳走了。\n为救朋友，帕克只能选择与海盗合作。帕克与海盗成功救出了希达，同时，他们也发现了军方的邪恶计划。为了阻止军方邪恶计划的实施，他们和海盗一起踏上了寻找拉比达之旅。',35,9.0,403247,'对天空的追逐，永不停止。 ','https://movie.douban.com/subject/1291583/','https://img1.doubanio.com/view/photo/s_ratio_poster/public/p1446261379.jpg'),(36,'控方证人 Witness for the Prosecution','美国',1957,'比利·怀德','泰隆·鲍华, 玛琳·黛德丽, 查尔斯·劳顿, 爱尔莎·兰切斯特, 约翰·威廉姆斯, 亨利·丹尼尔, 伊安·沃尔夫, 托林·撒切尔, 诺玛·威登','1957-12-17(美国)','116分钟','伦敦著名刑案辩护律师韦菲爵士（查尔斯?劳顿 Charles Laughton 饰）接受了心脏病治疗，但是身体依旧虚弱，第一天回家休养，护士一直严厉监督他服药，并杜绝烟酒。管家为了便于上楼，还专门为他修了电梯。但是，种种关心照顾，对于这位桀骜不驯、牙尖嘴利的大律师根本不起作用，反倒是一纸诉状令他倍感兴奋。律师梅休和当事人沃尔（泰隆?鲍华 Tyrone Power饰）登门拜访，请他出山打官司。原来，沃尔结识了富婆，两人相见甚欢，虽然仆人对他发明的打蛋器充满鄙夷，但是富婆却对他充满爱意，甚至为他修改了遗嘱，把8万英镑留给了他。然而，富婆却惨遭毒手。于是，沃尔成为警方的头号嫌疑犯。他的唯一证人是妻子克里斯汀（玛琳?黛德丽 Marlene Dietrich饰），然而后者登门时的冷漠与淡定，令韦菲爵士怀疑这其中另有隐情。在扑朔迷离的案件背后，隐藏着一个个环环相扣...',36,9.6,136372,'比利·怀德满分作品。','https://movie.douban.com/subject/1296141/','https://img1.doubanio.com/view/photo/s_ratio_poster/public/p1505392928.jpg'),(37,'飞屋环游记 Up','美国',2009,'彼特·道格特, 鲍勃·彼德森','爱德华·阿斯纳, 克里斯托弗·普卢默, 乔丹·长井, 鲍勃·彼德森, 戴尔里·林多, 杰罗姆·兰福特, 约翰·拉岑贝格, 大卫·卡耶, 艾丽·道克特, 杰里米·利里, 米凯·麦高万, 丹尼·曼恩, 唐纳德·富利洛夫, 杰斯·哈梅尔, 乔什·库雷, 彼特·道格特','2009-08-04(中国大陆), 2009-05-13(戛纳电影节), 2009-05-29(美国)','96分钟','小男孩卡尔（Carl Fredricksen）怀揣着对于冒险的热爱偶遇假小子艾丽（Ellie），而艾丽把整个屋子当成一艘大飞船游戏居然使他对这个女孩子有些着迷，相同的爱好最终使两个人成为了一生的爱侣。\n他们有一个梦想，那就是有朝一日要去南美洲的“仙境瀑布”探险，但直到艾丽去世，这个梦想也未能实现。终于有一天，曾经专卖气球的老人卡尔居然用五颜六色的气球拽着他的房子飞上了天空，他决定要去实现他们未曾实现的梦想。令卡尔始料不及的是，门廊居然搭上了一个自称是“荒野开拓者”的小男孩小罗（Russell），小罗的喋喋不休让卡尔对这个小胖墩格外讨厌。\n一老一少在飞行中经过了千难万险终于看到了传说中的“仙境瀑布”，在相处过程中卡尔发现小罗其实是个惹人怜爱的孩子。在步行穿越一座森林时，他们遇到了不会飞的大鸟凯文（Kevin）和一只会说话的狗狗逗逗（Dug），让老人惊讶...',37,8.9,614070,'最后那些最无聊的事情，才是最值得怀念的。 ','https://movie.douban.com/subject/2129039/','https://img3.doubanio.com/view/photo/s_ratio_poster/public/p2364094053.jpg'),(38,'大话西游之月光宝盒 西遊記第壹佰零壹回之月光寶盒','香港 中国大陆',1995,'刘镇伟','周星驰, 吴孟达, 罗家英, 蓝洁瑛, 莫文蔚, 江约诚, 陆树铭, 刘镇伟, 朱茵, 李健仁','2014-10-24(中国大陆), 1995-01-21(香港)','87分钟','孙悟空（周星驰）护送唐三藏（罗家英）去西天取经路上，与牛魔王合谋欲杀害唐三藏，并偷走了月光宝盒，此举使观音萌生将其铲除心思，经唐三藏请求，孙悟空被判五百年后重新投胎做人赎其罪孽。\n五百年后孙悟空化身强盗头头至尊宝。当遇见预谋吃唐僧肉的妖怪姐妹蜘蛛精春三十娘（蓝洁瑛）和白骨精白晶晶（莫文蔚）时，因为五百年前孙悟空曾与白晶晶有过一段恋情，至尊宝与她一见钟情，但因菩提老祖将二人妖怪身份相告，至尊宝仍带领众强盗开始与二妖展开周旋，过程中，白晶晶为救至尊宝打伤春三十娘，自己也中毒受伤，为了救白晶晶，至尊宝去找春三十娘，遭白晶晶误会，绝望自杀，至尊宝开始用月光宝盒以期使时光倒流。',38,8.9,509265,'旷古烁今。','https://movie.douban.com/subject/1299398/','https://img3.doubanio.com/view/photo/s_ratio_poster/public/p1280323646.jpg'),(39,'罗马假日 Roman Holiday','美国',1953,'威廉·惠勒','奥黛丽·赫本, 格利高里·派克, 埃迪·艾伯特, 哈特利·鲍尔, 哈考特·威廉姆斯','1953-09-02(美国)','118 分钟','欧洲某国的安妮公主（奥黛丽·赫本 Audrey Hepburn 饰）到访罗马，国务烦身，但她又厌倦繁文缛节。一天晚上，身心俱疲的她偷偷来到民间欣赏夜景，巧遇报社记者乔（格里高利·派克 Gregory Peck 饰）。二人把手同游，相当快乐。公主更是到乔的家中作客并在那过夜。\n不料乔无意中发现了公主的真实身份，他决定炮制一个独家新闻，于是乔和朋友、摄影师欧文（埃迪·艾伯特 Eddie Albert 饰）一起带公主同游罗马，并且偷拍了公主的很多生活照。然而，在接下来与公主的相处中，乔不知不觉恋上了公主。为了保护公主的形象，乔只能忍痛抛弃功成名就的良机，将照片送予了公主。\n安妮公主在经历了罗马一日假期后，反而体验了自己对国家的责任，毅然返回了大使馆，为了本身的责任而果断抛弃了爱情。',39,9.0,467078,'爱情哪怕只有一天。','https://movie.douban.com/subject/1293839/','https://img3.doubanio.com/view/photo/s_ratio_poster/public/p2189265085.jpg'),(40,'窃听风暴 Das Leben der Anderen','德国',2006,'弗洛里安·亨克尔·冯·多纳斯马尔克','乌尔里希·穆埃, 马蒂娜·格德克, 塞巴斯蒂安·科赫, 乌尔里希·图库尔, 托马斯·蒂梅','2006-03-23(德国)','137分钟','1984年的东德，整个社会笼罩在国家安全局的高压统治之下，特工魏斯曼（乌尔利希·穆厄 饰）奉命监听剧作家德莱曼（塞巴斯蒂安·寇治 饰）及其女友演员克里斯蒂娜（玛蒂娜·杰蒂克 饰）的生活，监听过程中，魏斯曼渐渐对这家人的生活产生了兴趣，开始暗中帮助他们。一篇刊登在西德《明 镜》报上的文章引起了特工头目的注意，他们认为这篇文章是德莱曼写的，并逮捕了克里斯蒂娜，希望能够从她口中得出她丈夫的秘密？而审问克里斯蒂娜的正是魏斯曼……',40,9.1,275199,'别样人生。','https://movie.douban.com/subject/1900841/','https://img1.doubanio.com/view/photo/s_ratio_poster/public/p1808872109.jpg'),(41,'两杆大烟枪 Lock, Stock and Two Smoking Barrels','英国',1998,'盖·里奇','杰森·弗莱明, 德克斯特·弗莱彻, 尼克·莫兰, 杰森·斯坦森, 斯蒂文·麦金托什, 斯汀, 维尼·琼斯','1998-08-28(英国)','107分钟','艾迪（尼克·莫伦）思维敏捷，是个玩牌高手。在三个好友的支持下，艾迪携巨资参加了黑社会的高额赌局，不想落入圈套，欠下50万的赌债。为了还清赌债，艾迪和朋友们绞尽脑汁，最终算计到一群毒贩身上，并为打劫购买了两杆老式烟枪。\n不想这群不安分的毒贩，正惦念着他们毒品供应商的钱，并在同一天实施了打劫。在毒贩们费尽周折，把毒品供应商熨的整整齐齐的钱款拿到手后，艾迪他们幸运的坐享其成。可是他们不知道，这看似简单的抢劫案背后，更有厉害的角色参与其中。他们手里的两杆破烟枪也隐藏着不少故事。\n在无知与莽撞中置身漩涡的他们能侥幸脱身么？笑料迭出的偶发事件里，穿插着小人物与大人物的辛酸幽默。',41,9.1,317625,'4个臭皮匠顶个诸葛亮，盖·里奇果然不是盖的。','https://movie.douban.com/subject/1293350/','https://img1.doubanio.com/view/photo/s_ratio_poster/public/p792443418.jpg'),(42,'摔跤吧！爸爸 Dangal','印度',2016,'涅提·蒂瓦里','阿米尔·汗, 法缇玛·萨那·纱卡, 桑亚·玛荷塔, 阿帕尔夏克提·库拉那, 沙克希·坦沃, 塞伊拉·沃西, 苏哈妮·巴特纳格尔, 里特维克·萨霍里, 吉里什·库卡尼','2017-05-05(中国大陆), 2016-12-23(印度)','161分钟(印度)','马哈维亚（阿米尔·汗 Aamir Khan 饰）曾经是一名前途无量的摔跤运动员，在放弃了职业生涯后，他最大的遗憾就是没有能够替国家赢得金牌。马哈维亚将这份希望寄托在了尚未出生的儿子身上，哪知道妻子接连给他生了两个女儿，取名吉塔（法缇玛·萨那·纱卡 Fatima Sana Shaikh 饰）和巴比塔（桑亚·玛荷塔 Sanya Malhotra 饰）。让马哈维亚没有想到的是，两个姑娘展现出了杰出的摔跤天赋，让他幡然醒悟，就算是女孩，也能够昂首挺胸的站在比赛场上，为了国家和她们自己赢得荣誉。\n就这样，在马哈维亚的指导下，吉塔和巴比塔开始了艰苦的训练，两人进步神速，很快就因为在比赛中连连获胜而成为了当地的名人。为了获得更多的机会，吉塔进入了国家体育学院学习，在那里，她将面对更大的诱惑和更多的选择。',42,9.1,609470,'你不是在为你一个人战斗，你要让千千万万的女性看到女生并不是只能相夫教子。','https://movie.douban.com/subject/26387939/','https://img3.doubanio.com/view/photo/s_ratio_poster/public/p2457983084.jpg'),(43,'飞越疯人院 One Flew Over the Cuckoo\'s Nest','美国',1975,'米洛斯·福尔曼','杰克·尼科尔森, 丹尼·德维托, 克里斯托弗·洛伊德, 路易丝·弗莱彻, 威尔·萨姆森, 特德·马克兰德, 布拉德·道里夫, 斯加特曼·克罗索斯, 迈克尔·贝里曼, 彼得·布罗科, 穆瓦科·卡姆布卡, 威廉·达尔, 乔西普·艾利克, 西德尼·拉斯克, 凯·李, 德怀特·马费尔德, 路易莎·莫里茨, 威廉·雷德菲尔德, 菲利普·罗斯, 米米·萨奇席恩, 文森特·斯卡维利, 米斯·斯马尔, 德罗斯·V·史密斯','1975-11-21(美国)','133分钟','麦克墨菲（杰克·尼科尔森 Jack Nicholson 饰）为了逃避监狱里的强制劳动，装作精神异常，被送进了精神病院，他的到来，给死气沉沉的精神病院带来了剧烈的冲击。\n麦克要求看棒球比赛的电视转播，挑战了医院严格的管理制度，受到护士长瑞秋（路易丝·弗莱彻 Louise Fletcher 饰）的百般阻挠；麦克带领病人出海捕鱼，振奋了 他们的精神，却让院方头痛不已。院方为了惩处麦克胆大妄为、屡犯院规，决定将他永远留在疯人院。生性自由的麦克再也无法忍受疯人院的生活，他联合病友，高大的印第安人“酋长”，开始自己的计划：飞越疯人院。\n本片获1975年第48届奥斯卡最佳影片，最佳男、女主角，最佳导演和最佳改编剧本五项大奖。主人公“不自由毋宁死”的精神在当今社会仍有很大的现实意义。',43,9.0,321185,'自由万岁。','https://movie.douban.com/subject/1292224/','https://img1.doubanio.com/view/photo/s_ratio_poster/public/p792238287.jpg'),(44,'闻香识女人 Scent of a Woman','美国',1992,'马丁·布莱斯特','阿尔·帕西诺, 克里斯·奥唐纳, 詹姆斯·瑞布霍恩, 加布里埃尔·安瓦尔, 菲利普·塞默·霍夫曼, Richard Venture, 布莱德利·惠特福德, Rochelle Oliver, Margaret Eginton, Tom Riis Farrell, Nicholas Sadler, 托德·路易斯, Matt Smith, 吉恩·坎菲尔德, 弗兰西丝·康罗伊','1992-12-23(美国)','157 分钟','查理（克里斯?奥唐纳 Chris O\'Donnell  饰）是一个普通的中学生，他因为见证着一件恶作剧但又不想出卖朋友，于是面临着一道艰难的选择题——要么坦白，要么被学校勒退。而史法兰（阿尔?帕西诺 Al Pacino  饰）是一个退伍军官，因为意外失明，人生从顶点的辉煌滑落谷底。\n\",\n自从两人的人生有了交集，命运的转折慢慢清晰。史法兰打算结束失去了意义的生活，于是在查理的陪伴下，尽情享受着人生最后一趟出行。他吃最美味的佳肴，买光鲜的汽车，在狭窄的街道上飚车，住在豪华的套房里，跟随陌生女子的袅袅香水味，跳一段优雅性感的探戈……极乐的疯狂后，他拿枪对准了自己的头颅。然而，查理声嘶力竭的劝阻改变了一切，曙光亦渐渐在这个老人心中重新升起，二人情深如父子。\n史法兰在学校礼堂激昂演说，挽救了查理的前途，讽刺了学校的伪善。二人在互相鼓舞中得到重生。',44,9.0,395317,'史上最美的探戈。','https://movie.douban.com/subject/1298624/','https://img1.doubanio.com/view/photo/s_ratio_poster/public/p925123037.jpg'),(45,'哈尔的移动城堡 ハウルの動く城','日本',2004,'宫崎骏','倍赏千惠子, 木村拓哉, 美轮明宏, 我修院达也, 神木隆之介, 伊崎充则, 大泉洋, 大塚明夫, 原田大二郎, 加藤治子, 都筑香弥子','2004-09-05(威尼斯电影节), 2004-11-20(日本)','119分钟','继母因无力负担生活，将苏菲和她的两个妹妹都送到了制帽店去当学徒。两个妹妹很快先后就离开了制帽店去追寻各自的梦想，只有苏菲坚持了下来。一天，小镇旁边来了一座移动堡垒，传说堡垒的主人哈尔专吸取年青姑娘的灵魂，所以小镇的姑娘都不敢靠近。\n一个恶毒的巫婆为了报复苏菲与哈尔见面，用巫术把她变成了一个80岁的老太婆，而且苏菲还不能对别人说出自己身中的巫术。无奈，苏菲决定独自一人逃离小镇。天黑了，虚弱的苏菲没走多远，来到了移动城堡。心想自己已经是老太婆了，苏菲壮着胆子走进了城堡。不想，遇到了和她遭遇相同的火焰魔。两人约定彼此帮助对方打破各自的咒语……',45,8.9,435189,'带着心爱的人在天空飞翔。','https://movie.douban.com/subject/1308807/','https://img3.doubanio.com/view/photo/s_ratio_poster/public/p2174346180.jpg'),(46,'辩护人 ???','韩国',2013,'杨宇硕','宋康昊, 吴达洙, 金英爱, 郭度沅, 任时完','2013-12-18(韩国)','127分钟','1978年，只有高中学历的宋佑硕（宋康昊 饰）通过多年的艰苦努力，终于通过司法考试，并在成为法官后很快转行成为一名律师。他敏锐地从最新政策中嗅到商机，以不动产代书业务起家。虽然被同行讥讽为随时随地派发名片的夜店小弟，但佑硕不以为忤，一步一步朝着心中的目标迈进。他依靠赚来的钱让妻儿过上富足的生活，也还了七年前在饭店大婶那里欠下的良心债。进入20世纪80年代，韩国民主化斗争愈演愈烈。佑硕全然不管窗外事，关起门来继续赚钱。然而社会的巨变已经不容他置身事外，饭店大婶的儿子朴镇宇因从属的釜山读书联合会被控为左翼社团而遭到逮捕，更受到残酷的虐待和不公的指控。\n虽然爱钱却更重感情的佑硕，就这样走上了为民主辩护的道路……',46,9.2,271810,'电影的现实意义大过电影本身。','https://movie.douban.com/subject/21937445/','https://img3.doubanio.com/view/photo/s_ratio_poster/public/p2158166535.jpg'),(47,'死亡诗社 Dead Poets Society','美国',1989,'彼得·威尔','罗宾·威廉姆斯, 罗伯特·肖恩·莱纳德, 伊桑·霍克, 乔西·查尔斯, 盖尔·汉森, 迪伦·库斯曼, 阿勒隆·鲁杰罗, 詹姆斯·沃特斯顿, 诺曼·劳埃德, 柯特伍德·史密斯, 卡拉·贝尔韦尔, 利昂·波纳尔, 乔治·马丁, 乔·奥菲耶里, 马特·凯里','1989-06-02(多伦多首映), 1989-06-09(美国)','128 分钟','威尔顿预备学院以其沉稳凝重的教学风格和较高的升学率闻名，作为其毕业班的学生，理想就是升入名校。新学期文学老师约翰·基汀（罗宾·威廉姆斯 饰）的到来如同一阵春风，一反传统名校的严肃刻板。\n基汀带学生们在校史楼内聆听死亡的声音，反思生的意义 ；让男生们在绿茵场上宣读自己的理想；鼓励学生站在课桌上，用新的视角俯瞰世界。老师自由发散式的哲学思维让学生内心产生强烈的共鸣，他们渐渐学会自己思考与求索，勇敢的追问人生的路途，甚至违反门禁，成立死亡诗社，在山洞里击节而歌！\n基汀教授、基汀老师、基汀队长，他的教育宛若春风化雨，润物无声的留在每个人心里…',47,9.0,339858,'当一个死水般的体制内出现一个活跃的变数时，所有的腐臭都站在了光明的对面。','https://movie.douban.com/subject/1291548/','https://img3.doubanio.com/view/photo/s_ratio_poster/public/p1910824340.jpg'),(48,'V字仇杀队 V for Vendetta','美国 英国 德国',2005,'詹姆斯·麦克特格','娜塔莉·波特曼, 雨果·维文, 斯蒂芬·瑞, 斯蒂芬·弗雷, 约翰·赫特, 蒂姆·皮戈特-史密斯, 鲁珀特·格雷夫斯, 罗杰·阿拉姆, 本·迈尔斯, 西妮德·库萨克, 娜塔莎·怀特曼, 约翰·斯坦丁, 埃迪·马森, 克里夫·阿什伯恩, Emma Field-Rayner, 伊安·布尔费尔德, Mark Phoenix, Alister Mazzotti, 比莉·库克, 盖伊·亨利, 科斯马·肖, Megan Gay, Roderic Culver, Tara Hacking, 安迪·莱什利兹, 查德·斯塔赫斯基, 布拉德利·斯蒂夫·福特, Madeleine Rakic-Platt, 塞丽娜·贾尔斯, 卡斯腾·海斯, 伊莫琴·普茨, 劳拉·格林伍德, Kyra Meyer, 玛丽·萧克莱 , 理查德·莱恩, Michael Simkins','2005-12-11(BNAT电影节), 2006-03-17(美国)','132分钟','未来的英国社会处于极权统治的高压下，不能容许同性恋者、异教徒等社会角色的存在，人民在黑暗政权下苟延残喘。\n这晚，年轻女子艾薇（娜塔丽·波特曼 Natalie Portman饰）身陷险境，幸得V（雨果·维文 Hugo Weaving饰）相助。V是一个永远带着面具的神秘男子，拥有高智商和超凡战斗力。V继承了前革命英雄的使命，为了推翻荒唐极权的统治阶层，他成立了神秘的地下组织，摧毁了伦敦的标志性建筑，点燃了反政府的熊熊烈火。\n艾薇和V深入接触，不仅得知了V的神秘使命，还渐渐发现原来自己的身世，注定了自己和V是同一条阵线的人。',48,8.8,512835,'一张面具背后的理想与革命。','https://movie.douban.com/subject/1309046/','https://img3.doubanio.com/view/photo/s_ratio_poster/public/p1465235231.jpg'),(49,'海豚湾 The Cove','美国',2009,'路易·西霍尤斯','John Chisholm, Mandy-Rae Cruikshank, Charles Hambleton, Simon Hutchins, Kirk Krack, 伊莎贝尔·卢卡斯\', \"Richard O\'Barry\", \'海顿·潘妮蒂尔, 路易·西霍尤斯','2009-07-31(美国)','92分钟','日本和歌山县太地，是一个景色优美的小渔村，然而这里却常年上演着惨无人道的一幕。每年，数以万计的海豚经过这片海域，他们的旅程却在太地戛然而止。渔民们将海豚驱赶到靠近岸边的一个地方，来自世界各地的海豚训练师挑选合适的对象，剩下的大批海豚则被渔民毫无理由地赶尽杀绝。这些屠杀，这些罪行，因为种种利益而被政府和相关组织所隐瞒。\n理查德?贝瑞（Richard O’Barry）年轻时曾是一名海豚训练师，他所参与拍摄电影《海豚的故事》备受欢迎。但是，一头海豚的死让理查德的心灵受到强烈的震撼。从此，他致力于拯救海豚的活动。不顾当地政府和村民百般阻挠，他和他的摄影团队想方设法潜入太地的海豚屠杀场，只为将罪行公之于众，拯救人类可爱的朋友……\n本片荣获2010年第82届奥斯卡金像奖最佳纪录长片奖。',49,9.3,211007,'海豚的微笑，是世界上最高明的伪装。','https://movie.douban.com/subject/3442220/','https://img3.doubanio.com/view/photo/s_ratio_poster/public/p455222172.jpg'),(50,'教父2 The Godfather: Part Ⅱ','美国',1974,'弗朗西斯·福特·科波拉','阿尔·帕西诺, 罗伯特·杜瓦尔, 黛安·基顿, 罗伯特·德尼罗, 约翰·凯泽尔, 塔莉娅·夏尔, 李·斯特拉斯伯格, 迈克尔·V·格佐, G·D·斯普拉德林, 理查德·布赖特, 加斯通·莫辛, 汤姆·罗斯奎, 布鲁诺·柯比, 弗兰克·西维罗, 弗朗西丝卡·德·萨维奥','1974-12-12(纽约首映), 1974-12-20(美国)','202分钟','影片主要讲述第二代教父麦克·柯里昂（阿尔·帕西诺 饰）的奋斗历程，同时回忆了第一代教父维多·柯里昂（罗伯特·德尼罗 饰）创业的艰辛，反映了不同历史时期，两代教父的事业、家庭生活。\n麦克为儿子托尼举行圣餐仪式和庆祝活动的当夜，麦克在家中遭到袭击，凶手被人灭口，面临接管家族事业以来的重重危机，麦克回忆起了父亲维多·柯里昂年轻时在美国的创业历程。\n麦克一边调查袭击的真相，一边继续开展赌博、酒店等生意，和另一个黑帮人物海门罗斯斗智斗勇，不断扩大势力。\n终于，麦克的不法行为引起了政府的关注，麦克受到一系列的指控；同时，麦克的家庭也遇到了危机，夫妻感情濒临破裂；而最让麦克痛心的，却是家族中，亲人的背叛。和第一代教父其乐融融的家庭生活比起来，麦克无疑很失败。\n麦克怎么样面对事业、家庭的双重危机？为什么两代教父会有截然不同的家庭生活？让我们自己在影片中寻找答案。',50,9.1,230237,'优雅的孤独。','https://movie.douban.com/subject/1299131/','https://img1.doubanio.com/view/photo/s_ratio_poster/public/p2194138787.jpg'),(51,'指环王2：双塔奇兵 The Lord of the Rings: The Two Towers','美国 新西兰',2002,'彼得·杰克逊','伊莱贾·伍德, 西恩·奥斯汀, 伊恩·麦克莱恩, 维果·莫腾森, 奥兰多·布鲁姆, 克里斯托弗·李, 丽芙·泰勒, 安迪·瑟金斯, 雨果·维文, 卡尔·厄本, 凯特·布兰切特, 多米尼克·莫纳汉, 大卫·文翰, 比利·博伊德, 布拉德·道里夫, 伯纳德·希尔, 约翰·瑞斯-戴维斯, 米兰达·奥图','2003-04-25(中国大陆), 2002-12-05(纽约首映), 2002-12-18(美国)','179分钟','第二部在延续第一部风格的同时，故事呈现出多线发展的格局，情节有了更高的观赏性。\n第一部结尾，博罗米尔被强兽人杀死之后，两个哈比族人皮平和梅利也被强兽人绑架，阿拉贡、精灵莱戈拉斯（奥兰多?布鲁姆 饰）、侏儒金利一路追踪强兽人，营救皮平和梅利，遇到了“复活”的白袍巫师甘道夫（伊恩?麦凯伦 饰）。此时，投降索伦的白袍巫师萨鲁曼控制了人类洛汉王国的国王，并派出大量的强兽人军队，准备消灭人类。阿拉贡、莱戈拉斯和金利在甘道夫的带领下，帮助洛汉王国对抗邪恶力量的入侵。\n幸运的皮平和梅利被会说话的树精救了出来，并且遇到“复活”的甘道夫，在甘道夫的授意下，树精保护了两人的安全，并且带他们参加树精大会，大会上，树精们讨论对待中土大战的态度：是继续当中立者，逆来顺受，还是奋起反抗？\n身负重任的佛罗多(伊莱贾?伍德 饰)和山姆继续向末日山脉前进，一路上被咕噜跟踪，弗罗多依靠...',51,9.0,324495,'承前启后的史诗篇章。','https://movie.douban.com/subject/1291572/','https://img3.doubanio.com/view/photo/s_ratio_poster/public/p909265336.jpg'),(52,'指环王1：魔戒再现 The Lord of the Rings: The Fellowship of the Ring','新西兰 美国',2001,'彼得·杰克逊','伊莱贾·伍德, 西恩·奥斯汀, 伊恩·麦克莱恩, 维果·莫腾森, 奥兰多·布鲁姆, 凯特·布兰切特, 肖恩·宾, 克里斯托弗·李, 雨果·维文, 丽芙·泰勒, 安迪·瑟金斯, 伊安·霍姆, 多米尼克·莫纳汉, 萨拉·贝克, 约翰·瑞斯-戴维斯','2002-04-04(中国大陆), 2001-12-19(美国)','178分钟','比尔博?巴金斯是100多岁的哈比人，住在故乡夏尔，生性喜欢冒险，在年轻时的一次探险经历中，他从怪物咕噜手中得到了至尊魔戒，这枚戒指是黑暗魔君索伦打造的至尊魔戒，拥有奴役世界的邪恶力量，能够统领其他几枚力量之戒，在3000年前的人类联盟和半兽人大军的战役中，联盟取得了胜利，并得到了至尊魔戒，数千年的辗转后，魔戒落到咕噜手中，被比尔博碰巧得到。\n因为和魔戒的朝夕相处，比尔博的心性也受到了影响，在他111岁的生日宴会上，他决定把一切都留给侄子佛罗多(伊莱贾?伍德 饰)，继续冒险。\n比尔博的好朋友灰袍巫师甘道夫（伊恩?麦凯伦 饰）知道至尊魔戒的秘密，同时，黑暗魔君索伦已经知道他的魔戒落在哈比族的手中。索伦正在重新建造要塞巴拉多，集结无数的半兽人，准备以大军 夺取魔戒，并且征服全世界。\n甘道夫说服佛罗多将魔戒护送到精灵王国瑞文希尔，佛罗多在好朋友山姆、皮平和梅...',52,8.9,363416,'传说的开始。','https://movie.douban.com/subject/1291571/','https://img3.doubanio.com/view/photo/s_ratio_poster/public/p1354436051.jpg'),(53,'美丽心灵 A Beautiful Mind','美国',2001,'朗·霍华德','罗素·克劳, 艾德·哈里斯, 詹妮弗·康纳利, 克里斯托弗·普卢默, 保罗·贝坦尼, 亚当·戈德堡, 乔什·卢卡斯, 安东尼·拉普, 贾森·加里-斯坦福德, 贾德·赫希, 奥斯汀·潘德尔顿, 薇薇·卡登尼, 坦娅·克拉克','2001-12-13(加州首映), 2002-01-04(美国)','135 分钟','本片是关于20世纪伟大数学家小约翰?福布斯-纳什的人物传记片。\n小约翰?福布斯-纳什（拉塞尔?克劳）在念研究生时，便发表了著名的博弈理论，该理论虽只有短短26页，却在经济、军事等领域产生了深远的影响。但就在小约翰?福布斯-纳什蜚声国际时，他的出众直觉因为精神分裂症受到困扰，然而这并没阻止他向学术上的最高层进军的步伐，在深爱他的妻子艾丽西亚（珍妮弗?康纳利）的鼓励和帮助下，他走得虽然艰缓，却始终没有停步，而最终，凭借十几年的不懈努力和顽强意志，他如愿以偿。',53,8.9,362558,'爱是一切逻辑和原由。','https://movie.douban.com/subject/1306029/','https://img3.doubanio.com/view/photo/s_ratio_poster/public/p1665997400.jpg'),(54,'饮食男女 飲食男女','台湾 美国',1994,'李安','郎雄, 杨贵媚, 吴倩莲, 王渝文, 张艾嘉, 归亚蕾, 赵文瑄, 陈昭荣, 陈捷文, 卢金城, 唐语谦, 洪其德, 王瑞, 杜满生, 王玨, 陈妤, 左正芬, 许敬民, 聂卓晶, 丁仲','1994-08-03(美国)','124分钟','台湾中国菜硕果仅存的大师老朱（郎雄）退休后，渐尝老年生活的诸多尴尬：每周日费心做出的一桌丰盛菜肴，并无将三个女儿（杨贵媚、吴倩莲、王渝文）齐齐拉到饭桌的吸引力，已经长大成人的她们，心里藏了许多比陪父亲吃饭更重要的事；多年老友的突然离世，令他在友情这块也有了缺口；而对厨师来讲最重要的味觉的丧失，则将其彻底推到人生的低谷。\n三个女儿虽各忙各事，却也操心着老朱的晚年生活，计划着为其找个老伴，但她们没料到老朱早已悄无声息地谈起了“黄昏恋”。吃惊过后，老朱最看重的继承了他做菜天赋的二女儿家倩因为自身的生活经历，对父亲、她与父亲的关系有了新的认识，而对老朱来讲更大的惊喜，还在后面。',54,9.1,248656,'人生不能像做菜，把所有的料都准备好了才下锅。','https://movie.douban.com/subject/1291818/','https://img3.doubanio.com/view/photo/s_ratio_poster/public/p1910899751.jpg'),(55,'情书 Love Letter','日本',1995,'岩井俊二','中山美穗, 丰川悦司, 酒井美纪, 柏原崇, 范文雀, 篠原胜之, 铃木庆一, 田口智朗, 加贺麻理子, 光石研, 铃木兰兰, 盐见三省, 中村久美, 梅田凡乃, 长田江身子 , 小栗香织, 神户浩, 酒井敏也, 山口诗史, 山崎一, 德井优, 武藤寿美','1999-03(中国大陆), 1995-03-25(日本)','117分钟','日本神户某个飘雪的冬日，渡边博子（中山美穗）在前未婚夫藤井树的三周年祭日上又一次悲痛到不能自已。正因为无法抑制住对已逝恋人的思念，渡边博子在其中学同学录里发现“藤井树” 在小樽市读书时的地址时，依循着寄发了一封本以为是发往天国的情书。\n不想不久渡边博子竟然收到署名为“藤井树（中山美穗）”的回信，经过进一步了解，她知晓此藤井树是一个同她年纪相仿的女孩，且还是男友藤井树（柏原崇）少年时代的同班同学。为了多了解一些昔日恋人在中学时代的情况，渡边博子开始与女性藤井树书信往来。而藤井树在不断的回忆中，渐渐发现少年时代与她同名同姓的那个藤井树曾对自己藏了一腔柔情。',55,8.8,443712,'暗恋的极致。','https://movie.douban.com/subject/1292220/','https://img1.doubanio.com/view/photo/s_ratio_poster/public/p449897379.jpg'),(56,'素媛 ??','韩国',2013,'李濬益','薛耿求, 严志媛, 李来, 金海淑, 金相浩, 罗美兰, 杨真诚','2013-10-02(韩国)','123分钟','她（李来 饰）是一个美丽平凡的小女孩，和爸爸妈妈生活在位于街角的家中。家里经营着以她的名字素媛命名的杂货店，母亲（严智媛 饰）作为老板娘日夜忙碌不得闲暇，父亲则在工厂干着繁重的工作。在那个飘雨的早上，素媛打着雨伞独自上学。在离学校近在咫尺的地方，她遭遇一个相貌猥琐、酒气冲天的大叔，由此开启了她的悲剧之旅。柔嫩的小花遭到暴风雨无情摧残，受伤的岂止枝枝叶叶，更是那迎着阳光无忧成长的心。无良媒体铺天盖地大肆渲染，作为受害者的素媛一家仿佛成了周身污秽的耻辱之人，被四周诧异好奇的目光所包围。\n妈妈悲痛欲绝，几近崩溃。爸爸全力保护女儿，但受伤的小天使却拒绝爸爸的靠近。问凶之路伴随着天使的治愈旅程，美丽的女孩可会再露灿烂笑容？',56,9.1,232967,'受过伤害的人总是笑得最开心，因为他们不愿意让身边的人承受一样的痛苦。','https://movie.douban.com/subject/21937452/','https://img3.doubanio.com/view/photo/s_ratio_poster/public/p2118532944.jpg'),(57,'狮子王 The Lion King','美国',1994,'罗杰·阿勒斯, 罗伯·明可夫','乔纳森·泰勒·托马斯, 马修·布罗德里克, 杰瑞米·艾恩斯, 詹姆斯·厄尔·琼斯, 莫伊拉·凯利, 内森·连恩, 尼基塔·卡兰姆, 厄尼·萨贝拉, 乌比·戈德堡, 罗温·艾金森','1995-07-15(中国大陆), 1994-06-15(美国), 2011-09-16(美国)','89 分钟','辛巴是狮子王国的小王子，他的父亲穆法沙是一个威严的国王。然而叔叔刀疤却对穆法沙的王位觊觎已久。\n要想坐上王位宝座，刀疤必须除去小王子。于是，刀疤利用种种借口让辛巴外出，然后伺机大开杀戒，无奈被穆法沙即时来救。在反复的算计下，穆法沙惨死在刀疤手下，刀疤别有用心的劝辛巴离开，一方面派人将他赶尽杀绝。\n辛巴逃亡中遇到了机智的丁满和善良的彭彭，他们抚养辛巴长成雄壮的大狮子，鼓励他回去森林复国。在接下来一场复国救民的斗争中，辛巴真正长成一个坚强的男子汉，领会了责任的真谛。',57,8.9,340865,'动物版《哈姆雷特》。','https://movie.douban.com/subject/1301753/','https://img1.doubanio.com/view/photo/s_ratio_poster/public/p726659067.jpg'),(58,'美国往事 Once Upon a Time in America','意大利 美国',1984,'赛尔乔·莱翁内','罗伯特·德尼罗, 詹姆斯·伍兹, 伊丽莎白·麦戈文, 乔·佩西, 波特·杨, 塔斯黛·韦尔德, 特里特·威廉斯, 丹尼·爱罗, 理查德·布赖特, 詹姆斯·海登, 威廉·弗西斯, 达兰妮·弗鲁格, 拉里·拉普, 理查德·弗让吉, 罗伯特·哈珀, 詹妮弗·康纳利','1984-02-17(波士顿首映), 1984-09-28(意大利)','229分钟(导演剪辑版)','二十年代的美国，纽约少年“面条”（罗伯特?德尼罗 饰）和几个同龄朋友一起认识了聪明狡黠的“麦大”（詹姆斯 ? 伍兹 饰），他们开始从事走私活动。不久，面条在一场械斗中杀伤人命，被关进监牢。\n若干年后，“面条”出狱，当时的小伙伴们已经变成了健壮的青年人，在“麦大”的带领下，他们开始了一系列抢劫、盗窃、敲诈活动。随着犯罪活动的不断深入，“麦大”似乎被胜利冲昏了头脑，竟然把美国联邦储备银行也列入了行动目标。“面条”不忍眼看好友走向毁灭，偷偷打电话报警，想逼迫“麦大”收手。警察与“面条”的朋友展开激烈枪战，“麦大”等人全部被杀。“面条”带着深深的悔恨和痛苦，离开纽约，回到年少时生长的地方。\n三十五年过去了，几近垂暮的“面条”重新回到纽约的伤心地，他遇见了少时的朋友和旧情人，而当年“麦大”他们的死，背后竟然包含着出乎意料的阴谋。',58,9.1,206953,'往事如烟，无处祭奠。','https://movie.douban.com/subject/1292262/','https://img1.doubanio.com/view/photo/s_ratio_poster/public/p477229647.jpg'),(59,'钢琴家 The Pianist','法国 德国 英国 波兰',2002,'罗曼·波兰斯基','艾德里安·布洛迪, 托马斯·克莱舒曼, 艾米莉娅·福克斯, 米哈乌·热布罗夫斯基, 埃德·斯托帕德, 穆琳·利普曼, 弗兰克·芬莱, 茱莉亚·蕾娜, 杰西卡·凯特·梅耶尔, 理查德·赖丁斯','2002-05-24(戛纳电影节), 2002-09-25(法国)','150分钟','史标曼（艾德里安?布洛迪 Adrien Brody 饰）是波兰一家电台的钢琴师。二战即将爆发之时，他们全家被迫被赶进华沙的犹太区。在战争的颠沛流离中，家人和亲戚最终被纳粹杀害，而标曼本人也受尽种种羞辱和折磨，他侥幸得到一位朋友的帮助，暂时有了藏身之处。战争愈加猛烈，朋友不得不抛下 他回老家寻得安全的住所养育儿女。此时史标曼恶病缠身，却还要在搜捕中逃亡。在废墟的阁楼上他遇见了一名德国军官，在军官的要求下他弹奏了钢琴曲。美妙的琴声令德国军官萌发了恻隐之心，他暗暗帮助标曼直到俄军对波兰的解放到来……\n影片根据波兰钢琴家瓦拉迪斯罗?斯皮曼(Wladyslaw Szpilman)的自传体小说《死亡城市》改编。',59,9.1,239218,'音乐能化解仇恨。','https://movie.douban.com/subject/1296736/','https://img3.doubanio.com/view/photo/s_ratio_poster/public/p792484461.jpg'),(60,'小鞋子 ?????? ?????','伊朗',1997,'马基德·马基迪','Amir Farrokh Hashemian, 默罕默德·阿米尔·纳吉, Bahare Seddiqi, Nafise Jafar-Mohammadi, Fereshte Sarabandi','1997-02(伊朗), 1999-01-22(美国)','89 分钟','家境贫寒的男孩Ali（Amir Farrokh Hashemian）帮妹妹Zahra（Bahare Seddiqi）取修补好的鞋子时，不慎将鞋子弄丢，为了不被父（Mohammad Amir Naji）、母（Fereshte Sarabandi ）责罚，他央求Zahra暂时保密，说两人可以替换着穿他的鞋子上学，并答应一定会帮她买双新鞋子。\nAli原本指望用他和父亲进城打工挣的钱帮Zahra买双新鞋，父亲的意外受伤打消了他的美梦。看到全市长跑比赛季军的奖品是一双运动鞋时，Ali决定参加比赛，但是他错过了报名日期。几经哀求，老师（Dariush Mokhtari ）破例让实力出众的Ali参加了比赛。比赛场上，Ali不断提醒自己，一定要得第三名！',60,9.2,171758,'奔跑的孩子是天使。','https://movie.douban.com/subject/1303021/','https://img3.doubanio.com/view/photo/s_ratio_poster/public/p2165511465.jpg'),(61,'七宗罪 Se7en','美国',1995,'大卫·芬奇','摩根·弗里曼, 布拉德·皮特, 凯文·史派西, 格温妮斯·帕特洛, 安德鲁·凯文·沃克, 约翰·卡西尼, 雷格·E·凯蒂, 李·厄米','1995-09-22(美国)','127分钟','“暴食”、“贪婪”、“懒惰”、“嫉妒”、“骄傲”、“淫欲”、“愤怒”，这是天主教教义所指的人性七宗罪。城市中发生的连坏杀人案，死者恰好都是犯有这些教义的人。凶手故弄玄虚的作案手法，令资深冷静的警员沙摩塞（摩根?弗里曼 Morgan Freeman 饰）和血气方刚的新扎警员米尔斯（布拉德?皮特 Brad Pitt 饰）都陷入了破案的谜团中。他们去图书馆研读但丁的《神曲》，企图从人间地狱的描绘中找到线索，最后从宗教文学哲学的世界中找到了凶手作案计划和手段的蛛丝马迹。凶手前来投案自首，这令众人都松了一口气，以为案件就此结束，怎料还是逃不出七宗罪的杀人逻辑，这次凶手瞄准的目标，是那个犯了“愤怒”罪的人……',61,8.8,502163,'警察抓小偷，老鼠玩死猫。','https://movie.douban.com/subject/1292223/','https://img3.doubanio.com/view/photo/s_ratio_poster/public/p457631605.jpg'),(62,'被嫌弃的松子的一生 嫌われ松子の一生','日本',2006,'中岛哲也','中谷美纪, 瑛太, 香川照之, 市川实日子, 伊势谷友介, 柄本明, 黑泽明日香, 荒川良良, 柴崎幸, 土屋安娜, 奥之矢佳奈, 谷原章介, 武田真治, 片平渚, 宫藤官九郎, 角野卓造, 田中要次, 木村凯拉, 谷中敦, 剧团一人','2006-05-27(日本)','130 分钟','有一天父亲（香川照之饰）突然来找阿笙（瑛太饰），告诉他有个素未谋面的姑姑死了，叫他去收拾下姑姑的房子。在河边的破烂小屋里，阿笙渐渐开始了解父亲口中的姑姑，到底有着怎样的一生。\n小时候的姑姑川尻松子（中谷美纪饰）经常做着白雪公主似的美梦，她后来成为一名安分的中学教师，却因百口莫辩的误会被辞退了，之后和一作家同居，作家却因为太爱她而选择自杀，死前留下遗言：生而为人对不起。这件事对松子打击极大；之后与该作家的事业敌人同居直至，又忍受不住去找对方妻子的诱惑，结果惨遭抛弃；又是当上浴室女郎，甚至还杀人入狱，然而不管有意无意，她从不放弃生活的希望。不管生活再怎样破碎，她仍然本能地生存下去，这生存本身，足以打动任何人，包括阿笙。',62,8.9,357614,'以戏谑来戏谑戏谑。','https://movie.douban.com/subject/1787291/','https://img1.doubanio.com/view/photo/s_ratio_poster/public/p453723669.jpg'),(63,'致命魔术 The Prestige','美国 英国',2006,'克里斯托弗·诺兰','休·杰克曼, 克里斯蒂安·贝尔, 迈克尔·凯恩, 丽贝卡·豪尔, 斯嘉丽·约翰逊, 大卫·鲍伊, 安迪·瑟金斯, 派珀·佩拉博, 萨曼塔·马霍林, 丹尼尔·戴维斯, 吉姆·皮多克, 克里斯托弗·尼姆, 马克·瑞安, 罗杰·里斯, 杰米·哈里斯, 罗恩·帕金斯, 瑞奇·杰, 安东尼·德·马克, 冀朝理','2006-10-20(美国)','130分钟','19世纪末，人们对科学文明还不是认识得太过清楚，于是，安吉尔（休?杰克曼Hugh Jackman饰）和伯登（克里斯蒂安?贝尔Christian Bale饰）的魔术，成为了伦敦城内的神奇人物。安吉尔出身贵族，魔术手段华丽丰富，是富人圈子里的表演常客。而伯登即使出身平平，争强好胜的心智和充满创造力的魔术技巧，却也令他有了名气。两人自小本是要好的伙伴，然而，现在魔术界二人各有领地，并且都有野心想成为音乐大厅里的顶级魔术师，一番明争暗斗如箭在弦上。\n伯登掌握了精彩的分身术，叫座又叫好。而安吉尔见情势不妙，搬来科学家助阵——他发明的交流电有无穷魔力，保证让观众目瞪口呆。二人出招接招，一来一往，争斗在剧烈升级，友谊和道德都被抛诸脑后，一场血案在悄悄酝酿。',63,8.8,408842,'孪生蝙蝠侠大战克隆金刚狼。','https://movie.douban.com/subject/1780330/','https://img3.doubanio.com/view/photo/s_ratio_poster/public/p480383375.jpg'),(64,'天使爱美丽 Le fabuleux destin d\'Amélie Poulain','法国 德国',2001,'让-皮埃尔·热内','奥黛丽·塔图, 马修·卡索维茨, 吕菲斯, 洛莱拉·克拉沃塔, 塞尔日·梅兰, 贾梅尔·杜布兹, 克洛蒂尔德·莫勒, 克莱尔·莫里耶, 伊莎贝尔·南蒂, 多米尼克·皮侬, 阿尔蒂斯·德·彭居埃恩, 友兰达·梦露, 于尔班·康塞利埃, 莫里斯·贝尼舒, 米歇尔·罗班, 安德烈·达芒, 克洛德·佩隆, 阿尔梅尔, 迪基·奥尔加多, Kevin Fernandes, 弗洛拉·吉耶, 阿莫里·巴博尔, 欧仁·贝蒂埃, 让·达里, 马克·阿米约','2001-04-25(法国), 2001-08-16(德国)','122分钟','艾米莉（奥黛丽·塔图 Audrey Tautou 饰）有着别人看来不幸的童年——父亲给她做健康检查时，发现她心跳过快，便断定她患上心脏病，从此艾米莉与学校绝缘。随后因为一桩意外，母亲在她眼前突然死去。这一切都毫不影响艾米莉对生活的豁达乐观。\n1997年，戴安娜王妃的去世让她倍感人生的孤独脆弱，艾米莉从此开始了一系列助人计划，包括自闭忧郁的邻居老人，被老板刻薄的菜摊伙计、遗失了童年器物的旧房东、爱情失意的咖啡店同事。但她万万想不到，成人录象带商店店员尼诺（马修·卡索维 Mathieu Kassovitz 饰），竟成为她的棘手对象，艾米莉开始了令人哭笑不得的另类计划……',64,8.7,559932,'法式小清新。 ','https://movie.douban.com/subject/1292215/','https://img3.doubanio.com/view/photo/s_ratio_poster/public/p803896904.jpg'),(65,'本杰明·巴顿奇事 The Curious Case of Benjamin Button','美国',2008,'大卫·芬奇','凯特·布兰切特, 布拉德·皮特, 朱莉娅·奥蒙德, 芳妮·A·钱勃丝, 伊莱亚斯·科泰斯, 杰森·弗莱明, 大卫·詹森, 蒂尔达·斯文顿, 艾丽·范宁, 乔安娜·塞勒, 乔什·斯图沃特, 丹尼·文森, 塔拉吉·P·汉森, 马赫沙拉·阿里, 菲奥娜·黑尔, 唐娜·杜普兰提尔, 兰斯·E·尼克尔斯, 特德·曼森, 克莱·卡伦, 菲利斯·萨莫维尔, 杰瑞德·哈里斯, 麦迪逊·贝蒂, 汤姆·埃沃雷特, 克里斯托弗·马克斯韦尔, 伊利亚·沃里克','2008-12-25(美国)','166分钟','飓风正在侵袭美国新奥尔良，一位病危的老妇睁开了她的睡眼。老妇名叫戴茜（凯特·布兰切特饰），她叫女儿凯若琳（朱莉娅?奥蒙德饰）为她阅读一本日记。这本日记的作者叫本杰明?巴顿（布拉德?皮特饰）。本杰明出生在第一次世界大战停战之时，但生来便像个老人的他被父亲当作怪物，被遗弃在了养老院。本杰明在养老院与老人们一起生活。但谁都没有想到，本杰明逆向发育——越活越年轻！也许“越活越年轻”是某些人的梦想，但真正这样成长的本杰明却有了别人无法理解的烦恼与快乐。穿越半世纪的世界变革，本杰明身处其中，感受别人感受不到的感受。\n为何母亲会让自己念这本日记？本杰明?巴顿此人与母亲有什么关系？凯若琳陷入了深深的疑惑与好奇之中。',65,8.8,464940,'在时间之河里感受溺水之苦。','https://movie.douban.com/subject/1485260/','https://img3.doubanio.com/view/photo/s_ratio_poster/public/p2192535722.jpg'),(66,'西西里的美丽传说 Malèna','意大利 美国',2000,'朱塞佩·托纳多雷','莫妮卡·贝鲁奇, 朱塞佩·苏尔法罗, Luciano Federico, Matilde Piana, 埃丽萨·莫鲁奇','2000-10-27(意大利)','109 分钟','当我还只是十三岁时，1941年春末的那一天，我初次见到了她那一天，墨索里尼向英法宣战，而我，得到了生命里的第一辆脚踏车。\n她，撩著波浪状黑亮的秀发，穿著最时髦的短裙和丝袜，踏著充满情欲诱惑的高跟鞋，来到了西西里岛上宁静的阳光小镇。她的一举一动都引人瞩目、勾人遐想，她的一颦一笑都教男人心醉、女人羡妒。玛莲娜，像个女神一般，征服了这个海滨的天堂乐园。\n年仅十三岁的雷纳多也不由自主地掉进了玛莲娜所掀起的漩涡之中，他不仅跟著其他年纪较大的青少年们一起骑著单车，穿梭在小镇的各个角落，搜寻著玛莲娜的诱人丰姿与万种风情，还悄悄地成为她不知情的小跟班，如影随形地跟监、窥视她的生活。她摇曳的倩影、她聆听的音乐、她贴身的衣物都成为这个被荷尔蒙淹没的少年，最真实、最美好的情欲幻想。\n然而，透过雷纳多的眼，我们也看到了玛莲娜掉进了越来越黑暗的处境之中，她变成了寡妇，而在镇民...',66,8.8,430070,'美丽无罪。','https://movie.douban.com/subject/1292402/','https://img3.doubanio.com/view/photo/s_ratio_poster/public/p792400696.jpg'),(67,'黑客帝国 The Matrix','美国 澳大利亚',1999,'莉莉·沃卓斯基, 拉娜·沃卓斯基','基努·里维斯, 凯瑞-安·莫斯, 劳伦斯·菲什伯恩, 雨果·维文, 格洛丽亚·福斯特, 乔·潘托里亚诺, 马库斯·钟, 朱利安·阿拉汗加, 马特·多兰','1999-03-31(美国)','136分钟','不久的将来，网络黑客尼奥（基奴李维斯 饰）对这个看似正常的现实世界产生了怀疑。他结识了黑客崔妮蒂（凯莉·安·摩丝 饰），并见到了黑客组织的首领墨菲斯（劳伦斯·菲什伯恩 饰）。墨菲斯告诉他，现实世界其实是由一个名叫“母体”的计算机人工智能系统控制，人们就像他们饲养的动物，没有自由和思想，而尼奥就是能够拯救人类的救世主。\n可是，救赎之路从来都不会一帆风顺，到底哪里才是真实的世界？如何才能打败那些超人一样的特勤？尼奥是不是人类的希望？这是黑客的帝国，程序和代码欢迎大家的到来。.',67,8.9,339943,'视觉革命。','https://movie.douban.com/subject/1291843/','https://img1.doubanio.com/view/photo/s_ratio_poster/public/p451926968.jpg'),(68,'音乐之声 The Sound of Music','美国',1965,'罗伯特·怀斯','朱莉·安德鲁斯, 克里斯托弗·普卢默, 埃琳诺·帕克, 理查德·海顿, 佩吉·伍德, 查尔敏·卡尔, 希瑟·孟席斯-尤里克, 尼古拉斯·哈蒙德, 杜安·蔡斯, 安吉拉·卡特怀特, 黛比·特纳, 基姆·卡拉思, 安娜·李, 波希娅·纳尔逊, 本·怀特, 丹尼尔·特鲁希特, 诺玛·威登, 吉尔克里斯特·斯图尔特, 马妮·尼克松, 埃瓦德妮·贝克, 多丽丝·劳埃德','1965-03-02(美国)','174分钟','玛利亚（朱丽·安德鲁斯  饰）是一个年轻活泼的修女，喜欢在大自然下高声歌唱，所以她常常忘记了修道院里的规矩。院长认为玛利亚并不属于规矩严格的修道院。院长与众嬷嬷商量后，决定安排玛利亚到一位名叫特拉普（克里斯托弗·普卢默 饰）上校家当家庭教师。\n上校的妻子去世多年，留下7个孩子，他要求对孩子严格管教。他告诉玛利亚在他家的家庭教师都做不长久，都是因为孩子的恶作剧。玛利亚果然也遭到了恶作剧，可是这位善良的老师并没有告诉他们的父亲，而是像个母亲一样照顾孩子，很快跟孩子打成一片。上校也渐渐在玛利亚的引导下改变了对孩子们的态度。上校与玛利亚之间发生了感情，他们完婚后回到了已被纳粹占领的奥地利，上校并不想为纳粹办事，一家人准备逃跑……',68,8.9,273682,'用音乐化解仇恨，让歌声串起美好。','https://movie.douban.com/subject/1294408/','https://img1.doubanio.com/view/photo/s_ratio_poster/public/p453788577.jpg'),(69,'让子弹飞','中国大陆 香港',2010,'姜文','姜文, 葛优, 周润发, 刘嘉玲, 陈坤, 张默, 姜武, 周韵, 廖凡, 姚橹, 邵兵, 苗圃, 冯小刚, 胡军, 马珂, 白冰, 杜奕衡, 李静, 胡明, 危笑, 杨奇雨, 赵铭','2010-12-16(中国大陆)','132分钟','民国年间，花钱捐得县长的马邦德（葛优 饰）携妻（刘嘉玲 饰）及随从走马上任。途经南国某地，遭劫匪张麻子（姜文 饰）一伙伏击，随从尽死，只夫妻二人侥幸活命。马为保命，谎称自己是县长的汤 师爷。为汤师爷许下的财富所动，张麻子摇身一变化身县长，带着手下赶赴鹅城上任。有道是天高皇帝远，鹅城地处偏僻，一方霸主黄四郎（周润发 饰）只手遮天，全然不将这个新来的县长放在眼里。张麻子痛打了黄的武教头（姜武 饰），黄则设计害死张的义子小六（张默 饰）。原本只想赚钱的马邦德，怎么也想不到竟会被卷入这场土匪和恶霸的角力之中。鹅城上空愁云密布，血雨腥风在所难免……\n本片根据马识途的小说《夜谭十记》中的《盗官记》一章改编。',69,8.7,755199,'你给我翻译翻译，神马叫做TMD的惊喜。','https://movie.douban.com/subject/3742360/','https://img1.doubanio.com/view/photo/s_ratio_poster/public/p1512562287.jpg'),(70,'拯救大兵瑞恩 Saving Private Ryan','美国',1998,'史蒂文·斯皮尔伯格','汤姆·汉克斯, 汤姆·塞兹摩尔, 爱德华·伯恩斯, 巴里·佩珀, 亚当·戈德堡, 范·迪塞尔, 吉奥瓦尼·瑞比西, 杰瑞米·戴维斯, 马特·达蒙, 特德·丹森, 保罗·吉亚玛提, 丹尼斯·法里纳, 马克斯·马蒂尼, 丹兰·布鲁诺, 安德鲁·斯科特','1998-07-24(美国)','169分钟','瑞恩（马特?达蒙 Matt Damon饰 ）是二战期间的美国伞兵，被困在了敌人后方。更不幸的是，他的三个兄弟全部在战争中死亡，如果他也遇难，家中的老母亲将无依无靠。\n美国作战总指挥部知道了这个情况，毅然决定组织一个小分队前往救援，其中包括米勒上尉（汤姆?汉克斯 Tom Hanks 饰 ）和翻译厄本（杰里米.戴维斯 Jererry Davies饰）。然而，敌方危险重重，他们一路上随时与死亡打交道。他们非常怀疑，到底值不值得冒着八个人的生命危险，去搭救一个人。\n大家一路辗转寻找瑞恩，对于这次搭救行动，有人不满，有人热忱，有人好奇。大家一次次闻到死神的气息，瑞恩的获救付出了沉重的代价。',70,8.9,290976,'美利坚精神输出大片No1.','https://movie.douban.com/subject/1292849/','https://img3.doubanio.com/view/photo/s_ratio_poster/public/p1014542496.jpg'),(71,'看不见的客人 Contratiempo','西班牙',2016,'奥里奥尔·保罗','马里奥·卡萨斯, 阿娜·瓦格纳, 何塞·科罗纳多, 巴巴拉·莱涅, 弗兰塞斯克·奥雷利亚, 帕科·图斯, 大卫·塞尔瓦斯, 伊尼戈·加斯特西, 圣·耶拉莫斯, 马内尔·杜维索, 布兰卡·马丁内斯, 佩雷·布拉索, 霍尔迪·布鲁内特, 鲍比·冈萨雷斯, 玛蒂娜·乌尔塔多','2017-09-15(中国大陆), 2016-09-23(奇幻电影节), 2017-01-06(西班牙)','106分钟','艾德里安（马里奥·卡萨斯 Mario Casas 饰）经营着一间科技公司，事业蒸蒸日上，家中有美丽贤惠的妻子和活泼可爱的女儿，事业家庭双丰收的他是旁人羡慕的对象。然而，野心勃勃的艾德里安并未珍惜眼前来之不易的生活，一直以来，他和一位名叫劳拉（芭芭拉·蓝妮 Bárbara Lennie 饰）的女摄影师保持着肉体关系。\n某日幽会过后，两人驱车离开别墅，却在路上发生了车祸，为了掩盖事件的真相，两人决定将在车祸中死去的青年丹尼尔联同他的车一起沉入湖底。之后，劳拉遇见了一位善良的老人，老人将劳拉坏掉的车拉回家中修理，然而，令劳拉没有想到的是，这位老人，竟然就是丹尼尔的父亲。',71,8.7,449580,'你以为你以为的就是你以为的。','https://movie.douban.com/subject/26580232/','https://img3.doubanio.com/view/photo/s_ratio_poster/public/p2498971355.jpg'),(72,'低俗小说 Pulp Fiction','美国',1994,'昆汀·塔伦蒂诺','约翰·特拉沃尔塔, 乌玛·瑟曼, 阿曼达·普拉莫, 蒂姆·罗斯, 塞缪尔·杰克逊, 菲尔·拉马, 布鲁斯·威利斯, 弗兰克·威利, 布尔·斯蒂尔斯, 文·瑞姆斯, 劳拉·拉芙蕾丝, 保罗·考尔德伦, 布罗娜·加拉赫, 罗姗娜·阿奎特, 埃里克·斯托尔兹, 玛丽亚·德·梅黛洛','1994-05-12(戛纳电影节), 1994-10-14(美国)','154分钟','《低俗小说》由“文森特和马沙的妻子”、“金表”、“邦妮的处境”三个故事以及影片首尾的序幕和尾声五个部分组成。看似独立的小故事里面，却又有环环相扣的人和事。\n盗贼“小南瓜”和“小兔子”在早餐店里打劫，却遇上了天大的麻烦——黑社会成员朱尔斯（塞缪尔?杰克逊Samuel L. Jackson饰）和文森特（约翰?特拉沃尔塔John Travolta饰）在店内用餐，可谓天外有天。二人是否会放过两名小盗贼？\n而文森特是黑社会大哥马沙?华莱士（文?瑞姆斯Ving Rhames饰）的手下，马沙下命令让他陪妻子一个晚上，明知如有雷池必死无疑，但面对马沙妻子美艳诱惑，文森特该怎么办。\n文森特的故事还没完，拳击手布奇（布鲁斯?威利斯Bruce Willis饰）的出现将令他的人生从此改变。布奇有一块祖传金表，就是因为这块金表，他和马沙分享了一个耻辱的秘密。\n故事环状结构，回...',72,8.8,399777,'故事的高级讲法。','https://movie.douban.com/subject/1291832/','https://img3.doubanio.com/view/photo/s_ratio_poster/public/p1910902213.jpg'),(73,'勇敢的心 Braveheart','美国',1995,'梅尔·吉布森','梅尔·吉布森, 苏菲·玛索, 布莱恩·考克斯, 詹姆斯·卡沙莫, 辛·劳洛, 凯瑟琳·麦克马克, 安古斯·麦克菲登','1995-05-18(西雅图电影节), 1995-05-24(美国)','177 分钟','威廉?华莱士童年时，其父、苏格兰民族英雄马索?华莱士在与英军的斗争中牺牲，他开始接受父亲好友的指导，学习苏格兰文化和武术。青年华莱士（梅尔?吉布森）学成回到故乡，向美丽的少女梅伦求婚，不想梅伦被英军抢去且遭杀害。在广大村民“英雄之后”的呼声中，华莱士率众揭竿起义，并与苏格兰贵族罗伯结成联盟，但不久他发现，苏格兰贵族考虑的只是自身的利益。\n英王为缓和局势，派伊莎贝拉（苏菲?玛索）前去和华莱士谈判，由于英王只想收买华莱士，根本不顾苏格兰人民的自由和平等，谈判失败，但这一切并不为伊莎贝拉所知。伊莎贝拉归国后发现事情真相，且知晓英王正策划阴招，忙送信给华莱士，而两人的爱情，也在战争与阴谋中悄然滋生。',73,8.8,336078,'史诗大片的典范。','https://movie.douban.com/subject/1294639/','https://img3.doubanio.com/view/photo/s_ratio_poster/public/p1374546770.jpg'),(74,'剪刀手爱德华 Edward Scissorhands','美国',1990,'蒂姆·波顿','约翰尼·德普, 薇诺娜·瑞德, 黛安·韦斯特, 安东尼·迈克尔·豪尔, 凯西·贝克, 罗伯特·奥利维里, 康查塔·费雷尔, 卡罗琳·阿隆, 迪克·安东尼·威廉姆斯, 澳澜·琼斯, 文森特·普莱斯, 艾伦·阿金, 苏珊·布洛马特, Linda Perri, 约翰·戴维森','1990-12-06(美国)','105 分钟','爱德华（约翰尼?戴普 饰）是一个机器人，他拥有人的心智，却有一双剪刀手，孤独地生活在古堡里，闯入古堡的化妆品推销员佩格把他带回家，让他走进了人类的世界。单纯的爱德华爱上了佩格的女儿金（薇诺娜?瑞德 饰），金也慢慢的被爱德华的善良所吸引。\n但是，一连串的意外事情让周围的人邻居对爱德华的态度从喜欢变成无法接受，爱德华痛苦地发现，他总是好心办坏事，连自己的爱人都不能拥抱，或许，他注定就不属于这个世界。',74,8.7,565696,'浪漫忧郁的成人童话。','https://movie.douban.com/subject/1292370/','https://img1.doubanio.com/view/photo/s_ratio_poster/public/p480956937.jpg'),(75,'末代皇帝 The Last Emperor','英国 意大利 中国大陆 法国 美国',1987,'贝纳尔多·贝托鲁奇','尊龙, 陈冲, 邬君梅, 彼得·奥图尔, 英若诚, 吴涛, 黄自强, 丹尼斯·邓恩, 坂本龙一, 马吉·汉, 里克·扬, 田川洋行, 苟杰德, 理查德·吴, 皱缇格, 陈凯歌, 卢燕, 亨利·欧, 陈述, 樊光耀, 鲍皓昕, 黄文捷, 邵茹贞, 亨利·基, 张良斌, 梁冬, 康斯坦丁·格雷戈里, 黄汉琪, 王涛, 宋怀桂, 蔡鸿翔, 程淑艳, 张天民','1987-10-04(东京国际电影节), 1987-10-23(意大利)','163分钟','溥仪（尊龙 饰）的一生在电影中娓娓道来。他从三岁起登基，年幼的眼光中只有大臣身上的一只蝈蝈，江山在他心中只是一个不明所以的名词。长大了，他以为可以变革，却被太监一把烧了朝廷账本。他以为是大清江山的主人，却做了日本人的傀儡。\n解放后，他坐上了从俄国回来的火车，身边是押送监视他的解放军。他猜测自己难逃一死，便躲在狭小的卫生间里，割脉自杀。然而他没有死在火车上，命运的嘲笑还在等着他。文革的风风雨雨，在他身上留下了斑斑伤痕。',75,9.0,223908,'“不要跟我比惨，我比你更惨”再适合这部电影不过了。','https://movie.douban.com/subject/1293172/','https://img3.doubanio.com/view/photo/s_ratio_poster/public/p452088641.jpg'),(76,'沉默的羔羊 The Silence of the Lambs','美国',1991,'乔纳森·戴米','朱迪·福斯特, 安东尼·霍普金斯, 斯科特·格伦, 安东尼·希尔德, 布鲁克·史密斯, 卡斯·莱蒙斯, 弗兰基·费森, 泰德·拉文, 崔西·沃特, 丹·巴特勒, 达拉','1991-02-14(美国)','118分钟','见习特工克拉丽斯（茱迪?福斯特 Jodie Foster 饰）所在的城市发生了一系列专剥女性皮的命案。克拉丽斯奉命前去访问被收监的精神有问题的精神病学家汉尼拔博士（安东尼?霍普金斯 Anthony Hopkins 饰），以获取罪犯犯罪心理资料。汉尼拔要求克拉丽斯说出个人经历供他分析以换取他的协助。克拉丽斯的思维完全不是博士的对手，临阵败走了。\n又一名女子被杀，一人被绑架。今次被绑架的是参议员的女儿，克拉丽斯只得再次找到汉尼拔，汉尼拔给了克拉丽斯一些提示，他们的提示被汉尼拔的医生听见，医生立功心切，对汉尼拔实行严刑逼供，但汉尼拔什么也没透露。\n克拉丽斯在汉尼拔的提示下，一步步向凶手逼近。',76,8.8,410892,'安东尼·霍普金斯的顶级表演。','https://movie.douban.com/subject/1293544/','https://img1.doubanio.com/view/photo/s_ratio_poster/public/p1593414327.jpg'),(77,'大闹天宫','中国大陆',1961,'万籁鸣, 唐澄','邱岳峰, 富润生, 毕克, 尚华, 于鼎, 李梓, 刘广宁','1961(中国大陆), 1964(中国大陆), 1978(中国大陆), 2004(中国大陆)','114分钟','话说在东土傲来国有一座花果山，山上有一尊石猴吸收日精月华化身为一只神猴（邱岳峰 音），统领着山中的猴子猴孙。为求得一件称心的宝贝，神猴孙大圣潜入龙宫，强硬求来大禹治水时的定海神针如意金箍棒。东海龙王（毕克 音）心有不甘，于是上天将此事诉诸玉帝（富润生 音）。玉皇大帝命令太白金星（尚华 音）下界招安，许以爵位。不知有诈的孙大圣欣然前往，却发现只是负责养马的弼马温。得知受骗的猴王反下天庭，与天兵天将在花果山展开大战……\n本片根据古典名著《西游记》中的故事改编，前后历时4年创作，并荣获1962年捷克斯洛伐克卡罗维发利国际电影节短片特别奖、1978年英国伦敦国际电影节年度杰出电影奖、1982年厄瓜多尔第四届国际儿童电影节三等奖、第二届中国电影“百花奖”最佳美术片奖。',77,9.3,130164,'经典之作，历久弥新。','https://movie.douban.com/subject/1418019/','https://img1.doubanio.com/view/photo/s_ratio_poster/public/p2184505167.jpg'),(78,'蝴蝶效应 The Butterfly Effect','美国 加拿大',2004,'埃里克·布雷斯, J·麦基·格鲁伯','阿什顿·库彻, 梅罗拉·沃特斯, 艾米·斯马特, 埃尔登·汉森, 威廉姆·李·斯科特, 约翰·帕特里克·阿梅多利, 艾琳·戈洛瓦娅, 凯文·G·施密特, 杰西·詹姆斯, 罗根·勒曼, 莎拉·威多斯, 杰克·凯斯, 卡梅隆·布莱特, 埃里克·斯托尔兹, 考乐姆·吉斯·雷尼','2004-01-23(美国)','113分钟','伊万（艾什顿·库奇 Ashton Kutcher 饰）曾经有一个糟糕的童年，因为他行为闯下了大祸，令他童年充满不堪回忆的往事。而事实上，他确实只是依稀记得一点可怕的情景，这些情景一直纠缠着他的正常生活。伊万接受心理学家建议，把琐碎生活记在记事本里，却偶然发现通过记事本回到过去。\n这时他才清楚记起，童年时候的自己做了那么多的错事。他幻想着用现在的意识，潜入童年的身体，去弥补种种过失给人们带来的伤害，尤其是希望与当年暗恋的凯西最终走回一起。然而他一次次的跨越时空的更改，只能越来越招致现实世界的不可救药。一切就像蝴蝶效应般，牵一发而动全身。',78,8.7,449247,'人的命运被自己瞬间的抉择改变。','https://movie.douban.com/subject/1292343/','https://img1.doubanio.com/view/photo/s_ratio_poster/public/p2209066019.jpg'),(79,'春光乍泄 春光乍洩','香港 日本 韩国',1997,'王家卫','张国荣, 梁朝伟, 张震','1997-05-17(戛纳电影节), 1997-05-30(香港)','96分钟','黎耀辉（梁朝伟）与何宝荣（张国荣）是一对同性恋人，为了有新的开始，他们怀着美丽的梦想（去看南美洲大瀑布）离开香港来到阿根廷，却在布宜诺斯艾利斯迷了路。黎耀辉想安下心来过日子，无奈何宝荣于夜夜笙歌中放纵着自己的生命，以期找寻更多的刺激，只当黎耀辉是他受伤后的港湾，两人分歧 、争吵越来越多，心的距离越来越远。\n黎耀辉明白过去的日子不可能再复返时，决定离开何宝荣，而正是在他离开后，绝望的意味（对黎耀辉的爱）才在何宝荣的脑海中完整地浮现。',79,8.8,294778,'爱情纠缠，男女一致。','https://movie.douban.com/subject/1292679/','https://img3.doubanio.com/view/photo/s_ratio_poster/public/p465939041.jpg'),(80,'入殓师 おくりびと','日本',2008,'泷田洋二郎','本木雅弘, 广末凉子, 山崎努, 吉行和子, 笹野高史, 余贵美子','2008-09-13(日本)','130 分钟','买了昂贵的大提琴，想要成就一番事业的小林大悟（本木雅弘 饰），经历了4个月的管弦乐演奏，得到的却是“乐团解散”的噩耗与购买乐器的高昂债务。迫不得已，大悟与妻子美香（广末凉子 饰）搬到老屋，过着清贫的日子。某日，一则广告吸引了大悟的注意：NK代理公司，帮助旅行，高薪短工时。大悟来到NK代理公司面试，社长佐佐木生荣（山崎努 饰）二话不说就决定聘用大悟，但却对工作内容避而不谈。在大悟的再三追问下，佐佐木社长终于道明：是入殓（日语Nou Kan）工作！\n虽然心理上有所忌惮，高额的薪水还是令大悟接受了这份工作。但这样的工作对普通人谈何容易，一方面对遗体的不适，一方面又要对妻友隐瞒自己的工作，小林大悟不平凡的工作就这样开始了。',80,8.8,355860,'死可能是一道门，逝去并不是终结，而是超越，走向下一程。','https://movie.douban.com/subject/2149806/','https://img1.doubanio.com/view/photo/s_ratio_poster/public/p594972928.jpg'),(81,'心灵捕手 Good Will Hunting','美国',1997,'格斯·范·桑特','马特·达蒙, 罗宾·威廉姆斯, 本·阿弗莱克, 斯特兰·斯卡斯加德, 明妮·德里弗, 卡西·阿弗莱克, 科尔·豪瑟, John Mighton, Dan Washington, 艾莉森·福兰德, 维克·萨海, 史提文科兹洛夫斯基, 斯科特·威廉姆·文特斯, Jimmy Flynn, 乔治·普林普顿, 弗朗切斯科·克莱门特','1997-12-05(美国)','126 分钟','麻省理工学院的数学教授蓝波在席上公布了一道困难的数学题，却被年轻的清洁工威尔（马特·戴蒙 饰）解了出来。可是威尔却是个问题少年，成天和好朋友查克（本·阿弗莱特 饰）等人四处闲逛，打架滋事。当蓝波找到这个天才的时候，他正因为打架袭警被法庭宣判送进看守所。蓝波向法官求情保释，才使他免于牢狱之灾。\n蓝波为了让威尔找到自己的人生目标，不浪费他的数学天赋，请了很多心理学专家为威尔做辅导，但是威尔十分抗拒，专家们都束手无策。无计可施之下，蓝波求助于他大学的好友，心理学教授尚恩（罗宾·威廉姆斯 饰），希望能够帮助威尔打开心房。\n经过蓝波和尚恩的不懈努力，威尔渐渐敞开心胸，而好友查克的一席话，更是让他豁然开朗。',81,8.8,324913,'人生中应该拥有这样的一段豁然开朗。','https://movie.douban.com/subject/1292656/','https://img3.doubanio.com/view/photo/s_ratio_poster/public/p480965695.jpg'),(82,'哈利·波特与魔法石 Harry Potter and the Sorcerer\'s Stone','美国 英国',2001,'克里斯·哥伦布','丹尼尔·雷德克里夫, 艾玛·沃森, 鲁伯特·格林特, 艾伦·瑞克曼, 玛吉·史密斯, 汤姆·费尔顿, 伊恩·哈特, 理查德·哈里斯, 约翰·赫特, 罗彼·考特拉尼, 朱丽·沃特斯, 邦妮·怀特, 约翰·克立斯, 肖恩·比格斯代夫','2002-01-26(中国大陆), 2001-11-04(英国首映), 2001-11-16(美国)','152分钟','哈利波特是一个孤儿，从小寄养在姨妈家，受尽欺凌。但就在哈利11岁生日的时候，他意外收到了霍格沃茨学院的入学通知书。哈利从该学院派来接他的巨人海格口中得知，这是一间魔法学院，并得知了自己的身世，原来哈利的父母都是伟大的魔法师，在对付伏地魔的战斗中双双献身，唯有哈利幸免于难。\n哈利进入霍格沃茨后，表现出了超乎想象的飞行天赋，得到麦格教授的推荐进入了格兰芬多的魁地奇球队。另一方面，哈利发现霍格沃茨学院内有一股黑暗势力似乎在暗暗滋长，揭开谜团的关键就在有凶恶的三头犬守护的房间内。\n哈利、罗恩和赫敏三个好朋友决定探个究竟。',82,8.8,328903,'童话世界的开端。','https://movie.douban.com/subject/1295038/','https://img3.doubanio.com/view/photo/s_ratio_poster/public/p804947166.jpg'),(83,'玛丽和马克思 Mary and Max','澳大利亚',2009,'亚当·艾略特','托妮·科莱特, 菲利普·塞默·霍夫曼, 巴瑞·哈姆弗莱斯, 艾瑞克·巴纳, 贝塔尼·维特莫尔, 蕾妮·盖耶, 伊恩·莫利·梅尔德伦, 克里斯托弗·马西, 卡罗琳·莎士比亚-艾伦, 琳恩·史密斯','2009-01-15(圣丹斯电影节), 2009-04-09(澳大利亚)','92分钟','1976年，8岁的玛丽·黛西·丁格尔（贝丝妮·惠特摩尔 Bethany Whitmore 配音）是澳大利亚墨尔本的一个小女孩，喜欢动画片“诺布利特”、甜炼乳和巧克力。玛丽的妈妈是个酒鬼，而在茶叶包装厂工作的父亲平日只喜欢制作鸟标本。孤独的玛丽没有朋友，某一天心血来潮给美国纽约市的马克思·杰瑞·霍罗威茨（菲利普·塞默·霍夫曼 Philip Seymour Hoffman 配音）写了一封信询问美国小孩从哪里来，并附上一根樱桃巧克力棒。44岁的马克思患有自闭症及肥胖，碰巧也喜欢看“诺布利特”动画片及吃巧克力。二人的笔友关系从1976年维持到1994年，期间各自经历了许多人生起伏，直到成年的玛丽（托妮·科莱特 Toni Collette 配音）终于来到纽约看望马克思……\n本片获2009年法国昂锡国际动画影展最佳动画长片奖，柏林国际电影节水晶熊奖及渥太华国际动...',83,8.9,258402,'你是我最好的朋友，你是我唯一的朋友 。','https://movie.douban.com/subject/3072124/','https://img1.doubanio.com/view/photo/s_ratio_poster/public/p1820615077.jpg'),(84,'阳光灿烂的日子','中国大陆 香港',1994,'姜文','夏雨, 宁静, 陶虹, 耿乐, 斯琴高娃, 冯小刚, 刘小宁, 姜文, 王学圻, 王朔, 尚楠, 方化, 代少波, 王海, 姚二嘎, 吴淑昆, 左小青, 韩冬, 孙靖, 刘斌, 张维, 杨彤林, 王海, 王福, 胡贝贝, 高保成, 吴淑琨, 张华, 二勇, 烈子, 陈伟','1995-08-21(中国大陆), 1994-09-09(威尼斯电影节), 1995-06-28(香港)','134分钟(中国大陆)','20世纪70年代初的北京，忙着“闹革命”大人无空理会小孩，加上学校停课无事可做，以军队大院男孩为突出代表的少年人便自找乐子，靠起哄、打架、闹事、拍婆子等方式挥霍过量的荷尔蒙。马小军（夏雨 饰）就是这样的少年，他的嗜好之一是趁别人家无人用万能钥匙将其锁打开，溜进去耍玩一番，正是用这样的方式，少女米兰（宁静 饰）的照片先于其人入了马小军的双眼。通过院里的“头儿”刘忆苦（耿乐 饰），马小军又见到之前在炮局偶然瞥见过一眼的米兰，开始正式将其当作梦中情人，然而在米兰眼中，马小军不过是毛孩一个，她中意的人是成熟、稳重、帅气的刘忆苦。自此，马小军迎来五味混杂的青春期生活。\n本片改编自王朔短篇小说《动物凶猛》。夏雨凭此片获得第51届威尼斯国际电影节最佳男演员（银狮奖）。',84,8.8,320598,'一场华丽的意淫。','https://movie.douban.com/subject/1291875/','https://img1.doubanio.com/view/photo/s_ratio_poster/public/p967457079.jpg'),(85,'布达佩斯大饭店 The Grand Budapest Hotel','美国 德国 英国',2014,'韦斯·安德森','拉尔夫·费因斯, 托尼·雷沃罗利, 艾德里安·布洛迪, 威廉·达福, 裘德·洛, 爱德华·诺顿, 西尔莎·罗南, 蒂尔达·斯文顿, 比尔·默瑞, 蕾雅·赛杜, 欧文·威尔逊, 詹森·舒瓦兹曼, 马修·阿马立克, F·默里·亚伯拉罕, 汤姆·威尔金森, 杰夫·高布伦, 哈威·凯特尔','2014-02-06(柏林电影节), 2014-03-28(美国)','99分钟','故事要从一位无名作家（裘德·洛 Jude Law 饰）说起，为了专心创作，他来到了名为“布达佩斯”的饭店，在这里，作家遇见了饭店的主人穆斯塔法（F·莫里·亚伯拉罕 F. Murray Abraham 饰），穆斯塔法邀请作家共进晚餐，席间，他向作家讲述了这座饱经风雨的大饭店的前世今生。\n饭店曾经的主人名叫古斯塔沃（拉尔夫·费因斯 Ralph Fiennes 饰），而年轻的穆斯塔法（托尼·雷沃罗利 Tony Revolori 饰）在当时不过是追随着他的一介小小门童。古斯塔沃为人正直，精明能干，在他的经营和组织之下，布达佩斯大饭店成为了当时首屈一指的度假胜地。古斯塔沃和年迈的D夫人（蒂尔达·斯文顿 Tilda Swinton 饰）情投意合，D夫人去世后，在遗嘱中将一副价值连城的名画留给了古斯塔沃，这一举动惹恼了她的儿子迪米特里（阿德里安·布洛迪 Adrie...',85,8.8,388650,'小清新的故事里注入了大历史的情怀。','https://movie.douban.com/subject/11525673/','https://img3.doubanio.com/view/photo/s_ratio_poster/public/p2178872593.jpg'),(86,'禁闭岛 Shutter Island','美国',2010,'马丁·斯科塞斯','莱昂纳多·迪卡普里奥, 马克·鲁弗洛, 本·金斯利, 马克斯·冯·叙多夫, 米歇尔·威廉姆斯, 艾米莉·莫迪默, 派翠西娅·克拉克森, 杰基·厄尔·哈利, 泰德·拉文, 约翰·卡洛·林奇, 伊莱亚斯·科泰斯, 罗宾·巴特利特, 克里斯托弗·邓汉, 约瑟夫·斯科拉','2010-02-13(柏林电影节), 2010-02-19(美国)','138 分钟','本片根据美国小说家丹尼斯·勒翰（Dennis Lehane）的同名小说改编。 1954年，联邦警官泰迪（莱昂纳多·迪卡普里奥 Leonardo DiCaprio 饰）和搭档查克（马克·鲁弗洛 Mark Ruffalo 饰）乘船来到波士顿附近的禁闭岛精神病犯监狱调查一桩离奇失踪案。手刃亲生骨肉的女犯蕾切尔（艾米莉·莫迪默 Emily Mortimer 饰）从戒备森严的牢室神秘逃脱，藏匿于孤岛深处。泰迪怀疑监狱的主治精神病医师约翰·考利（本·金斯利 Ben Kingsley 饰）有意隐瞒内情，并向查克透露他上岛的真实目的其实是寻找当年纵火烧死他妻子德洛丽丝（米歇尔·威廉姆斯 Michelle Williams 饰）的管理员，并揭露美国政府利用精神病犯人进行人体科学实验的罪行。但随着调查的逐渐深入，真相却变得越来越扑朔迷离……',86,8.7,428585,'昔日翩翩少年，今日大腹便便。','https://movie.douban.com/subject/2334904/','https://img1.doubanio.com/view/photo/s_ratio_poster/public/p1832875827.jpg'),(87,'猫鼠游戏 Catch Me If You Can','美国 加拿大',2002,'史蒂文·斯皮尔伯格','莱昂纳多·迪卡普里奥, 汤姆·汉克斯, 克里斯托弗·沃肯, 马丁·辛, 艾米·亚当斯, 詹妮弗·加纳, 伊丽莎白·班克斯, 纳塔莉·贝伊, 詹姆斯·布洛林, 艾伦·旁派, 南希·利内翰, 布莱恩·豪威 , 弗兰克·约翰·休斯, 克里斯·埃里斯','2002-12-16(洛杉矶首映), 2002-12-25(美国)','141 分钟','弗兰克（莱昂纳多·迪卡普里奥 Leonardo DiCaprio饰）是FBI有史以来年龄最小的通缉犯。他的犯罪手段神通广大，伪装身份的能力超乎常人，全美各地几乎都留下他的犯罪足迹。乔装医生、律师、飞行员，统统都是他曾经的身份。当然，弗兰克凭着这个“本领”，骗取了高达几百万的金额。\n活得逍遥快乐的弗兰克这次又成功伪造了一份学历证明，去医院做起了大夫。弗兰克不但在这里认识了护士布雷达（艾米·亚当斯 Amy Adams饰），二人擦出爱火花，还通过布雷达的父亲得到了一份检察官助理的优差。然而，这只是暴风雨前夕——一双眼睛已经盯住了弗兰克，誓要把他绳之于法不可。这就是FBI探员卡尔（汤姆·汉克斯 Tom Hanks饰）。\n在研究追捕弗兰克的过程中，卡尔领教到这个犯罪天才的过人智商。他屡次被弗兰克这个黄毛小子捉弄，心里又恨又不得不佩服。每当弗兰克有惊无险地从他的...',87,8.8,288100,'骗子大师和执著警探的你追我跑故事。 ','https://movie.douban.com/subject/1305487/','https://img3.doubanio.com/view/photo/s_ratio_poster/public/p453924541.jpg'),(88,'幽灵公主 もののけ姫','日本',1997,'宫崎骏','松田洋治, 石田百合子, 田中裕子, 小林薰, 西村雅彦, 上条恒彦, 岛本须美, 渡边哲, 佐藤允, 名古屋章, 美轮明宏, 森光子, 森繁久弥','1997-07-12(日本)','134分钟','为了拯救危难中的村民，阿斯达卡的右手中了凶煞神的诅咒。他卡只好离开亲人往西方流浪以寻找解除诅咒的方法。旅途中他遇到了由幻姬大人带领的穷苦村民在麒麟兽的森林里开采铁矿，提炼矿石。\n白狼神莫娜和她养大的人类女孩“幽灵公主”桑对幻姬恨之入骨，因为她们觉得幻姬带领众人破坏了森林。想帮助人类的阿斯达卡被桑深深吸引，他理解她，但为了帮助穷人又不得不和她作战。一次战斗中，阿斯达卡被麒麟兽所救，他的立场更加摇摆不定。\n这时，以疙瘩和尚为首的一群人来杀麒麟兽，幻姬以火枪击毙了麒麟，麒麟的头被疙瘩和尚抢走。愤怒的麒麟的灵魂为夺回自己的头，大肆破坏着森林。阿斯达卡和桑联手决定帮麒麟夺回头颅。',88,8.8,274112,'人与自然的战争史诗。','https://movie.douban.com/subject/1297359/','https://img3.doubanio.com/view/photo/s_ratio_poster/public/p1613191025.jpg'),(89,'第六感 The Sixth Sense','美国',1999,'M·奈特·沙马兰','布鲁斯·威利斯, 海利·乔·奥斯蒙, 托妮·科莱特, 奥莉维亚·威廉姆斯, 唐尼·沃尔伯格, 特拉沃·摩根, 彼得·安东尼·唐伯蒂斯, 格伦·菲茨杰拉德, 米莎·巴顿, Lisa Summerour, 法尔德斯·巴姆, 杰弗里·泽布尼斯','1999-08-06(美国)','107分钟','麦克（布鲁斯·威利斯 饰）是著名儿童心理学家，却也有始终未能治愈的患者，甚至因此遭到枪击，这名少年随后也饮枪自毙。这给麦克带来很大心理阴影，一年后他找到另一个症状很像这名患者的男孩柯尔（海利·乔·奥斯蒙 饰），并耐心的做起了他的医生。柯尔并不容易接近，但麦克还是慢慢赢得 了他的信任，得知了柯尔的秘密。原来柯尔有着灵异的第六感，可以看到鬼魂。虽然这令人感到难以置信，但麦克在证实了事情的真相后还是帮助柯尔接受了这个事实。\n可是就在问题即将得到解决的时候，麦克却在柯尔的引导下，发现了一个更令人震惊的秘密……',89,8.8,273787,'深入内心的恐怖，出人意料的结局。','https://movie.douban.com/subject/1297630/','https://img3.doubanio.com/view/photo/s_ratio_poster/public/p2220184425.jpg'),(90,'重庆森林 重慶森林','香港',1994,'王家卫','林青霞, 金城武, 梁朝伟, 王菲, 周嘉玲','1994-07-14(香港)','102分钟','编号为223的警察（金城武）失恋后患上失恋综合症，在与金发女杀手（林青霞）擦肩而过又离奇相遇并有了一晚温情后，原本以为包括“爱情”在内的所有东西都有保质期的他意外地迎来心灵的短暂温暖。可是，他们的爱情还是结束了。\n快餐店新来的女招待阿菲（王菲）爱上了时常光顾快餐店的编号为633的警察（梁朝伟），因拆了他的女友（周嘉玲）留在快餐店给他的“分手” 信，阿菲知晓了他的心情，偷拿到他的钥匙趁他不在时常潜入他家，一边梦游一边悄悄地改变他的生活，终在被他撞见时令其感受到情感的回归。然而，这才是他们爱情的开始。',90,8.7,390143,'寂寞没有期限。','https://movie.douban.com/subject/1291999/','https://img3.doubanio.com/view/photo/s_ratio_poster/public/p2242058421.jpg'),(91,'狩猎 Jagten','丹麦 瑞典',2012,'托马斯·温特伯格','麦斯·米科尔森, 托玛斯·博·拉森, 安妮卡·韦德科普, 拉丝·弗格斯托姆, 苏西·沃德, 安妮·路易丝·哈辛, 拉斯·兰特, 亚历山德拉·拉帕波特','2012-05-20(戛纳电影节), 2013-01-10(丹麦)','115分钟','刚刚和妻子离婚的卢卡斯（麦斯·米科尔森 Mads Mikkelsen 饰）目前在一家托儿所工作，心地善良个性温和的他很快就受到了同事和孩子们的喜爱，其中，一个名叫卡拉（安妮卡·韦德科普 Annika Wedderkopp 饰）的早熟女孩对卢卡斯尤为的亲近。面对女孩幼稚 而单纯的示好，卢卡斯只能婉转的拒绝，可令他没有想到的是，这一举动将他的生活推向了风口浪尖。\n卡拉报复性的谎言让卢卡斯背负起了性侵女童的罪名，一时间，这个好好先生成为了整个小镇排挤和压迫的对象。好友的愤怒，前妻的不信任，爱犬的死亡和陌生人的恶意让卢卡斯几近崩溃，而当小小的卡拉吐露真相之后，恶意却并没有随着卢卡斯的重获清白而划下句点。',91,9.1,160208,'人言可畏。','https://movie.douban.com/subject/6985810/','https://img1.doubanio.com/view/photo/s_ratio_poster/public/p1546987967.jpg'),(92,'致命ID Identity','美国',2003,'詹姆斯·曼高德','约翰·库萨克, 雷·利奥塔, 阿曼达·皮特, 阿尔弗雷德·莫里纳, 克里·杜瓦尔','2003-04-25(美国)','90分钟','一个典型而又引人入胜的悬疑故事：一个汽车旅馆里，住进了10个人，他们中间有司机、妓女、过气女星、夫妇、警探和他的犯人，还有神秘的旅馆经理。这天风雨大作，通讯中断，10人被困在了旅馆里，惊悚的故事开始了。\n他们一个接一个的死去，并且按照顺序留下牌号。10个人存活下来的渐渐变少，他们开始恐慌，互相猜忌，却无意间发现了彼此间的联系。但是，大家怀疑的嫌疑人却纷纷死去，谜团笼罩在旅馆狭小的空间里，这样的凶杀案件却有着人们猜不到的真相……',92,8.7,375982,'最不可能的那个人永远是最可能的。','https://movie.douban.com/subject/1297192/','https://img3.doubanio.com/view/photo/s_ratio_poster/public/p453720880.jpg'),(93,'断背山 Brokeback Mountain','美国 加拿大',2005,'李安','希斯·莱杰, 杰克·吉伦哈尔, 米歇尔·威廉姆斯, 安妮·海瑟薇, 凯特·玛拉, 兰迪·奎德, 琳达·卡德里尼, 安娜·法瑞丝, 格拉汉姆·贝克尔, 斯科特·迈克尔·坎贝尔, 大卫·哈伯, 罗伯塔·马克斯韦尔, 皮特·麦克罗比, 夏恩·希尔, 布鲁克琳·普劳克斯, 杰克·丘奇','2005-09-02(威尼斯电影节), 2006-01-06(加拿大), 2006-01-13(美国)','134分钟','美国怀俄明州的西部，沉默寡言的农夫恩尼斯（希斯?莱杰饰）和热情开朗的牛仔杰克（杰克?吉伦希尔饰)一道被派到山上牧羊，那里人迹罕至，他们只有与羊群为伴，生活单调无味。一个天寒地冻的夜晚，在酒精与荷尔蒙的作用下，他们做了“不该做的事情”，也就此他们在断背山上度过了人生中最美好的时光。\n季节性放牧结束，迫于世俗压力，杰克和恩尼斯不舍地与对方分离并各自结婚生子。恩尼斯迎娶了自幼相识的阿尔玛，并有了两个可爱的女儿；杰克到了德州，在妻子露琳家族的扶植下事业顺利，还有了个儿子。虽然彼此真心相应，他们只能每年定期约会。一边知情的阿尔玛痛苦无比，而他们又无法满足一年只有几天的团聚。这时意外发生……',93,8.7,374058,'每个人心中都有一座断背山。','https://movie.douban.com/subject/1418834/','https://img1.doubanio.com/view/photo/s_ratio_poster/public/p513535588.jpg'),(94,'穿条纹睡衣的男孩 The Boy in the Striped Pajamas','英国 美国',2008,'马克·赫尔曼','阿萨·巴特菲尔德, 维拉·法米加, 大卫·休里斯, 杰克·塞隆, 鲁伯特·弗兰德, 谢拉·汉考克, 大卫·海曼, 贝拉·费斯彼姆','2008-09-12(英国), 2008-11-07(美国)','94 分钟','八岁男孩布鲁诺（Asa Butterfield 饰）一家随着纳粹军官父亲的一纸调令，由柏林搬迁到了乡下。失去了朋友们的布鲁诺很快对新家附近的“农庄”产生了兴趣，那里有一群身穿“条纹睡衣”的人终日忙碌，并且其中一个为布鲁诺一家服务，他形容肮脏，态度慎微。周遭环境和布鲁诺的举止让母亲暗暗担忧，但纳粹父亲制止家中任何怀疑既定政策的行为。\n布鲁诺偷偷结识了铁丝网另一边的同龄男孩施穆尔，并时常带给他食物吃。在紧张的家庭氛围和姐姐向成人世界的变化中，施穆尔是布鲁诺惟一的朋友。某日布鲁诺决定，去铁丝网的另一边，以便见到施穆尔的父亲……\n本片根据约翰·伯恩的同名小说改编，获2008年芝加哥国际电影节观众票选奖。',94,8.9,186447,'尽管有些不切实际的幻想，这部电影依旧是一部感人肺腑的佳作。','https://movie.douban.com/subject/3008247/','https://img3.doubanio.com/view/photo/s_ratio_poster/public/p1473670352.jpg'),(95,'大鱼 Big Fish','美国',2003,'蒂姆·波顿','伊万·麦克格雷格, 阿尔伯特·芬尼, 比利·克鲁德普, 杰西卡·兰格, 海伦娜·伯翰·卡特, 艾莉森·洛曼, 罗伯特·吉尔劳姆, 玛丽昂·歌迪亚, 马修·麦克格罗里, 大卫·丹曼, 米西·派勒, 卢顿·万恩怀特三世, 艾达·泰, 艾伦妮·泰, 史蒂夫·布西密, 丹尼·德维托, 迪普·罗伊, 海利·安妮·内尔森','2003-12-04(纽约首映), 2004-01-09(美国)','125 分钟','爱德华（伊万·麦克格雷格 Ewan McGregor 饰）生性热爱自由，成年之后，他选择离开家乡，踏上了环游世界的旅程。一路上，爱德华遇见了各种各样稀奇古怪的角色，经历了无数精彩绝伦的的冒险，而他日后最大的兴趣，就是向他人喋喋不休的重复讲述他的这一段奇幻旅程。\n威尔（比利·克鲁德普 Billy Crudup 饰）是爱德华的儿子，他并不相信父亲所讲述的那些光怪陆离的故事，甚至对此感到无比厌烦。婚后，他同父亲中断了联系，一晃眼就是数年过去。当再次得到爱德华的消息之时，威尔才知道父亲即将不久于人世，他决定去见爱德华最后一面。然而，这一次，威尔终于发现了隐藏在这些故事背后的奥秘和真相。',95,8.7,293474,'抱着梦想而活着的人是幸福的，怀抱梦想而死去的人是不朽的。','https://movie.douban.com/subject/1291545/','https://img3.doubanio.com/view/photo/s_ratio_poster/public/p692813374.jpg'),(96,'加勒比海盗 Pirates of the Caribbean: The Curse of the Black Pearl','美国',2003,'戈尔·维宾斯基','约翰尼·德普, 杰弗里·拉什, 奥兰多·布鲁姆, 凯拉·奈特莉, 杰克·达文波特, 乔纳森·普雷斯','2003-11-21(中国大陆), 2003-07-09(美国)','143 分钟','故事发生在17世纪，传说中海盗最为活跃的加勒比海。风趣迷人的杰克·斯伯洛（约翰尼·德普 Johnny Depp 饰），是活跃在加勒比海上的海盗，拥有属于自己的“黑珍珠”号海盗船。对他来说，最惬意的生活就是驾驶着“黑珍珠”号在加勒比海上游荡，自由自在的打劫过往船只。但不幸的是，他的仇敌，老谋深算的巴尔巴罗萨船长(杰弗里·拉什 Geoffrey Rush 饰)偷走了他的“黑珍珠”号。巴伯萨是一个无恶不作的坏蛋，他抢劫了杰克的\"黑珍珠号\"后，更加猖狂，在加勒比海上横行霸道，一时成为整个加勒比海的霸主。\n一次，巴伯萨一伙袭击了罗亚尔港小镇，还绑架了总督的女儿伊莉莎白·斯万(凯拉·奈特莉 Keira Knightley 饰)和伊莉莎白青梅竹马的铁匠学徒威尔·特纳（奥兰多·布鲁姆 Orlando Bloom 饰），想方设法救出了狱中的船长杰克，偷来英国皇家舰队最...',96,8.6,411294,'约翰尼·德普的独角戏。','https://movie.douban.com/subject/1298070/','https://img3.doubanio.com/view/photo/s_ratio_poster/public/p1596085504.jpg'),(97,'告白','日本',2010,'中岛哲也','松隆子, 冈田将生, 木村佳乃, 西井幸人, 桥本爱, 芦田爱菜, 三吉彩花, 藤原薰, 井之胁海, 清水尚弥, 高桥努, 一井直树, 能年玲奈, 新井浩文, 野本萤','2010-06-05(日本)','106分钟','一所平凡的中学，1年B组即将迎来春假。不知天高地厚的学生们肆意吵闹，殊不知一场绵亘数月的风暴正向他们袭来。级任教师森口悠子（松隆子 饰）全然无视这片混乱，静静地向学生们做出最后的告白。这个单亲妈妈独自抚养着可爱的女儿（芦田爱菜 饰），然而女儿最终在游泳池中溺水身亡。警察 认定这是一起意外，森口则认定女儿死于班上两个学生之手。她不动声色地指责着犯人A和B，并宣布用自己的方式进行复仇。在此之后，森口辞去教师职务，1年B班的学生也心怀惴惴迎来了春假。新学期开始，残酷的风暴袭向了这群无知无畏的少男少女……\n本片根据湊かなえ的原作改编，并成为2010年电影旬报十佳影片；第34届日本电影学院奖最佳作品、最佳导演、最佳剧本和最佳剪辑4项大奖。',97,8.7,397014,'没有一人完全善，也没有一人完全恶。','https://movie.douban.com/subject/4268598/','https://img3.doubanio.com/view/photo/s_ratio_poster/public/p689520756.jpg'),(98,'一一','台湾 日本',2000,'杨德昌','吴念真, 李凯莉, 金燕玲, 张洋洋, 萧淑慎, 尾形一成, 陈希圣, 林孟瑾, 陈以文, 柯宇纶, 张育邦, 柯素云, 唐如韫, 徐淑媛, 曾心怡, 陶传正','2000-05-14(戛纳电影节), 2000-12-16(日本), 2017-07-28(台湾)','173分钟','NJ（吴念真）是个很有原则的生意人，同妻子敏敏（金燕玲）、女儿婷婷（李凯莉）、儿子洋洋（张杨洋）以及外婆住在台北某所普通公寓里。小舅子的一场麻烦婚礼过后，因为外婆突然中风昏迷，他迎来更加混乱的日子。\n敏敏公司、家里两头跑，时常感觉自己要被耗空；婷婷一直为外婆的中风内疚，恋爱谈到中途发现自己不过是替代品；NJ更是麻烦重重，公司面临破产，他又不愿放下别人眼里一文不值的自尊。一家人里，似乎只有洋洋没有烦恼，他平静地用照相机拍着各种人的背面，帮他们长出另一双眼睛，然而，洋洋简简单单的一句话，道出更深的悲凉。',98,8.9,179342,'我们都曾经是一一。','https://movie.douban.com/subject/1292434/','https://img1.doubanio.com/view/photo/s_ratio_poster/public/p2119675128.jpg'),(99,'甜蜜蜜','香港',1996,'陈可辛','黎明, 张曼玉, 杨恭如, 曾志伟, 杜可风, 张同祖, 诸慧荷, 丁羽','2015-02-13(中国大陆), 1996-11-02(香港)','118分钟(中国大陆)','改革开放初期，黎小军（黎明 饰）告别女友小婷（杨恭如 饰）从天津（国语版中为无锡）来到香港讨生活，期望有天挣到大钱把小婷接来与之风风光光地成婚，没料想日子会比想象中的难熬许多。\n黎小军在快餐店与同样从大陆到港讨生活但避讳谈自己身份的李翘（张曼玉 饰）结识后，因为共同喜爱邓丽君，两人人在异乡的孤独都有了某种程度的缓解，并在交往的过程中生出了真爱，可是世事难料，两人最终无奈分手，黎小军成了小婷的老公，李翘跟了在黑社会做事的豹哥（曾志伟 饰）。然而因为邓丽君，两人的缘分并没到此为止。',99,8.8,263829,'相逢只要一瞬间，等待却像是一辈子。','https://movie.douban.com/subject/1305164/','https://img3.doubanio.com/view/photo/s_ratio_poster/public/p1962839732.jpg'),(100,'阿凡达 Avatar','美国 英国',2009,'詹姆斯·卡梅隆','萨姆·沃辛顿, 佐伊·索尔达娜, 西格妮·韦弗, 史蒂芬·朗, 米歇尔·罗德里格兹, 吉奥瓦尼·瑞比西, 乔·大卫·摩尔 , 希·庞德, 韦斯·斯塔迪, 拉兹·阿隆索, 迪利普·劳, 马特·杰拉德, 肖恩·安东尼·莫兰','2010-01-04(中国大陆), 2009-12-18(美国)','162分钟','战斗中负伤而下身瘫痪的前海军战士杰克?萨利（萨姆?沃辛顿 Sam Worthington 饰）决定替死去的同胞哥哥来到潘多拉星操纵格蕾丝博士（西格妮?韦弗 Sigourney Weaver 饰）用人类基因与当地纳美部族基因结合创造出的 “阿凡达” 混血生物。杰克的目的是打入纳美部落，外交说服他们自愿离开世代居住的家园，从而SecFor公司可砍伐殆尽该地区的原始森林，开采地下昂贵的“不可得”矿。在探索潘多拉星的过程中，杰克遇到了纳美部落的公主娜蒂瑞（佐伊?索尔达娜 Zoe Saldana 饰），向她学习了纳美人的生存技能与对待自然的态度。与此同时，SecFor公司的经理和军方代表上校迈尔斯（史蒂芬?朗 Stephen Lang 饰）逐渐丧失耐心，决定诉诸武力驱赶纳美人……\n本片采用3D技术拍摄，共耗资5亿美元制作发行，是电影史上最为昂贵的作品。本片荣获...',100,8.6,620250,'绝对意义上的美轮美奂。','https://movie.douban.com/subject/1652587/','https://img1.doubanio.com/view/photo/s_ratio_poster/public/p492458287.jpg'),(101,'射雕英雄传之东成西就 射鵰英雄傳之東成西就','香港',1993,'刘镇伟','梁朝伟, 林青霞, 张国荣, 叶玉卿, 张学友, 王祖贤, 张曼玉, 梁家辉, 刘嘉玲, 钟镇涛, 鲍起静','1993-02-05(香港)','113分钟(香港)','金轮国王妃（叶玉卿）与表哥欧阳锋（梁朝伟）有染，为霸占江山，他们毒死了国王，但没找到传国玉玺。得知玉玺在前往九宫山找寻其师父求助的三公主（林青霞）手里后，欧阳锋企图抢到手但没成功。糊涂国师（张曼玉）在淫威下屈服，查出三公主的具体下落，欧阳锋乘火箭金靴追赶，却误脱落一只插死刚出关的王重阳（钟镇涛），奄奄一息的王重阳恳求适逢路过的三公主找到其师弟周伯通（刘嘉玲）代为报仇。\n逃到九宫山的三公主邀得师弟黄药师（张国荣）与师妹（王祖贤）相助，再加上前来寻找表妹的洪七（张学友）、找到真心人才能成仙的段智兴（梁家辉），一场与欧阳锋的生死恶战蓄势待发……',101,8.7,318969,'百看不厌。 ','https://movie.douban.com/subject/1316510/','https://img3.doubanio.com/view/photo/s_ratio_poster/public/p1993903133.jpg'),(102,'摩登时代 Modern Times','美国',1936,'查理·卓别林','查理·卓别林, 宝莲·高黛, 亨利·伯格曼, Tiny Sandford, 切斯特·康克林','1936-02-25(美国)','87 分钟','二十年代的美国处于经济萧条时期，失业率居高不下，工人受尽压榨，成为了大机器生产中的一颗螺丝钉。查理（查理·卓别林 Charles Chaplin 饰）就是一个底层市民，他在一个机器隆隆的厂房里日以继夜地工作，以赚取微薄的收入。重复繁重的工作压得他喘不过气，他把人们的鼻子当成螺丝钉来拧，卷入流水线机器的皮带里，令人苦笑不得。\n查理尽管贫穷，但却很善良。他在路上搭救了流浪女，和她一起生活，家里破烂却又温馨。每次身无分文的查理为了找到吃的，都会故意犯事，以便进入监牢。光景一时间有了好转，流浪女成了歌舞红星，然而好景太短暂了。',102,9.2,110297,'大时代中的人生，小人物的悲喜。','https://movie.douban.com/subject/1294371/','https://img3.doubanio.com/view/photo/s_ratio_poster/public/p2173707976.jpg'),(103,'阳光姐妹淘 ??','韩国',2011,'姜炯哲','沈恩京, 闵孝琳, 姜素拉, 南宝拉, 陈熙京, 金时厚, 柳好贞, 朴真珠, 金宝美, 千禹熙, 李璟荣','2011-05-04(韩国)','124分钟','25年前，高中生任娜美（沈恩京 饰）一家从全罗道搬到汉城，娜美入读真德女子高中，因方言浓重怯于开口的娜美幸运的得到了同班大姐头夏春花（姜索拉 饰）的维护，并与围绕在夏春花周围的执着于双眼皮的金玫瑰、满嘴脏话的黄珍熙、梦想成为作家的徐金玉、要成为韩国小姐的俞福姬以及沉默傲慢的美人郑秀智等五人结识。在一次和不良少女团对决之后，春花和娜美等七人组成了“Sunny”团体……\n多年以后，家庭主妇娜美在去医院探望母亲时偶然重逢了身患绝症住院的春花，后者希望在生命的最后两个月内，能够再见当年的Sunny成员。娜美找到金玫瑰，两人委托私家侦探寻找当年的同伴，而那些关于青春的回忆，也在一个个熟悉的名姓后面再次被唤醒。',103,8.8,313585,'再多各自牛逼的时光，也比不上一起傻逼的岁月。 ','https://movie.douban.com/subject/4917726/','https://img1.doubanio.com/view/photo/s_ratio_poster/public/p1374786017.jpg'),(104,'上帝之城 Cidade de Deus','巴西 法国',2002,'卡迪亚·兰德, 费尔南多·梅里尔斯','亚历桑德雷·罗德里格斯, 莱安德鲁·菲尔米诺, 菲利佩·哈根森, 道格拉斯·席尔瓦, 乔纳森·哈根森, 马修斯·纳克加勒, 索·豪黑, 艾莉丝·布拉加','2002-05-18(戛纳电影节), 2002-08-30(巴西)','130分钟','巴西里约热内卢的贫民窟，这里是“上帝之城”，更是魔鬼也会叹息着转身的地方。\n阿炮（Alexandre Rodrigues 饰）带着我们到了这里，他见证了这里二十多年来被残暴、贪婪、复仇、野心、背叛、掠夺所裹挟的混乱生活以及最终导致的一场灾难性的黑帮争斗。虽然从小就要 辗转于匪徒间求生存，但胆小怕事的性格与自我保护的本能却使他一直能平安度日。\n60年代初，阿毛、阿夹和阿呆是这里的“少年三侠”，在抢劫完旅馆之后，他们三人分道扬镳，阿夹重回上帝的怀抱，而阿呆和阿毛纷纷付出了生命的代价。\n70年，当年“少年三侠”手下的小弟小豆子（Douglas Silva 饰）靠着自己的心狠手辣，不停地吞并别人的地盘，成为了贫民区的“小霸王”，生意也从抢劫升级到了更为暴利的毒品买卖，和他一起飞黄腾达的还有班尼（Phellipe Haagensen 饰）。\n班尼认识了美丽的安...',104,8.9,176030,'被上帝抛弃了的上帝之城。','https://movie.douban.com/subject/1292208/','https://img3.doubanio.com/view/photo/s_ratio_poster/public/p455677490.jpg'),(105,'爱在黎明破晓前 Before Sunrise','美国 奥地利 瑞士',1995,'理查德·林克莱特','伊桑·霍克, 朱莉·德尔佩, 安德莉亚·埃克特, 汉诺·波西尔, Karl Bruckschwaiger','1995-01-27(美国)','101分钟','美国青年杰西（伊桑·霍克 Ethan Hawke 饰）在火车上偶遇了法国女学生塞琳娜（朱莉·德尔佩 Julie Delpy 饰），两人在火车上交谈甚欢。当火车到达维也纳时，杰西盛情邀请塞琳娜一起在维也纳游览一番，即使杰西翌日便要坐飞机离开。与杰西一见钟情的塞琳娜接受了杰西的邀请。\n他们一边游览城市，一边谈论着彼此的过去 ，彼此对生活的感想，两人了解越加深刻。他们非常珍惜这美妙的晚上，这对恋人一起经历了很多浪漫的经历因为他们约定在半年后再见，而此次约会将会在日出之间结束……',105,8.7,261175,'缘分是个连绵词，最美不过一瞬。','https://movie.douban.com/subject/1296339/','https://img3.doubanio.com/view/photo/s_ratio_poster/public/p452582315.jpg'),(106,'消失的爱人 Gone Girl','美国',2014,'大卫·芬奇','本·阿弗莱克, 裴淳华, 尼尔·帕特里克·哈里斯, 凯莉·库恩, 泰勒·派瑞, 金·迪肯斯, 米西·派勒, 波伊德·霍布鲁克, 艾米丽·拉塔科斯基, 雪拉·渥德, 派屈克·福吉特, 斯科特·麦克纳里, 凯西·威尔逊, 李·诺里斯','2014-09-26(纽约电影节), 2014-10-03(美国)','149分钟','结婚五周年纪念日的早上，尼克·邓恩（本·阿弗莱克 Ben Affleck 饰）来到妹妹玛戈（凯莉·库恩 Carrie Coon 饰）的酒吧，咒骂抱怨那个曾经彼此恩爱缠绵的妻子艾米（罗莎蒙德·派克 Rosamund Pike 饰）以及全然看不见希望的婚姻。当他返回家中时， 却发现客厅留下了暴行的痕迹，而妻子竟不见了踪影。女探员朗达·邦妮（金·迪肯斯 Kim Dickens 饰）接到报案后赶来调查，而现场留下的种种蛛丝马迹似乎昭示着这并非是一件寻常的失踪案，其背后或许隐藏着裂变于夫妻之情的谋杀罪行。艾米的失踪通过媒体大肆渲染和妄加揣测很快闻名全国，品行不端的尼克被推上风口浪尖，至今不见踪影的爱人对他进行无情审判，你侬我侬的甜言蜜语早已化作以血洗血的复仇与折磨……\n本片根据吉莉安·弗琳（Gillian Flynn）的同名小说改编。',106,8.7,422774,'年度最佳date movie。','https://movie.douban.com/subject/21318488/','https://img3.doubanio.com/view/photo/s_ratio_poster/public/p2221768894.jpg'),(107,'侧耳倾听 耳をすませば','日本',1995,'近藤喜文','本名阳子, 小林桂树, 高山南, 高桥一生, 山下容莉枝, 室井滋, 露口茂, 饭冢雅弓','1995-07-15(日本)','111分钟','正在读初三的月岛滴滴是一个喜欢看书的女孩，她每次都能在借书卡上看到一个叫天泽圣司名字，因此她对这个人充满了好奇。\n滴滴一直喜欢写诗，有一天她跟好友夕子在讨论写诗的事，夕子告诉滴滴自己收到了情书，但事实上夕子已有了喜欢的人。更没有想到的是，夕子喜欢的杉村喜欢的是滴滴，滴滴一时间感到十分困惑。\n滴滴无意中来到了一个小店，原来店主是圣司的爷爷。认识了圣司之后，听到了圣司对自己理想的追求之后，也激发了滴滴对自己理想的追求之念。当圣司离开了到意大利学习做小提琴时，滴滴决定要专心写作。当滴滴完成了作品之后，她发现原来自己高估了自己，就这样她选择继续考高中，这时她非常想念圣司。\n一天凌晨，她站到窗边，突然看到了一个熟悉的身影……',107,8.8,202460,'少女情怀总是诗。','https://movie.douban.com/subject/1297052/','https://img3.doubanio.com/view/photo/s_ratio_poster/public/p456692072.jpg'),(108,'风之谷 風の谷のナウシカ','日本',1984,'宫崎骏','岛本须美, 松田洋治, 榊原良子, 辻村真人, 京田尚子, 纳谷悟郎, 永井一郎, 宫内幸平, 八奈见乘儿, 矢田稔, 富永美伊奈, 家弓家正, 吉田理保子, 菅谷政子, 坂本千夏, 鳕子, 麦人, 大塚芳忠','1992-05(中国大陆), 1984-03-11(日本)','117分钟','工业文明的高度发展，却最终带来灾难，一场为期7天的虫族毁灭战争摧毁了人类文明。一千年后，工业文明遗留下来的症结仍在困扰这个星球。带有强烈毒性的植物组成了令人望而却步的“腐海”森林，随着时间的推移，腐海有条不紊地向四周蔓延，蚕食周边世界。在一片腐海森林的旁边，居住着一群御风而行的人类。女主角娜乌茜卡和族人依靠海风的力量抵御着有毒孢子的侵蚀，过着平静祥和的生活。\n直到某一天，战火烧到了这里。西方强国特洛梅意欲重新建立人类霸权，他们计划统一周边诸国，然后向虫族发起总攻。另一方面，一千年前曾主导摧毁人类的上古怪兽“猛怪”重现人间。毁灭战争一触即发，人类的命运将会如何……\n本片根据宫崎骏同名漫画改编，并分获1985年罗马奇幻电影节和1985年电影旬报最佳影片奖、1985年每日电影大藤信郎奖。',108,8.8,203334,'动画片的圣经。','https://movie.douban.com/subject/1291585/','https://img3.doubanio.com/view/photo/s_ratio_poster/public/p1917567652.jpg'),(109,'爱在日落黄昏时 Before Sunset','美国',2004,'理查德·林克莱特','伊桑·霍克, 朱莉·德尔佩, 弗农·多布切夫','2004-02-10(柏林电影节), 2004-07-30(美国)','80 分钟','九年前，杰西（伊桑·霍克 Ethan Hawke 饰）与席琳（朱莉·德尔佩 Julie Delpy 饰）在火车上不期而遇，怦然心动。在维也纳渡过疯狂而又浪漫的一夜后，他们在日出前分手，并相约在维也纳重逢。\n九年之后，杰西已成为畅销书作家，而席琳则是法国环保组织成员。杰西在新书里娓娓道来的，正是九年前的浪漫夜晚。在巴黎促销新书时，杰西与席琳在书店相遇，然而他们只有一下午的时光相处，日落之前，杰西要乘飞机赶回美国。两人在午后的巴黎街头散步，在美丽的护城河上泛舟，无所不谈，兴致勃勃。可是就像命运的捉弄，快乐的时光像烟花一样醉人却短暂。\n杰西对席琳一送再送，难以忘情；席琳用吉他和歌声，怀念着内心深处的爱恋。太阳就快落下去了，杰西就要误了飞机，又或许他更不想错过的，是命里注定的缘分。',109,8.8,231230,'九年后的重逢是世俗和责任的交叠，没了悸动和青涩，沧桑而温暖。','https://movie.douban.com/subject/1291990/','https://img3.doubanio.com/view/photo/s_ratio_poster/public/p1910924055.jpg'),(110,'超脱 Detachment','美国',2011,'托尼·凯耶','艾德里安·布洛迪, 马西娅·盖伊·哈登, 詹姆斯·肯恩, 克里斯蒂娜·亨德里克斯, 刘玉玲, 布莱思·丹纳, 蒂姆·布雷克·尼尔森, 威廉·彼德森, 布莱恩·科兰斯顿, 萨米·盖尔, Louis Zorich, 小伊塞亚·维特洛克','2011-04-25(翠贝卡电影节)','97分钟','亨利?巴赫特（艾德里安?布洛迪 Adrien Brody 饰）来到社区学校担任代课老师。学校因学生反叛、经营不善而濒临绝境，多丽丝（刘玉玲 饰）为首的一批教师备受煎熬。亨利的第一堂课就遭遇了顽劣学生的挑衅，但是被他巧妙地化解。他赢得了女教师萨沙（克里斯蒂娜?亨德里克斯 Christina Hendricks）的好感。同时，他的教学方式引起了同学们的兴趣，其中就包括因肥胖而苦闷的梅丽迪斯。她一直默默地承受着因体重带来的各种责骂与嘲笑。但是因为老师，她似乎又找到了一切的理由……\n但是，亨利其实内心也有很大的压力，他的爷爷处于弥留之际，他的母亲自杀阴影始终在脑海中萦绕。某天夜里，他在公车上黯然神伤，独自流泪。这情形被一个刚受到嫖客凌辱的雏妓艾瑞卡（萨米?盖尔 Sami Gayle 饰）看到了。她尾随他，希望获得他的帮助。他起初拒绝了她的要求，后来他还是把她...',110,8.8,207177,'穷尽一生，我们要学会的，不过是彼此拥抱。','https://movie.douban.com/subject/5322596/','https://img3.doubanio.com/view/photo/s_ratio_poster/public/p1305562621.jpg'),(111,'倩女幽魂','香港',1987,'程小东','张国荣, 王祖贤, 午马, 刘兆铭, 林威, 薛芷伦, 胡大为, 王晶','2011-04-30(中国大陆), 1987-07-18(香港)','98分钟(香港)','书生宁采臣（张国荣饰）收账不成，无处可归，遂夜宿鬼寺兰若寺，遇上侠士燕赤霞（午马饰），二人成为邻居。一日偶遇艳女小倩（王祖贤饰），二人两情相悦，但小倩乃是被树妖姥姥控制的鬼魂，专门迷惑精壮男子代姥姥吸取阳气。小倩见宁采臣心地善良不忍加害，并与他感情逐渐加深。宁采臣欲救小倩脱离姥姥魔掌，但苦于姥姥功力深厚，小倩无法脱离其魔掌。二人遂向燕赤霞求救......',111,8.6,308187,'两张绝世的脸。 ','https://movie.douban.com/subject/1297447/','https://img3.doubanio.com/view/photo/s_ratio_poster/public/p2414157745.jpg'),(112,'恐怖直播 ? ?? ???','韩国',2013,'金秉祐','河正宇, 李璟荣, 全慧珍, 李大为','2013-07-31(韩国)','97分钟','韩国首尔某个平凡的早上，广播电台Daily Topic节目的主持人尹英华（河正宇 饰）正就税率改革与听众进行连线，这时一个自称住在首尔昌信洞的普通工人朴鲁圭打入电话，大肆抱怨超高的电费和相关部门对他的威胁。尹英华颇不耐烦，以偏离主题为由强行切断电话。谁知连线无法单方面由电台方面中断，愤怒的朴鲁圭继续抱怨，并扬言炸掉汉江大桥。尹英华不以为然，进而怂恿对方想做就做，谁知话音刚落，窗外的麻浦大桥便炸作废墟。大惊失色的尹英华很快冷静下来，他决定利用这次难得的机会打一次事业的翻身仗。\n在他的主持下，针对恐怖分子的连线直播就此展开，无关良知的节目拉开帷幕……',112,8.7,271552,'恐怖分子的“秋菊打官司”。','https://movie.douban.com/subject/21360417/','https://img3.doubanio.com/view/photo/s_ratio_poster/public/p2016930906.jpg'),(113,'小森林 夏秋篇 リトル?フォレスト 夏?秋','日本',2014,'森淳一','桥本爱, 三浦贵大, 松冈茉优, 温水洋一, 桐岛加恋','2014-08-30(日本)','111分钟','平凡女孩市子（桥本爱 饰）自幼生长在位于日本东北地区的村庄小森。这里远离都市的喧嚣和浮躁，为青山绿水所环绕，俨然一个幽静怡然的世外桃源。村民们日出而作，日落而息，依靠一双勤劳的双手经营渺小却舒适的生活，与世无争。市子曾经前往东京闯荡，只不过她终究无法适应都市快节奏的步伐，最终回到了妈妈早已不在的老宅。童年时妈妈福子利用山川田野各种食材做出胡乱命名的美食，实心眼的市子在感叹受骗之余，也将美好的回忆留在了味蕾深处。仿佛遵循着母亲的步伐，她将对故乡的热爱融入了美食的烹制中。在朋友佑太（三浦贵大 饰）和吉子（松冈茉优 饰）的环绕下，享受着无忧无虑的人生……\n本片根据五十岚大介的漫画改编。',113,8.9,168077,'那些静得只能听见呼吸的日子里，你明白孤独即生活。','https://movie.douban.com/subject/25814705/','https://img3.doubanio.com/view/photo/s_ratio_poster/public/p2221319641.jpg'),(114,'喜剧之王 喜劇之王','香港',1999,'周星驰, 李力持','周星驰, 张柏芝, 莫文蔚, 吴孟达, 林子善, 田启文, 李兆基, 成龙, 李思捷, 郑文辉','1999-02-13(香港)','85分钟','尹天仇（周星驰 饰）一直醉心戏剧，想成为一名演员，平时除了做跑龙套以外，还会在街坊福利会里开设演员训练班。此时舞小姐柳飘飘在妈妈桑的带领下来到这里要求学做戏，原来柳飘飘有一段非常不愉快的经历，在尹天仇对她指导的过程中，柳飘飘对尹天仇渐生情愫，同时她也成为了夜总会里当红的小姐。尹天仇受到了极多白眼之后，终于得到了大明星鹃姐（莫文蔚 饰）的赏识，提携他担演新戏中的男主角，但没想到突然把他的角色换掉了，令他失望不已。在片场当场务的卧底警员（吴孟达 饰）身份被识穿，尹天仇阴差阳错的帮忙破了案。之后尹天仇继续活跃在街坊福利会的演员训练班里。',114,8.6,380211,'我是一个演员。','https://movie.douban.com/subject/1302425/','https://img3.doubanio.com/view/photo/s_ratio_poster/public/p1043597424.jpg'),(115,'红辣椒 パプリカ','日本',2006,'今敏','林原惠美, 古谷彻, 江守彻, 山寺宏一, 堀胜之祐, 大塚明夫, 岩田光央, 田中秀幸','2006-09-02(威尼斯电影节), 2006-11-25(日本)','90 分钟','近未来，为了治疗现代人类越来越多、越来越严重的精神疾病，位于东京的精神医疗综合研究所开发出一种可以反映他人梦境的机器。通过微型DC的帮助，梦境在显示器上呈现出来，更方便找到一个人焦虑的症结。\n某日，三台微型DC失窃，与之相关的研究人员的梦境接连被人侵入，随后受到严重伤害。美女医疗师千叶敦子另一个身份是梦境侦探“红辣椒”，她能够与患者同步体验梦境。为避免盗贼利用微型DC进一步作恶，她不得不潜入受害者的梦中寻找恐怖分子，一场充满奇幻和惊险的争斗旋即展开……\n本片入围2006年威尼斯电影节主竞赛单元，荣获2007年葡萄牙奇幻电影节影评人选择奖、2006年蒙特利尔电影节大众选择奖。',115,8.9,162199,'梦的勾结。','https://movie.douban.com/subject/1865703/','https://img3.doubanio.com/view/photo/s_ratio_poster/public/p672363704.jpg'),(116,'菊次郎的夏天 菊次郎の夏','日本',1999,'北野武','北野武, 关口雄介, 岸本加世子, グレート義太夫, 井手博士, 磨赤儿, 大家由祐子, 细川典江, 今村鼠, 田中要次','1999-05-20(戛纳电影节), 1999-06-05(日本)','121 分钟','暑假到来，自幼丧父的小学三年级学生正男（关口雄介饰），如今和奶奶生活在一起，暑假特别无聊。他拿出母亲从外地寄回的信，准备自己一个人去爱知县丰桥市看望母亲。\n邻居阿姨（岸本加世子饰）发现后，决定帮正男完成心愿。她拿出一笔钱做为旅费，还安排游手好闲的老公菊次郎（北野武饰）陪伴正男一起踏上寻母之途。可是在第一天，菊次郎就把老婆给的钱全部输光，于是两个人只好步行前往爱知。\n一路搭顺风车，惹了不少麻烦后，菊次郎终于带着正男到了他母亲的家，但小男孩却十分沮丧。归途中，菊次郎努力安慰他，二人过得十分愉快，夏天就这么过去了。',116,8.7,221435,'从没见过那么流氓的温柔，从没见过那么温柔的流氓。','https://movie.douban.com/subject/1293359/','https://img3.doubanio.com/view/photo/s_ratio_poster/public/p751835224.jpg'),(117,'驯龙高手 How to Train Your Dragon','美国',2010,'迪恩·德布洛斯, 克里斯·桑德斯','杰伊·巴鲁切尔, 杰拉德·巴特勒, 克雷格·费格森, 亚美莉卡·费雷拉, 乔纳·希尔, 克里斯托夫·梅兹-普莱瑟, T·J·米勒, 克里斯汀·韦格, 罗宾·阿特金·唐斯, 菲利普·麦格雷德, 基隆·埃利奥特, 阿什利·詹森, 大卫·田纳特','2010-05-14(中国大陆), 2010-03-18(俄罗斯), 2010-03-26(美国)','98分钟','维京岛国的少年小嗝嗝（杰伊?巴鲁切尔 Jay Baruchel 配音）是部落统领伟大的斯托里克（杰拉德·巴特勒 Gerard Butler 配音）的儿子，他非常想像自己的父亲一样亲手屠龙——这些飞龙是岛上维京人放牧羊群的主要天敌——但他每次出现在部落屠龙的战斗中都只给大家徒增烦恼。在一次对抗飞龙的战斗中，希卡普偷偷用射龙器击伤了一只最神秘的“夜之怒龙”，并背着族人放生、豢养，甚至驯服了这只龙，还给它起名“无牙”。希卡普的神秘行径引起了一同训练屠龙技巧的女孩阿斯特丽德（亚美莉卡·费雷拉 America Ferrera 配音）的怀疑。阿斯特丽德发现了希卡普的秘密，却同时被身骑“无牙”御风而飞的美妙体验所震撼。格雷决定在屠龙成人礼上向远征归来的斯托里克和族人讲明真相，说服大家放弃屠龙，却偏偏弄巧成拙，害得“无牙”被俘，一场更大的灾难就在眼前……',117,8.7,335911,'和谐的生活离不开摸头与被摸头。','https://movie.douban.com/subject/2353023/','https://img1.doubanio.com/view/photo/s_ratio_poster/public/p450042258.jpg'),(118,'幸福终点站 The Terminal','美国',2004,'史蒂文·斯皮尔伯格','汤姆·汉克斯, 凯瑟琳·泽塔-琼斯, 斯坦利·图齐, 齐·麦克布赖德, 迭戈·卢纳, 巴里·沙巴卡·亨利, 库玛·帕拉纳, 佐伊·索尔达娜, 埃迪·琼斯, 祖德·塞克利拉, 科瑞·雷诺兹, 古列雷莫·迪亚兹, 里尼·贝尔, 瓦列里·尼古拉耶夫, 迈克尔·诺里','2005-01-14(中国大陆), 2004-06-18(美国)','128 分钟','为了完成父亲的心愿，维克多（汤姆?汉克斯 Tom Hanks 饰）从故国乘坐飞机前往美国肯尼迪机场，但戏剧性的事情发生了：他被告知祖国发生政变，而他的身份证护照一一失效，同时他的签证也无法再使用。进退两难的维克多只有在机场滞留，等待新证件的办理。\n但是，他在机场等待了整整9个月。在这9个月里面，他用机场的洗手间洗漱，在候机室睡觉，他已经学懂因地制宜，在机场照料自己的生活，甚至还找了一份建筑工地工作。然而维克多的邋遢晦气却招来了机场负责人弗兰克（史坦利?图齐 Stanley Tucci 饰）的不满，而恐怕更令他气愤妒忌的是，美丽的空姐艾米利亚（凯瑟琳?泽塔-琼斯 Catherine Zeta-Jones 饰）竟然爱上了维克多。处在甜蜜中的维克多，也在慢慢观察机场的人生百态，自得其乐。',118,8.7,258912,'有时候幸福需要等一等。 ','https://movie.douban.com/subject/1292274/','https://img3.doubanio.com/view/photo/s_ratio_poster/public/p792263736.jpg'),(119,'神偷奶爸 Despicable Me','美国 法国',2010,'皮埃尔·柯芬, 克里斯·雷纳德','史蒂夫·卡瑞尔, 杰森·席格尔, 拉塞尔·布兰德, 朱莉·安德鲁斯, 威尔·阿奈特, 克里斯汀·韦格, 米兰达·卡斯格拉夫, 达纳·盖尔, 艾尔西·费舍尔, 皮埃尔·柯芬, 克里斯·雷纳德, 杰梅奈·克莱门特, 杰克·麦克布瑞尔, 丹尼·麦克布莱德, 敏迪·卡灵, 罗布·许贝尔, 肯·道里欧, 郑肯','2010-06-20(莫斯科电影节), 2010-07-09(美国)','95分钟','超级坏蛋格鲁（史蒂夫·卡瑞尔 Steve Carell 配音）在听说埃及金字塔被盗的新闻后不满市面上新贼辈出，决定在纳法利欧博士（拉塞尔·布兰德 Russell Brand 配音）的帮助下建造火箭升空盗取月亮。在向坏蛋银行贷款的过程中，格鲁盗取的收缩射线枪被新贼维克托（杰森·席格尔 Jason Segel 配音）抢走。为了夺回收缩射线枪，格鲁决定领养三位孤儿——玛戈（米兰达·卡斯格拉夫 Miranda Cosgrove 配音）、伊迪丝（达娜·盖伊 Dana Gaier 配音）和阿格蕾丝（埃尔希·费舍 Elsie Fisher 配音），利用她们进入维克托的城堡兜售饼干的机会实施偷盗，计划成功后再偷偷处理掉三个小孩。然而在平凡的日常相处中，格鲁却发现自己越来越离不开这三个小鬼，但这样的感情用事却将严重影响周密的盗月计划……',119,8.5,450629,'Mr. I Don\'t Care其实也有Care的时候。','https://movie.douban.com/subject/3287562/','https://img1.doubanio.com/view/photo/s_ratio_poster/public/p792776858.jpg'),(120,'借东西的小人阿莉埃蒂 借りぐらしのアリエッティ','日本',2010,'米林宏昌','志田未来, 神木隆之介, 树木希林, 三浦友和, 大竹忍, 竹下景子, 藤原龙也','2010-07-17(日本)','94分钟','虽然患有心脏方面的疾病，但是少年翔（神木隆之介 配音）的父母依然对他疏于呵护。为了准备即将到来的手术，翔来到了位于偏远乡间的姨婆（竹下景子 配音）家静养。姨婆家位于一片幽静的丛林中，这是一幢有着上百年历史的欧式别墅。这里除了生活着姨婆和女佣阿春（树木希林 配音）外，还有一个奇特的三口之家，“借东西一族”——小人阿莉埃蒂（志田未来 配音）和她的爸爸（三浦友和 配音）妈妈（大竹忍 配音），他们生活在别墅的地板下，只有几公分高，过着不为人类察觉的生活。遇到所需的日常用品时，便会在夜深人静之时偷偷潜入厨房借出来。翔无疑中瞥见阿莉埃蒂的身影，他有心接近这些传说中的小人，却不知不觉打扰了他们的生活……\n本片根据英国作家玛丽·诺顿的原著《借东西的小人》改编，并荣获2011年日本电影学院奖最佳动画片奖。',120,8.7,250635,'曾经的那段美好会沉淀为一辈子的记忆。','https://movie.douban.com/subject/4202302/','https://img3.doubanio.com/view/photo/s_ratio_poster/public/p617533616.jpg'),(121,'岁月神偷 歲月神偷','香港 中国大陆',2010,'罗启锐','吴君如, 任达华, 钟绍图, 李治廷, 蔡颖恩, 秦沛, 夏萍, 谷德昭, 许鞍华, 张同祖, 庄域飞, 威廉希路, 李健兴, 林耀祺, 廖爱玲, 张翼东, 钱耀荣, 谭瓒强, 陈庆航, 黎祥荣','2010-04-16(中国大陆), 2010-02-14(柏林电影节), 2010-03-11(香港)','117分钟','60年代的香港，风云变幻。一面要忍受港英政府的压制，一面又受到内地运动的波及，更要面对不时登陆的台风暴雨。老字号的永利街就处在这样一个风暴的旋涡中心。\n鞋匠罗一家四口，在街尾以做鞋为生。罗先生（任达华 饰）做得一手好鞋，在那个混乱的年代仅能养家糊口；罗太太（吴君如 饰）为人辛辣直率，人称“侠盗罗嫂”。大儿子罗进一（李治廷 饰）16岁，品学兼优，是运动会的冠军，全家人的希望，也是永利街的骄傲；小儿子罗进二（钟绍图 饰）8岁，在父母溺爱之下，天性顽劣，出了名的顽皮整蛊……一家人艰难度日，也算其乐融融。\n然而大儿子与富家小姐芳菲（蔡颖恩 饰）之间一段纯美的初恋、一场扫荡整个香港的飓风暴雨、更有一场潜伏已久的噩梦，让这个普通家庭的平安幸福在一夜之间陡生变故、支离破碎……面对岁月这个最大的“神偷”，顽强不屈的人该如何去抵抗？\n2010第60届柏林电影节“新生代...',121,8.6,343660,'岁月流逝，来日可追。','https://movie.douban.com/subject/3792799/','https://img3.doubanio.com/view/photo/s_ratio_poster/public/p456666151.jpg'),(122,'萤火虫之墓 火垂るの墓','日本',1988,'高畑勋','辰己努, 白石绫乃, 志乃原良子, 山口朱美, 端田宏三','1988-04-16(日本)','89 分钟','美日战争爆发，14岁的清太带着年幼的妹妹到处逃命，当他们到达防空洞的时候，母亲已身受重伤，没过多久便不久人世。两兄妹自此过着相依为命的日子。他们只好投靠了母亲的姐妹，纵使他们把家里所有的家当都送给了阿姨，但当食物吃完，他们就越感到了寄人篱下的感觉，清太决定带着妹妹离开独自生活。火灾硝烟中的生活并不好过，清太为了妹妹四处偷取食物，但妹妹还是严重营养不良……',122,8.7,231964,'幸福是生生不息，却难以触及的远。 ','https://movie.douban.com/subject/1293318/','https://img1.doubanio.com/view/photo/s_ratio_poster/public/p2237136718.jpg'),(123,'杀人回忆 ??? ??','韩国',2003,'奉俊昊','宋康昊, 金相庆, 金雷河, 宋在浩, 朴努植, 朴海日, 边熙峰, 高瑞熙, 郑仁仙','2003-05-02(韩国)','130分钟','1986年，韩国京畿道华城郡，热得发昏的夏天，在田野边发现一具女尸，早已发臭。小镇警察朴探员（宋康昊饰）和汉城来的苏探员（金相庆饰）接手案件，唯一可证实的是这具女尸生前被强奸过。线索的严重缺乏让毫无经验的朴探员和搭档曹探员（金罗河饰）只凭粗暴逼供和第六感推断，几次将犯罪 嫌疑人屈打成招。而苏探员客观冷静，据理分析，几次排除嫌疑，警察内部为了证明与推翻矛盾不断，然而无辜女子还是接二连三被残忍杀害，他们只好达成共识一起合作。此时，一个极其符合作案特征的小青年（朴海日饰）成为最大嫌疑人，警方神经绷紧地锁定住他，同时DNA检测报告也被送往美国，然而案件并未在此处停止。',123,8.7,240742,'关于连环杀人悬案的集体回忆。','https://movie.douban.com/subject/1300299/','https://img1.doubanio.com/view/photo/s_ratio_poster/public/p480225538.jpg'),(124,'七武士 七人の侍','日本',1954,'黑泽明','三船敏郎, 志村乔, 稻叶义男, 宫口精二, 千秋实, 加东大介, 木村功','1954-04-26(日本)','160分钟(国际版)','日本战国时代，一小山村面临着山贼的威胁，为了保护秋天的收成，村中长老决定让去请武士来保护村子安全，但只能拿出的报酬是一天三顿的白米饭。在城里，他们遭到了武士白眼甚至被打。直到勘兵卫（志村乔饰）的出现，他现今已沦为浪人，几经考虑最后答应了。他对农民说至少需要七名武士，于是久藏（宫口精二饰）、胜四郎（木村功饰）、五郎（稻叶义男饰）、七郎（加东大介饰）、平八（千秋实饰）和菊千代（三船敏郎饰）等六人也加入了队伍，七个人肩负保卫村子的任务。\n整个防御准备的过程中，武士与农民间发生许多摩擦也闹出不少笑话。而在一次偷袭行动中，有武士为救农民被火枪打死，很快山贼的反扑随之而来，一场恶战即将开始。',124,9.2,90137,'时代悲歌。','https://movie.douban.com/subject/1295399/','https://img3.doubanio.com/view/photo/s_ratio_poster/public/p647099823.jpg'),(125,'怪兽电力公司 Monsters, Inc.','美国',2001,'彼特·道格特, 大卫·斯沃曼, 李·昂克里奇','约翰·古德曼, 比利·克里斯托, 玛丽·吉布斯, 史蒂夫·布西密, 詹姆斯·柯本, 詹妮弗·提莉, 鲍勃·彼德森, 约翰·拉岑贝格, 弗兰克·奥兹, 丹尼尔·吉尔森, 邦尼·亨特, 杰克·安杰尔, 塞缪尔·洛德·布莱克, 史蒂夫·萨斯坎德','2001-11-02(美国), 2012-12-19(美国)','92 分钟','我们不知道，在那样的世界里住着那样一群怪物。他们长相滑稽，却必须装作狰狞。因为，在夜深的时候，他们要悄悄的出现在孩子的衣橱里，吓唬刚刚甜美睡去的宝宝。一切，只因为他们是怪物电力公司的员工，而孩子的尖叫，则是怪物王国发电的全部能量。怪物们害怕孩子，却又必须让孩子尖叫。在怪物的国度里，他们都是为全民造福的英雄。\n毛怪苏利文（约翰?古德曼）是怪物公司最出色的员工，业绩总是摇摇领先，他吓哭的小孩儿不计其数。他与搭档大眼怪麦克（比利?克里斯托）很受大家的爱戴。一次偶然，毛怪不小心把一个两岁的小女孩阿布（玛丽?吉布斯）带回了怪物世界，引起了极大的恐慌，调皮可爱的阿布把这些可怕的怪物吓的人仰马翻。警方在追捕阿布，而坏蛋亨利（詹姆斯?柯博）也计划利用阿布进行他改革工厂的邪恶计划。\n另一方面，在与阿布相处的过程中，毛怪渐渐对她产生莫名的情愫，甚至因此被放逐野外。可是一...',125,8.6,286964,'不要给它起名字，起了名字就有感情了。','https://movie.douban.com/subject/1291579/','https://img1.doubanio.com/view/photo/s_ratio_poster/public/p2513247938.jpg'),(126,'谍影重重3 The Bourne Ultimatum','美国 德国',2007,'保罗·格林格拉斯','马特·达蒙, 朱丽娅·斯蒂尔斯, 大卫·斯特雷泽恩, 斯科特·格伦, 帕迪·康斯戴恩, 埃德加·拉米雷兹, 阿尔伯特·芬尼, 琼·艾伦, Tom Gallop, 克里·约翰逊, 丹尼尔·布鲁尔, 乔伊·安沙, 科林·斯廷顿, 丹·弗雷登堡, Lucy Liemann','2007-11-15(中国大陆), 2007-08-03(美国)','115分钟','失去了心爱的女人，波恩（马特?戴蒙 饰）面临更为艰难的日子，他努力回忆，却只能在睡梦中被脑海里一知半解的闪回所惊醒，依然无法记起自己的身份。\n但是波恩注定不是平凡人，不等他冷静下来好好“寻找回”自己真正的身份，中情局派出的杀手又接踵而至。在接连的几次较量之后，杰森?伯恩终于被彻底激怒，决定反戈一击——他主动追击杀手，到过莫斯科、马德里。巴黎，也在伦敦和丹吉尔做过停留。\n随着问题一个一个解决，杰森回到了纽约，在那里，他将会找到一切的答案，寻回自己的身份。',126,8.7,208324,'像吃了苏打饼一样干脆的电影。','https://movie.douban.com/subject/1578507/','https://img1.doubanio.com/view/photo/s_ratio_poster/public/p792223507.jpg'),(127,'喜宴 囍宴','台湾 美国',1993,'李安','赵文瑄, 郎雄, 归亚蕾, 金素梅, 米切尔·利希藤斯坦','1993-02(柏林电影节), 1993-08-04(美国)','108分钟','伟同（赵文瑄）是事业有成的男同志，与男友赛门（Mitchell Lichtenstein）在美国过着幸福的同居日子，烦恼来自要用各种招数应对远在台北的父（郎雄）母（归亚蕾）的一次次逼婚。伟同被逼以“乖乖仔”形象修书一封声称会在美国结婚，没料父母想亲眼见证。无奈，他只得拉上来自上海的不得志的女艺术家葳葳（金素梅）“假婚”，想逃过一劫。\n父母对葳葳相当满意，却对伟同的草率态度不满，为让父母满意尽快返回台北，伟同犹如“拼命三郎”使出了浑身解数。但人算不如天算，不断的波折使得父母的返台日期一次次推迟，令他和赛门的感情亮起“红灯”，而葳葳又意外怀上了他的孩子。似乎，伟同在强大的父母（传统）面前，只能选择去做一个 “表面正常”的男人。',127,8.8,161796,'中国家庭的喜怒哀乐忍。','https://movie.douban.com/subject/1303037/','https://img1.doubanio.com/view/photo/s_ratio_poster/public/p2249048907.jpg'),(128,'电锯惊魂 Saw','美国',2004,'温子仁','雷·沃纳尔, 加利·艾尔维斯, 丹尼·格洛弗, 肯·梁, 迪娜·迈耶, 迈克·巴特斯, 保罗·古德勒支, 迈克尔·爱默生, 本尼托·马丁内斯, 肖妮·史密斯, 麦肯兹·韦加, 莫妮卡·波特, 耐德·巴拉米, 亚丽姗卓·全, 托宾·贝尔','2004-01-19(圣丹斯电影节), 2004-10-29(美国)','103分钟','一觉醒来的亚当（雷?沃纳尔 Leigh Whannell饰）发现自己被困在一个废弃的厕所里。他的对面是同样命运的劳伦斯（加利?艾尔维斯 Cary Elwes 饰）——他们被人用铁链绑住了腿，并吃惊发现二人中间横亘着一个恐怖的死人。死人鲜血淋漓，左手拿录放机右手拿枪。\n亚当兜里被人放进来一盘磁带，他赶紧放到录放机里。磁带里说，罗伦斯必须在今晚6点前杀死亚当，否则二人将同归于尽，劳伦斯的家人也不能幸免。而面前死人流出来的血，剧毒无比。\n一个血腥的死亡游戏开始了。在剩下不多的时间里，他们必须找到线索，逃出地狱。在最后关头，当他们以为重见天日的时候，新一轮的噩梦才刚刚开始。',128,8.7,226670,'真相就在眼前。','https://movie.douban.com/subject/1417598/','https://img3.doubanio.com/view/photo/s_ratio_poster/public/p2163771304.jpg'),(129,'贫民窟的百万富翁 Slumdog Millionaire','英国 美国',2008,'丹尼·博伊尔, 洛芙琳·坦丹','戴夫·帕特尔, 沙鲁巴·舒克拉, 亚尼·卡普, 拉詹德拉纳斯·祖特施, 吉尼瓦·塔瓦尔, 芙蕾达·平托, 伊尔凡·可汗, 爱资哈尔丁·穆罕默德·伊斯梅尔, 阿什·马赫什·舍德卡, 马赫什·曼杰瑞卡, 麦活·米泰尔','2009-03-26(中国大陆), 2008-08-30(特柳赖德电影节), 2009-01-09(英国)','120 分钟','2006年，印度孟买。\n印度青年杰玛?马利克（戴夫?帕特尔饰）还差一个问题就能赢得2千万卢比。他是怎么做到的？A：他作弊；B：他幸运；C：他是天才；D：一切命中注定。\n这是《谁想成为百万富翁》电视猜谜节目的人生版。杰玛?马利克在已经赢得1千万卢比的情况下被警方以欺诈罪逮捕，严刑拷问下杰玛说出他获得1千万卢比的真相——他确实知道答案，但他只知道这些！\n出身贫民窟的杰玛年幼就生活艰苦，他与哥哥沙里姆、少女拉媞卡(芙蕾达?平托饰)三人却一起经历了几十年印度的变迁。之前每一个问题，都好像是杰玛的记忆碎片，牵动他关于亲情、爱情与人生的回忆。\n而现在，杰玛一方面要洗清自己的犯罪嫌疑，一方面要拯救与拉媞卡的爱。在金钱与爱之前，杰玛能够沉着冷静，选择出正确的答案吗？',129,8.5,437066,'上帝之城+猜火车+阿甘正传+开心辞典=山寨富翁','https://movie.douban.com/subject/2209573/','https://img3.doubanio.com/view/photo/s_ratio_poster/public/p2434249040.jpg'),(130,'东邪西毒 東邪西毒','香港 台湾',1994,'王家卫','张国荣, 林青霞, 梁朝伟, 张学友, 张曼玉, 刘嘉玲, 梁家辉, 杨采妮, 邹兆龙','1994-09-17(中国大陆)','100分钟','在恋人（张曼玉）负气嫁给兄长的当晚，欧阳锋（张国荣）黯然离开白陀山，走进沙漠某个小镇，成为一名杀手中介人。他的朋友、风流剑客黄药师（梁家辉）每年都来小镇与他畅饮，酒话里有关白陀山的消息令他忘却往事的念想渐次演变成自欺行为。\n黄药师只是表面风流。他迷恋好友“盲武士”（梁朝伟）的妻子桃花（刘嘉玲），后者在丈夫死后，永远地离开了他；而对迷恋他的女人慕容嫣（林青霞），他又不愿兑现曾经随口说出的承诺，这使得慕容嫣迷失于自己的身份中。与欧阳锋构成短暂“买凶杀人”关系的洪七（张学友）、村姑（杨采妮）等人，也都有一段只有他们自己才知、不愿回首的痛苦过往。',130,8.6,292262,'电影诗。','https://movie.douban.com/subject/1292328/','https://img3.doubanio.com/view/photo/s_ratio_poster/public/p1982176012.jpg'),(131,'真爱至上 Love Actually','英国 美国 法国',2003,'理查德·柯蒂斯','休·格兰特, 科林·费尔斯, 艾玛·汤普森, 凯拉·奈特莉, 连姆·尼森, 托马斯·布罗迪-桑斯特, 比尔·奈伊, 马丁·弗瑞曼, 劳拉·琳妮, 艾伦·瑞克曼, 克里斯·马歇尔, 罗德里戈·桑托罗, 罗温·艾金森, 比利·鲍伯·松顿, 玛汀·麦古基安, 安德鲁·林肯, 露西娅·莫尼斯, 海克·玛卡琪','2003-09-07(多伦多电影节), 2003-11-06(美国), 2003-11-21(英国)','135 分钟','这是一出10个爱情故事窜成的喜剧杂烩：\n失去母亲的小男孩终日郁郁寡欢，继父不知该如何安慰。当他得知继子喜欢上学校里最美的女孩，便热烈地鼓励儿子去追。小男孩为了赢得小女孩的关注，废寝忘食地练习架子鼓，只为了在圣诞节的晚会上能与她同台演出。勇敢的他，甚至为了最后的一记道别潇洒地突破机场的安检区。\n两个孩子的母亲面对了婚姻危机。丈夫感情出轨，把项链送给了别的女人，给她的，则仅是一张她热爱的女歌手的CD。她找了借口仓皇躲入卧室，在歌声中隐忍啜泣。转个身，又夸张地大笑着，迎向娇女爱子欢喜的面容。 丈夫最终幡然醒悟。\n……\n如此的小故事共有十出，温暖你我的心。',131,8.5,353024,'爱，是个动词。','https://movie.douban.com/subject/1292401/','https://img3.doubanio.com/view/photo/s_ratio_poster/public/p475600770.jpg'),(132,'记忆碎片 Memento','美国',2000,'克里斯托弗·诺兰','盖·皮尔斯, 凯瑞-安·莫斯, 乔·潘托里亚诺, 小马克·布恩, 拉什·费加, 乔雅·福克斯, 斯蒂芬·托布罗斯基, 哈里特·桑塞姆·哈里斯, 托马斯·列农, 考乐姆·吉斯·雷尼, 金伯利·坎贝尔, 玛丽安妮·穆勒雷尔, 拉里·霍尔登','2000-09-05(威尼斯电影节), 2000-10-20(英国), 2001-05-25(美国)','113分钟','当记忆支离破碎后，你该怎样面对生活？本片的主人公就遭遇了这样的事情。\n莱纳?谢尔比（盖伊?皮尔斯 饰）在家遭到歹徒的袭击，妻子被残忍的奸杀，自己脑部也受到严重的伤害。\n醒来后，他发现自己患了罕见的“短期记忆丧失症”，他只能记住十几分钟前发生的事情，为了让生活继续下去，更为了替惨死的妻子报仇，他凭借纹身、纸条、宝丽来快照等零碎的小东西，保存记忆，收集线索，展开了艰难的调查。\n调查中，莱纳遇上粗俗的酒吧女招待娜塔莉娅(凯瑞?安妮?莫斯 饰)，她似乎知道一些莱昂纳多感兴趣的事；还有泰迪(乔?潘托利亚诺 饰)，自称是他以前好朋友，但看上去鬼鬼祟祟的，不怀好意。到底谁能相信？娜塔莉娅？泰迪？还是他自己？\n抽丝剥茧之后，真相呼之欲出，简单之至却又残酷无比，而莱纳是否有面对这一切的勇气？',132,8.6,317888,'一个针管引发的血案。','https://movie.douban.com/subject/1304447/','https://img3.doubanio.com/view/photo/s_ratio_poster/public/p641688453.jpg'),(133,'黑天鹅 Black Swan','美国',2010,'达伦·阿伦诺夫斯基','娜塔莉·波特曼, 米拉·库尼斯, 文森特·卡索, 芭芭拉·赫希, 薇诺娜·瑞德, 本杰明·米派德, 克塞尼亚·索罗, 克里斯汀娜·安娜波, 詹妮特·蒙哥马利, 塞巴斯蒂安·斯坦, 托比·海明威, 塞尔吉奥·托拉多, 马克·马戈利斯, 蒂娜·斯隆, 亚伯拉罕·阿罗诺夫斯基, 夏洛特·阿罗诺夫斯基, 玛西娅·让·库尔茨, 肖恩·奥哈根, 克里斯托弗·加廷, 黛博拉·奥夫纳, 斯坦利·B·赫尔曼, 库尔特·弗勒曼, 帕特里克·赫辛格, 莎拉·海伊','2010-09-01(威尼斯电影节), 2010-12-17(美国)','108分钟','纽约剧团要重排《天鹅湖》，因前领舞Beth（薇诺娜?赖德 Winona Ryder 饰）离去，总监Thomas（文森特?卡索尔 Vincent Cassel. 饰）决定海选新领舞，且要求领舞要分饰黑天鹅与白天鹅。Nina（娜塔莉?波特曼Natalie Portman 饰）自幼练习芭蕾舞，在母亲的细心关照下，技艺出众。这次，她希望可以脱颖而出。然而，在竞争中，她发现心机颇重的Lily（米拉?库妮丝 Mila Kunis 饰）是自己的强劲对手。在选拔中，她的白天鹅表演的无可挑剔，但是黑天鹅不及Lily。她感到身心俱疲，回家还发现了背部的红斑与脚伤。她一个人找到总监，希望争取一下。总监趁机亲吻她，却被她强硬拒绝。结果，总监居然选了她。队友怀疑她靠色相上位。在酒会上，Beth甚至当众发泄。这种压力外加伤病，一直影响着她的发挥。总监启发她要释放激情，表现出黑天...',133,8.5,471580,'黑暗之美。','https://movie.douban.com/subject/1978709/','https://img3.doubanio.com/view/photo/s_ratio_poster/public/p719282906.jpg'),(134,'疯狂原始人 The Croods','美国',2013,'柯克·德·米科, 克里斯·桑德斯','尼古拉斯·凯奇, 艾玛·斯通, 瑞恩·雷诺兹, 凯瑟琳·基纳, 克萝丽丝·利奇曼, 克拉克·杜克, 克里斯·桑德斯, 兰迪·汤姆','2013-04-20(中国大陆), 2013-02-15(柏林电影节), 2013-03-22(美国)','98分钟','原始人咕噜一家六口在老爸Grug（尼古拉斯·凯奇 Nicolas Cage 配音）的庇护下生活。每天抢夺鸵鸟蛋为食，躲避野兽的追击，每晚听老爸叙述同一个故事，在山洞里过着一成不变的生活。大女儿Eep（艾玛·斯通 Emma Stone 配音）是一个和老爸性格截然相反的充满好奇心的女孩，她不满足一辈子留在这个小山洞里，一心想要追逐山洞外面的新奇世界。\n没想到世界末日突然降临，山洞被毁，一家人被迫离开家园，展开一场全新的旅程。离开了居住了“一辈子”的山洞，展现在他们眼前的是一个崭新绚丽却又充满危险的新世界，到处都是食人的花草和叫不出名字的奇异鸟兽，一家人遇到了全所未有的危机。在旅途中，他们还遇到了游牧部落族人Guy（瑞恩·雷诺兹 Ryan Reynolds 配音），他有着超凡的创造力和革新思想，帮助咕噜一家躲过了重重困难，途中他还发明了很多“高科技”产品，...',134,8.7,423331,'老少皆宜，这就是好莱坞动画的魅力。','https://movie.douban.com/subject/1907966/','https://img1.doubanio.com/view/photo/s_ratio_poster/public/p1867084027.jpg'),(135,'小森林 冬春篇 リトル?フォレスト 冬?春','日本',2015,'森淳一','桥本爱, 三浦贵大, 松冈茉优, 温水洋一, 桐岛加恋','2015-02-14(日本)','120分钟','于无法融入喧嚣吵闹的大城市，平凡女孩市子（桥本爱 饰）选择回到自幼生长的老家——位于日本东北地区的小森村。这里没有过多时尚文明的色彩，当地人过着日出而作日落而息的传统生活，他们靠天吃饭，靠着双手经营人生。生活虽不富裕，心中则是满满的充实和欢喜。受妈妈（桐島かれん 饰） 影响，市子似乎对亲手制作各种美味而廉价的料理有着格外浓厚的兴趣。妈妈失踪已经很久，对料理的回忆与再现成为母女间别具特色的交流方式。更何况还有取自大自然的各种食材，又怎能暴殄天物浪费了大好的韶光？在好友纪子（松冈茉优 饰）和裕太（三浦贵大 饰）的陪伴下，市子静静地走过了春夏秋冬……\n本片根据漫画家五十岚大介的原作改编。',135,9.0,145323,'尊敬他人，尊敬你生活的这片土地，明白孤独是人生的常态。','https://movie.douban.com/subject/25814707/','https://img1.doubanio.com/view/photo/s_ratio_poster/public/p2215147728.jpg'),(136,'请以你的名字呼唤我 Call Me by Your Name','意大利 法国 巴西 美国',2017,'卢卡·瓜达尼诺','蒂莫西·柴勒梅德, 艾米·汉莫, 迈克尔·斯图巴, 阿蜜拉·卡萨, 艾斯特·加瑞尔, 维克托瓦尔·杜·波依斯, 旺妲·卡布里奥罗, 安东尼奥·里莫尔迪, 埃琳娜·布奇, 马可·斯格罗索, 安德列·艾席蒙, 彼得·斯皮尔斯','2017-01-22(圣丹斯电影节), 2017-11-24(美国)','132分钟','故事发生在八十年代的意大利里维埃拉，每年夏天，十七岁的少年艾力奥（提莫西·查拉梅 Timothée Chalamet 饰）都会跟家人一起来此地度假。今年，和他们共享假日时光的，还有来自美国的奥利弗（艾米·汉莫 Armie Hammer 饰），高大英俊热情开朗的奥利弗很快就获得了艾力奥一家人的喜爱。\n随着时间的推移，艾力奥和奥利弗之间渐渐产生了致命的吸引力，但性别和年龄的桎梏让他们迟迟无法跨出那关键的一步，与此同时，单纯善良的少女马奇娅（艾斯特·加莱尔 Esther Garrel 饰）也向艾力奥奉献着自己的感情和身体。最终，汹涌的激情冲破了艾力奥和奥利弗之间的防线，两人开始了一段注定不会有结果的恋情。',136,8.8,223193,'沉醉在电影的情感和视听氛围中无法自拔。','https://movie.douban.com/subject/26799731/','https://img3.doubanio.com/view/photo/s_ratio_poster/public/p2505525050.jpg'),(137,'哈利·波特与死亡圣器(下) Harry Potter and the Deathly Hallows: Part 2','美国 英国',2011,'大卫·叶茨','丹尼尔·雷德克里夫, 艾玛·沃森, 鲁伯特·格林特, 海伦娜·伯翰·卡特, 拉尔夫·费因斯, 艾伦·瑞克曼, 玛吉·史密斯, 汤姆·费尔顿, 邦妮·怀特, 朱丽·沃特斯, 迈克尔·刚本, 伊文娜·林奇, 多姆纳尔·格里森, 克蕾曼丝·波西, 詹森·艾萨克, 海伦·麦克洛瑞, 马修·刘易斯, 梁佩诗, 约翰·赫特, 大卫·休里斯, 加里·奥德曼, 吉姆·布劳德本特, 艾玛·汤普森, 娜塔丽·特纳, 蒂莫西·斯波, 大卫·布拉德利, 罗彼·考特拉尼, 凯莉·麦克唐纳, 塞伦·希德','2011-08-04(中国大陆), 2011-07-15(美国)','130分钟','当又一次和伏地魔（拉尔夫·费因斯 Ralph Fiennes 饰）的意识连通，哈利·波特（丹尼尔·雷德克里夫 Daniel Radcliffe 饰）断定最后一件魂器藏在霍格沃茨，于是和罗恩（鲁伯特·格林特 Rupert Grint 饰）、赫敏（艾玛·沃森 Emma Watson 饰）一同返回阴云密布的学校。在好友们的帮助下，他们成功驱逐了斯内普（艾伦·瑞克曼 Alan Rickman 饰），然而觉察到哈利目的的伏地魔则率领徒众向霍格沃茨逼近。食死徒、摄魂怪、巨人疯狂涌入这所有着悠久历史的魔法学校，正邪决战旋即爆发，一时间血雨腥风，死伤无数。从斯内普的眼泪中，哈利不仅了解到父辈的故事，也证实了藏缅于他体内最后的秘密。在此之后，他也和伏地魔迎来了最后的对决……\n本片根据英国作家J.K.罗琳的同名原著改编，也是“哈利·波特”系列影片的完结篇。',137,8.7,319044,'10年的完美句点。','https://movie.douban.com/subject/3011235/','https://img3.doubanio.com/view/photo/s_ratio_poster/public/p917846733.jpg'),(138,'雨人 Rain Man','美国',1988,'巴瑞·莱文森','达斯汀·霍夫曼, 汤姆·克鲁斯, 瓦莱丽亚·戈利诺, 邦尼·亨特','1988-12-16(美国)','133分钟','查理（汤姆·克鲁斯 Tom Cruise 饰）父亲去世，留下了300万美元的遗产。然而令他意外的是，遗产全部给了一个他不认识的哥哥雷蒙（达斯汀·霍夫曼 Dustin Hoffman 饰）。雷蒙的名字查理从没听过，这个事件让他气愤不已。他决定前去寻找哥哥。谁知雷蒙的住处就在一个精神病院里，原来他自幼患有自闭症，母亲去世后就被送到精神病院治疗。查理心中有了算计，他把雷蒙带出精神病院，企图骗他出让遗产。\n雷蒙的生活习惯奇异，活在自己的幻想世界里，有很多离奇古怪的行为。并且，查理在共处中发现了雷蒙惊人的记忆能力，他试着利用哥哥过目不忘的本领去赌场上试一下身手，赢得了一大笔奖金，使查理足以摆脱穷困生活。而令查理收获更大的是，他还获得了慢慢升温的亲情，这种手足情远远胜过了他原先图谋的300万的遗产。',138,8.6,231944,'生活在自己的世界里，也可以让周围的人显得可笑和渺小。','https://movie.douban.com/subject/1291870/','https://img3.doubanio.com/view/photo/s_ratio_poster/public/p942376281.jpg'),(139,'萤火之森 蛍火の杜へ','日本',2011,'大森贵弘','佐仓绫音, 内山昂辉','2011-09-17(日本)','45分钟','某年夏天，6岁小女孩竹川萤来到爷爷家度假，她闯进了传说住满妖怪的山神森林。正当她因为迷路而焦急万分的时候，一个戴着狐狸面具的大男孩出现在她面前，并引领着萤找到回家的路。虽然萤分外感激，可是男孩却禁止她碰触自己的身体，原来这名叫银的男孩并非人类，他一旦被人类碰触就会烟消云散。在此后的日子里，萤和银成为好朋友，他们走遍了森林的每一个角落玩耍。日复一日，年复一年，每到夏天的时候萤就会如约来到森林和好朋友见面。她遵守着和银的约定，无论如何也不碰触银的身体。随着年龄的增长，萤和银对彼此的情感都悄悄发生了变化，他们共同期待相聚的日子，共同期待拥抱对方……\n本片根据绿川幸的原作改编。',139,8.8,193118,'触不到的恋人。','https://movie.douban.com/subject/5989818/','https://img1.doubanio.com/view/photo/s_ratio_poster/public/p1272904657.jpg'),(140,'海洋 Océans','法国 瑞士 西班牙 美国 阿联酋',2009,'雅克·贝汉,  雅克·克鲁奥德','皮尔斯·布鲁斯南, 雅克·贝汉, 姜文, 宫泽理惠','2011-08-12(中国大陆), 2009-10-17(东京电影节), 2010-01-27(法国)','104分钟(法国)','《海洋》耗时五年，耗资5000万欧元，动用12个摄制组、70艘船，在全球50个拍摄地，有超过100个物种被拍摄，超过500小时的海底世界及海洋相关素材，是史上投资最大的纪录片。\n海洋是什么？这部电影告诉你答案。这是一部以环保为主题，令人心旷神怡、叹为观止的生态学纪录片。本片聚焦于覆盖着地球表面的四分之三的“蓝色领土”。导演深入探索这个幽深而富饶的神秘世界、完整地呈现海洋的壮美辽阔。真实的动物世界的冒险远比动画片中的故事来的精彩，接下来银幕展开——巨大的水母群、露脊鲸、大白鲨、企鹅等。毫不吝啬在镜头前展示他们旺盛的生命力，让人叹为观止。',140,9.0,106338,'大海啊，不全是水。','https://movie.douban.com/subject/3443389/','https://img3.doubanio.com/view/photo/s_ratio_poster/public/p497010372.jpg'),(141,'英雄本色','香港',1986,'吴宇森','周润发, 狄龙, 张国荣, 朱宝意, 李子雄, 田丰, 吴宇森, 曾江, 成奎安, 徐克, 陈志辉','2017-11-17(中国大陆), 1986-08-02(香港)','95分钟','香港某个国际伪钞集团重要分子宋子豪（狄龙 饰）和Mark（周润发 饰）情同手足，某次宋子豪带手下谭成（李子雄 饰）去台北交易时被其出卖受枪伤被捕入狱，为替好兄弟报仇，Mark孤身赴台，结果被人打成瘸子，江湖地位自此一落千丈，而宋子豪的父亲也在不久丧命。 一向视宋子豪为偶像的宋子杰（张国荣 饰）得知哥哥的真实身份后，对黑社会及他恨之入骨，立誓利用警察身份将黑帮势力斩草除根，宋子豪出狱后不顾苦等他想重创辉煌的Mark的劝阻，决心弃暗投明，无奈得不到宋子杰的谅解。而此时已成帮会老大的谭成欲找宋子豪再合作，遭拒绝后放言会害宋子杰，被逼走投无路，宋子豪决定再与Mark连手共抗强敌。',141,8.6,204944,'英雄泪短，兄弟情长。 ','https://movie.douban.com/subject/1297574/','https://img1.doubanio.com/view/photo/s_ratio_poster/public/p2504997087.jpg'),(142,'7号房的礼物 7??? ??','韩国',2013,'李焕庆','柳承龙, 朴信惠, 郑镇荣, 金正泰, 吴达洙, 朴元尚, 郑满植, 葛素媛','2013-01-23(韩国)','127分钟','1997年，只有6岁儿童智商的智障男子李龙久（柳成龙 饰）和可爱的女儿艺胜（葛素媛 饰）相依为命，生活虽然简单清贫，却充满幸福。某天，执着为女儿买美少女战士书包的龙久意外卷入一起幼童诱拐奸杀案，而死者竟是警察局长的女儿。龙久懵懂无知，搞不清状况，昏头昏脑就被投入监狱。在7号牢房中，聚集着走私犯蘇杨浩（吴达洙 饰）、诈骗犯崔春浩（朴元尚 饰）、通奸犯姜万范（金正泰 饰）、恐吓犯老徐（金基灿 饰）和抢劫犯申奉植（郑万植 饰）等五毒俱全的“社会渣滓”。龙久孩子般纯洁的心渐渐感动了这几个“大坏蛋”，他们甚至不惜冒险将艺胜带入牢房与父亲相会。\n黑暗冰冷的监牢内，7号牢房阳光满满……',142,8.7,210166,'《我是山姆》的《美丽人生》。','https://movie.douban.com/subject/10777687/','https://img3.doubanio.com/view/photo/s_ratio_poster/public/p1816276065.jpg'),(143,'卢旺达饭店 Hotel Rwanda','英国 南非 意大利 美国',2004,'特瑞·乔治','唐·钱德尔, 苏菲·奥康内多, 杰昆·菲尼克斯, 尼克·诺特, 哈基姆·凯-卡西姆, 托尼·戈罗奇, 法纳·莫科纳, 大卫·奥哈拉, 莫苏西·麦格诺, 西莫·莫加瓦扎, 卡拉·西摩, 罗伯托·西特兰, 德斯蒙德·杜布, 蕾乐蒂·库马洛','2004-12-22(美国)','121分钟','1962年，卢旺达宣布独立后，胡图族与图西族两部族之间矛盾重重，多次发生冲突，战事持续不断。胡图族大肆屠杀图西族人，在这种背景下，卢旺达饭店经理保罗一直四面奔走，最终成功挽救了饭店里一千多名图西族和胡图族难民。',143,8.9,138466,'当这个世界闭上双眼，他却敞开了怀抱。','https://movie.douban.com/subject/1291822/','https://img3.doubanio.com/view/photo/s_ratio_poster/public/p2159368352.jpg'),(144,'心迷宫','中国大陆',2014,'忻钰坤','霍卫民, 王笑天, 罗芸, 杨瑜珍, 孙黎, 邵胜杰, 曹西安, 贾致钢, 朱自清, 王梓尘, 赵梓彤, 贾世忠, 袁满, 陈梅生, 张景素, 平坦, 金子, 张建军','2015-10-16(中国大陆), 2014-07-21(FIRST青年影展), 2014-08-28(威尼斯电影节)','110分钟(中国大陆)','一个想要挣脱父权控制的青年，在一次争执中失手杀死了同村的痞子，被迫逃亡。他没有想过会用这样的方式逃离安逸的生活，离开之际却惊人的发现宿命早已将他和专制的父亲紧紧连接在一起，走或留他都将失去一切。\n一个饱受家庭暴力摧残的留守女人，在曾经恋人的怀抱里找到了慰藉。黑暗里绝望的女人与情夫密谋杀夫，可当莽夫的死讯真的传来时，情夫却避而不见矢口否认一切。当女人又一次陷入绝望，另一个男人出现在她的生活里，他给女人带来的不仅仅是关心……\n一个行为正直严格自律的老村长，精心设计着自己退休后的晚年生活。一生忠诚于信仰的他，却在本性面前轻易地低下了头；一个污点掉落在命运蓝图上，他竭力去擦掉污迹，却剥开了一个黑洞，深陷其中。',144,8.7,215572,'荒诞讽刺，千奇百巧，抽丝剥茧，百转千回。','https://movie.douban.com/subject/25917973/','https://img3.doubanio.com/view/photo/s_ratio_poster/public/p2275298525.jpg'),(145,'荒蛮故事 Relatos salvajes','阿根廷 西班牙',2014,'达米安·斯兹弗隆','达里奥·格兰迪内蒂, 玛丽娅·玛努尔, 莫妮卡·比利亚, 丽塔·科尔泰塞, 胡丽叶塔·泽尔贝伯格, 凯撒·博尔东, 莱昂纳多·斯巴拉格利亚, 沃尔特·多纳多, 里卡多·达林, 南希·杜普拉, 奥斯卡·马丁内兹, 玛莉亚·奥内托, 奥斯马·努涅斯, 赫尔曼·德·席尔瓦, 艾丽卡·里瓦斯, 地亚哥·詹蒂莱, 玛格丽塔·莫菲诺','2014-05-17(戛纳电影节), 2014-08-21(阿根廷)','122分钟','《荒蛮故事》是一部黑色喜剧，由6个独立的暴力复仇小故事构成。影片是一次对于人类失控行径的颠覆性创作，从怪异的幽默感，独特的画面和大胆的配乐，到对于身处绝境的普通人这一题材的偏爱，都可以清晰地看到南美鬼才导演达米安·斯兹弗隆与阿莫多瓦在创作方面的相似之处。不过，斯兹弗隆仍然通过这部影片发出了自己独特的声音：一场对于一个腐败成风、经济和社会严重不平等的社会的尖锐抨击。',145,8.8,172640,'始于荒诞，止于更荒诞。','https://movie.douban.com/subject/24750126/','https://img3.doubanio.com/view/photo/s_ratio_poster/public/p2192834364.jpg'),(146,'傲慢与偏见 Pride & Prejudice','法国 英国 美国',2005,'乔·赖特','凯拉·奈特莉, 马修·麦克费登, 唐纳德·萨瑟兰, 布兰达·布莱斯, 凯瑞·穆里根, 裴淳华, 吉娜·马隆, 妲露拉·莱莉, 朱迪·丹奇, 西蒙·伍兹, 克劳迪·布莱克利, 汤姆·霍兰德, 鲁伯特·弗兰德, 凯利·蕾莉, 皮普·托伦斯, 西妮德·马修斯','2005-09-16(英国)','129 分钟','根据简·奥斯汀同名小说改编。伊丽莎白·班纳特(凯拉·奈特丽 饰)出身于小地主家庭，有四个姐妹，母亲班纳特太太整天操心着为女儿物色称心如意的丈夫。新来的邻居宾格来先生和他的朋友达西（马修·麦克菲迪恩 饰）打破了她们一家人单调的乡村生活。宾格来和伊丽莎白的姐姐简·班纳特互生情愫；达西对善良聪明的伊丽莎白产生了好感，而伊丽莎白却对达西不可一世的傲慢心存偏见，不接受他的感情。然而，世事难料，宾格来和简·班纳特因为误会，关系危在旦夕；达西的种种作为，展示了性格中和伊丽莎白相同的善良一面，逐渐赢得了伊丽莎白的好感。两对有情人能否终成眷属？班纳特姐妹们能否得到自己想要的生活？\n简·奥斯汀笔下十九世纪初英国乡村生活和社会风貌，重新展现在大银幕上。',146,8.5,349770,'爱是摈弃傲慢与偏见之后的曙光。','https://movie.douban.com/subject/1418200/','https://img3.doubanio.com/view/photo/s_ratio_poster/public/p452005185.jpg'),(147,'超能陆战队 Big Hero 6','美国',2014,'唐·霍尔, 克里斯·威廉姆斯','斯科特·安第斯, 瑞恩·波特, 丹尼尔·海尼, T·J·米勒, 杰米·钟, 小达蒙·韦恩斯, 珍尼希斯·罗德里格兹, 詹姆斯·克伦威尔, 艾伦·图代克, 玛娅·鲁道夫, 亚布拉哈姆·本鲁比, 凯蒂·洛斯, 比利·布什, 丹尼尔·吉尔森, 保罗·布里格斯','2015-02-28(中国大陆), 2014-10-23(东京电影节), 2014-11-07(美国)','102分钟','未来世界的超级都市旧京山（San Fransokyo），热爱发明创造的天才少年小宏，在哥哥泰迪的鼓励下参加了罗伯特·卡拉汉教授主持的理工学院机器人专业的入学大赛。他凭借神奇的微型磁力机器人赢得观众、参赛者以及考官的一致好评，谁知突如其来的灾难却将小宏的梦想和人生毁于一旦。大火烧毁了展示会场，而哥哥为了救出受困的卡拉汉教授命丧火场。身心饱受创伤的小宏闭门不出，哥哥生前留下的治疗型机器人大白则成为安慰他的唯一伙伴。原以为微型机器人也毁于火灾，谁知小宏和大白竟意外发现有人在某座废弃工厂内大批量地生产他的发明。\n稍后哥哥的朋友们弗雷德等人也加入进来，他们穿上小宏发明的超级战士战斗装备，和怀有险恶阴谋的神秘对手展开较量……',147,8.6,437466,'Balalala~~~','https://movie.douban.com/subject/11026735/','https://img1.doubanio.com/view/photo/s_ratio_poster/public/p2224568669.jpg'),(148,'虎口脱险 La grande vadrouille','法国 英国',1966,'热拉尔·乌里','路易·德·菲奈斯, 布尔维尔, 克劳迪奥·布鲁克, 安德丽·帕里西, 科莱特·布罗塞, 迈克·马歇尔, 玛丽·马凯, 皮埃尔·贝尔坦, 本诺·施特岑巴赫, 玛丽·杜布瓦, 特里-托马斯, 西戈德·拉普, 赖因哈德·科尔德霍夫, 赫尔穆特·施奈德, 保罗·普雷博伊斯特, 汉斯·迈尔, 居伊·格罗索, 米歇尔·莫多, 彼得·雅各布, 吕迪·勒努瓦, 诺埃尔·达扎尔, 皮埃尔·鲁塞尔, 皮埃尔·巴斯蒂安, 雅克·萨布隆, 玛格·阿夫里尔, 雅克·博杜因, 加布里埃尔·戈班, 保罗·梅塞, 亨利·热内斯','1966-12-08(法国)','132分钟','二战期间，英国一架飞机在执行轰炸任务中，被德军击中，几名英国士兵被迫跳伞逃生。他们约好在土耳其浴室见面，并用这次行动的代号“鸳鸯茶”作为接头暗号。\n他们分别降落在法国巴黎德军占领区的不同地点。大胡子中队长雷金纳德被动物园管理员所救。而另外两名士兵，也分别在油漆匠奥古斯德 （布尔维尔 饰）和乐队指挥斯塔尼斯拉斯（路易·德·费内斯 饰）的帮助下掩藏好了。即便德军展开了全城的搜索，油漆匠、指挥和中队长还是在浴室顺利地会面，几经辗转，英国士兵终于接上了头。几个原本并不认识的人，就这样结成了生死同盟，与敌人展开了斗智斗勇的生死游戏。同时，也闹出了不少温情的笑话。他们用微薄的力量对抗严酷德军，险相迭生，滑稽搞笑，为了逃出虎口，共同战斗。',148,8.9,119736,'永远看不腻的喜剧。','https://movie.douban.com/subject/1296909/','https://img3.doubanio.com/view/photo/s_ratio_poster/public/p2399597512.jpg'),(149,'唐伯虎点秋香 唐伯虎點秋香','香港',1993,'李力持','周星驰, 巩俐, 陈百祥, 郑佩佩, 朱咪咪, 梁家仁, 苑琼丹, 梁荣忠, 黄一山, 黄霑, 吴镇宇, 刘家辉, 蓝洁瑛, 谷德昭, 陈辉虹, 李健仁, 宣萱, 温翠萍','1993-07-01(香港)','102 分钟','唐伯虎（周星驰 饰）身为江南四大才子之首，却有道不尽的心酸。宁王想唐伯虎帮忙图谋作反，唐伯虎只好用内功改变脉象，令众人都相信他命不久矣。母亲埋怨他不应该把功夫暴露，因为他们家族一直被当年的仇人追杀。唐伯虎在与朋友出游时，遇到了貌若天仙的秋香并对她一见钟情，决心要到华府当家丁以追求秋香，唐伯虎被取名华安。期间华太师遇到了宁王上门刁难，幸好有唐伯虎出面相助，并暴露了自己是唐伯虎的身份。秋香才知道华安是自己欣赏的唐伯虎。华夫人跟唐家有怨，因此二人便开始斗法。怎料宁王跟夺面书生再次上门，华夫人不是对手，幸得唐伯虎出手，华夫人也答应把秋香许配给唐伯虎。',149,8.4,401315,'华太师是黄霑，吴镇宇四大才子之一。','https://movie.douban.com/subject/1306249/','https://img3.doubanio.com/view/photo/s_ratio_poster/public/p1946455272.jpg'),(150,'海边的曼彻斯特 Manchester by the Sea','美国',2016,'肯尼思·洛纳根','卡西·阿弗莱克, 卢卡斯·赫奇斯, 米歇尔·威廉姆斯, C·J·威尔逊, 凯尔·钱德勒, 卡拉·海沃德, 格瑞辰·摩尔, 泰特·多诺万, 埃里卡·麦克德莫特, 希瑟·伯恩斯, 蜜西·雅格, 斯蒂芬·亨德森, 约什·汉密尔顿, 卡罗琳·皮克曼, 肖恩·菲茨吉本, 肯尼思·洛纳根, 利亚姆·麦克尼尔, 马修·布罗德里克','2017-08-25(中国大陆), 2016-01-23(圣丹斯电影节), 2016-11-18(美国)','137分钟','李（卡西·阿弗莱克 Casey Affleck 饰）是一名颓废压抑的修理工，在得知哥哥乔伊（凯尔·钱德勒 Kyle Chandler 饰）去世的消息后，李回到了故乡——海边的曼彻斯特处理乔伊的后事。根据乔伊的遗嘱，李将会成为乔伊的儿子帕特里克（卢卡斯·赫奇斯 Lucas Hedg es 饰）的监护人，李打算将帕特里克带回波士顿，但很显然帕特里克并不愿意离开家乡和朋友们，但李亦不愿在这片伤心地久留。\n原来，曼彻斯特埋藏着李的一段绝望的回忆，他的过失使得两个女儿葬身火海，妻子兰迪（米歇尔·威廉姆斯 Michelle Williams 饰）亦因此而离开了他。此次重回故乡，李再度见到了已经再婚并且即将做妈妈的兰迪，与此同时，帕特里克那失踪已久的母亲艾丽斯（格瑞辰·摩尔 Gretchen Mol 饰）亦联系上了帕特里克，希望他能够成为她的新家庭中的一员。',150,8.6,237263,'我们都有权利不与自己的过去和解。','https://movie.douban.com/subject/25980443/','https://img1.doubanio.com/view/photo/s_ratio_poster/public/p2496940327.jpg'),(151,'蝙蝠侠：黑暗骑士崛起 The Dark Knight Rises','美国 英国',2012,'克里斯托弗·诺兰','克里斯蒂安·贝尔, 汤姆·哈迪, 安妮·海瑟薇, 约瑟夫·高登-莱维特, 玛丽昂·歌迪亚, 加里·奥德曼, 迈克尔·凯恩, 摩根·弗里曼, 朱诺·坦普尔, 乔什·平茨, 丹尼尔·逊亚塔, 内斯特·卡博内尔, 伯恩·戈曼, 连姆·尼森, 乔伊·金, 艾丹·吉伦, 基里安·墨菲, 乔什·斯图沃特, 马修·莫迪恩, 本·门德尔森','2012-08-27(中国大陆), 2012-07-20(美国)','165分钟','检察官哈维·登特（艾伦·艾克哈特 Aaron Eckhart 饰）死后的八年间，哥谭市在戈登警长（加里·奥德曼 Gary Oldman 饰）的努力下有效地遏制了犯罪活动。而蝙蝠侠布鲁斯·韦恩（克里斯蒂安·贝尔 Christian Bale 饰）因为背负谋杀登特的罪名，被 警方通缉，在哥谭市销声匿迹。然而，这看似平静的状态被恐怖分子贝恩（汤姆·哈迪 Tom Hardy 饰）的出现打破，他利用猫女（安妮·海瑟薇 Anne Hathaway 饰）偷取布鲁斯的指纹，致使韦恩集团面临破财，布鲁斯被赶出董事会。为了保证韦恩集团投资的能源项目不被坏人利用制造核弹，布鲁斯帮助米兰达（玛丽昂·歌迪亚 Marion Cotillard 饰）成为董事会主席。贝恩接下来一连串精密设计的计划将哥谭市陷入孤绝之境，毁灭之日指日可待。布鲁斯只能再次肩负起拯救哥谭的重任，然而至亲的...',151,8.6,337590,'诺兰就是保证。','https://movie.douban.com/subject/3395373/','https://img3.doubanio.com/view/photo/s_ratio_poster/public/p1706428744.jpg'),(152,'燃情岁月 Legends of the Fall','美国',1994,'爱德华·兹威克','安东尼·霍普金斯, 布拉德·皮特, 朱莉娅·奥蒙德, 艾丹·奎因, 卡琳娜·隆巴德, 亨利·托马斯','1994-12-16(美国)','133分钟','辽阔的西部草原住着一位父亲和他的三个儿子——父亲是退了休的骑兵上校，三个儿子个性鲜明：大儿子艾尔弗莱德（艾丹?奎因 Aidan Quinn  饰）忠厚老实，二儿子特里斯坦（布拉德?皮特 Brad Pitt 饰）狂放不羁，最小的儿子塞缪尔（亨瑞?托马斯Henry Thomas饰）温文尔雅。\n父子在大草原的生活随着塞缪尔未婚妻苏珊娜（朱莉娅?奥蒙德 Julia Ormond  饰）的到来而改变。苏珊娜年轻漂亮，给艾尔弗莱德带来了内心的震动。他暗恋她，然而苏珊娜心里却不由自主的迷恋上豪放粗犷的特里斯坦。出于道德的坚守，他们一直压抑着内心的感情。\n直到塞缪尔壮烈牺牲在前线，事情有了变化。特里斯坦非常爱戴哥哥，无法面对已经爱上苏珊娜的现实，于是离家出走。而苏珊娜万念俱灰，答应嫁给了艾尔弗莱德，而特里斯坦在草原之外也已结婚生子。事情好像趋于了平静，但特里斯坦妻子...',152,8.7,162875,'传奇，不是每个人都可以拥有。','https://movie.douban.com/subject/1295865/','https://img1.doubanio.com/view/photo/s_ratio_poster/public/p1023654037.jpg'),(153,'教父3 The Godfather: Part III','美国',1990,'弗朗西斯·福特·科波拉','阿尔·帕西诺, 黛安·基顿, 塔莉娅·夏尔, 安迪·加西亚, 埃里·瓦拉赫, 乔·曼特纳, 乔治·汉密尔顿, 布里吉特·芳达, 索菲亚·科波拉, 雷夫·瓦朗, 弗兰克·德安布罗西奥, 敦尔·当纳利, 理查德·布赖特, 赫尔穆特·贝格, 唐·诺韦洛','1990-12-25(美国)','170分钟','转眼间已经是1979年，第二代教父麦克?柯里昂（阿尔?帕西诺 饰）到了垂暮之年，为了灵魂的救赎，麦克慢慢结束家族的黑道事业，转投正当生意。\n麦克的儿子托尼酷爱艺术，无意接手家族事业，迈克尔决定让大哥逊尼的私生子，火爆好色的文森（安迪?加西亚 饰）继承家业，当第三代教父。麦克的爱女玛丽（索菲娅?科波拉 饰）和文森相恋，遭到父亲的反对，父女渐渐疏远。\n为了使家族资产合法化，麦克通过在梵蒂冈教廷的关系网，准备投资“屹立”集团，却遭到敌人的暗中阻挠，教皇的去世也让事情更加扑朔迷离。\n麦克无奈之下，只能重新选择用暴力解决问题，他的亲人也被卷入了这场血雨腥风。',153,8.8,152834,'任何信念的力量，都无法改变命运。','https://movie.douban.com/subject/1294240/','https://img3.doubanio.com/view/photo/s_ratio_poster/public/p2169664351.jpg'),(154,'纵横四海 緃横四海','香港',1991,'吴宇森','周润发, 张国荣, 钟楚红, 朱江, 曾江, 胡枫, 唐宁, 邓一君','1991-02-02(香港)','108分钟','砵仔糕（周润发饰）、阿占（张国荣饰）和红豆（锺楚红饰）均是孤儿，在养父（曾江饰）栽培下成为国际大盗。长大后成了帮他赚钱的艺术品大盗，而三人同时又认了警察（朱江饰）为干爹。\n法国巴黎博物馆内，名画《赫林之女仆》被人盗走。与此同时，阿海、阿占和红豆三人以敏捷身手盗得另一幅名画，在与法国大哥交易时得知名画《赫林之女仆》在妖气重重的古堡内，他们在曾江安排下成功地盗取此画之后，反被集团原凶曾江与法国大哥合谋设下陷阱，派人追杀灭口。阿海驾车与杀手快艇相撞……\n三人失散，数年后，他们在香港重聚，阿海“瘫痪”住在朱江家里，阿占和红豆已经结婚了。曾江又逼他们去偷画……',154,8.7,174883,'香港浪漫主义警匪动作片的巅峰之作。','https://movie.douban.com/subject/1295409/','https://img3.doubanio.com/view/photo/s_ratio_poster/public/p2272146906.jpg'),(155,'时空恋旅人 About Time','英国',2013,'理查德·柯蒂斯','多姆纳尔·格里森, 瑞秋·麦克亚当斯, 比尔·奈伊, 莉迪亚·威尔逊, 汤姆·霍兰德, 琳赛·邓肯, 玛格特·罗比, 凡妮莎·柯比, 李·阿斯奎斯-柯, 凯瑟琳·斯戴曼','2013-09-04(英国)','123分钟','Tim（多姆纳尔·格利森 Domhnall Gleeson 饰）21岁了，他的老爸（比尔·奈伊 Bill Nighy 饰）告诉他，他们家族的男人都有时光旅行的超能力，可以回到过去。于是Tim将信就疑地试了一下，回到了夏天，在那里他试图改变和暗恋对象的关系，却发现怎么穿越时空都不能让不爱你的人爱上你。之后Tim来到了伦敦，成为了一个律师。他爱上了一个漂亮的姑娘Mary（瑞秋·麦克亚当斯 Rachel McAdams 饰），他通过几次时空旅行，努力地想成为Mary的男朋友。再后来，他又试图通过时光旅行，去挽回一场失败的话剧，去改善妹妹的生活，去更好地和亲人、朋友相处，度过生命中的每一天。',155,8.6,239366,'把每天当作最后一天般珍惜度过，积极拥抱生活，就是幸福。','https://movie.douban.com/subject/10577869/','https://img3.doubanio.com/view/photo/s_ratio_poster/public/p2070153774.jpg'),(156,'玩具总动员3 Toy Story 3','美国',2010,'李·昂克里奇','汤姆·汉克斯, 蒂姆·艾伦, 琼·库萨克, 尼德·巴蒂, 唐·里克斯, 迈克尔·基顿','2010-06-16(中国大陆), 2010-06-18(美国)','103分钟','距上一次的冒险已经过去11个年头，转眼间安迪（约翰·莫里斯 John Morris 配音）变成了17岁的阳光男孩。这年夏天，安迪即将开始大学生活，他必须将自己的房间收拾整齐留给妹妹。此前，伍迪（汤姆·汉克斯 Tom Hanks 配音）与巴斯光年（蒂姆·艾伦 Tim Allen 配音）等玩具一直期待安迪再和他们玩耍，但是随着岁月的流逝，他们被冷落在箱子里很久了。安迪十分珍惜这些童年的玩伴，于是准备将他们收在阁楼。谁曾想，妈妈却把玩具们当作废物扔到街道上。玩具们误解了安迪，于是愤然出走，宁可被捐赠到阳光之家幼儿园。\n伍迪尽力劝解大家，却收效甚微，只得独自黯然离开。巴斯光年他们原本以为将重新回到往昔的快乐时光，不料却陷入一场阴谋之中……',156,8.8,219200,'跨度十五年的欢乐与泪水。','https://movie.douban.com/subject/1858711/','https://img1.doubanio.com/view/photo/s_ratio_poster/public/p1283675359.jpg'),(157,'恋恋笔记本 The Notebook','美国',2004,'尼克·卡萨维茨','瑞恩·高斯林, 瑞秋·麦克亚当斯, 吉娜·罗兰兹, 詹姆斯·加纳, 斯塔尔勒塔·杜波利斯, 凯文·康诺利, 希瑟·沃奎斯特, 杰弗里·奈特, 琼·艾伦, 詹姆斯·麦斯登','2004-06-25(美国)','123分钟','一个浸润着鲜红与纯白的爱情故事，写在一本洒满昏黄的笔记本上，被一位老先生(詹姆斯·加纳 饰)，一遍一遍的讲述。老太太(吉娜·罗兰兹 饰)总是静静的听着，好奇的追问结果。在一家疗养院，这样不变的场景每天都会上演。\n笔记本上，秀美的字迹，记载着发生在那个夏天的爱情。艾莉(瑞秋·麦克亚当斯 饰)是富有人家的千金，她随家人来到小镇避暑。在一个充满梦幻的游乐场，邂逅了诺亚(瑞恩·高斯林 饰)。诺亚没有钱，却活的很快乐。艾莉在他那学会了自由，得到了欢笑，两人很快热恋起来。然而在艾莉父母的阻挠下，相爱的两个人，就被分开在夏天结束的那一刻。随着诺亚的365封信被偷偷藏起，艾莉在7年后终于放弃了等待。就在她要步入教堂的前一天，突然在报纸上看到了诺亚曾许诺给自己建造的白色房子。一切记忆，全部苏醒……\n也许，应该苏醒的，不是故事中的，而是听故事的人。',157,8.5,324698,'爱情没有那么多借口，如果不能圆满，只能说明爱的不够。 ','https://movie.douban.com/subject/1309163/','https://img3.doubanio.com/view/photo/s_ratio_poster/public/p483604864.jpg'),(158,'完美的世界 A Perfect World','美国',1993,'克林特·伊斯特伍德','凯文·科斯特纳, 劳拉·邓恩, 克林特·伊斯特伍德, T·J·劳瑟, 基斯·斯扎拉巴基克','1993-11-24(美国)','138分钟','单亲孩子菲利普·佩里（T·J·劳瑟 T.J. Lowther 饰）的母亲对他管教甚严，8岁的小菲利普甚至从未参加过一次鬼节讨糖果的游戏。附近州监狱的两名罪犯越狱成功，劫持了菲利普作为人质，向德州边界逃窜。途中，罪犯之一的布奇（凯文·科斯特纳 Kevin Costner 饰）干掉了鲁莽愚蠢的同伙，却对小菲利普照顾有加。与此同时，德州警探瑞德（克林特·伊斯特伍德 Clint Eastwood 饰）带着手下和州长特派的犯罪专家萨利（劳拉·邓恩 Laura Dern 饰）一同火速追捕布奇。双方在德克萨斯州境内展开了一场公路赛大竞技；而小菲利普也经历了很多从未想过过的刺激与快乐，并与布奇产生了一种近似父子的不寻常感情……',158,9.0,94993,'坏人的好总是比好人的好来得更感人。','https://movie.douban.com/subject/1300992/','https://img3.doubanio.com/view/photo/s_ratio_poster/public/p792403691.jpg'),(159,'花样年华 花樣年華','香港',2000,'王家卫','梁朝伟, 张曼玉, 潘迪华, 萧炳林, 张耀扬, 孙佳君, 钱似莺, 顾锦华','2000-05-20(戛纳电影节), 2000-09-29(香港)','98 分钟','1960年代的香港，报馆编辑周慕云（梁朝伟 饰）与太太搬进一间住户多是上海人的公寓，和某家日资公司的贸易代表陈先生与太太苏丽珍（张曼玉 饰）成了邻居。因为发现各自在外工作的配偶背着他们有了婚外情，周慕云和苏丽珍开始见面商讨未来可能发生的事情以及相应对策。\n起初两人是君子之交淡如水就事谈事，可是日子一日接一日过去后，在周围一帮上海邻居的闲言碎语中，他们发现配偶的事早空出了他们的脑袋，彼此眼里只剩下了对方，而刻意回避已生出的感情的结果，是更加刻骨的相思。',159,8.5,280678,'偷情本没有这样美。','https://movie.douban.com/subject/1291557/','https://img3.doubanio.com/view/photo/s_ratio_poster/public/p1910828286.jpg'),(160,'无人知晓 誰も知らない','日本',2004,'是枝裕和','柳乐优弥, 北浦爱, 木村飞影, 清水萌萌子, 韩英惠, 江原由希子, 串田和美, 冈元夕纪子, Takako Tate, 加濑亮, 村野友希, 田中庆太, 木村佑一, 远藤宪一, 寺岛进, 平泉成','2004-05-13(戛纳电影节), 2004-08-07(日本)','141分钟','新搬来的公寓这家人是母亲惠子（You饰）带着四个孩子：明（柳乐优弥饰）、京子、茂、雪。但母亲却得对周围的人们撒谎说丈夫去海外工作，自己与长子两个人在一起生活。事实是其它三名弟妹是“黑孩子”，因为四个孩子有着各自不同的父亲。他们一直呆在家中，没有去学校上学。\n在母亲去百货商店工作时，年纪尚小的明就在家中代替母亲行使家长的职责。突然有一天母亲不见了，她把手中仅有的20万日元现金和一张短短的便条留给了孩子们，把弟妹托付给明看管后，就悄然地离家出走。\n无亲无故，对外面几乎一无所知的四个孩子们，要开始面对新的生活，那实在不是件容易的事情……',160,9.1,87688,'我的平常生活就是他人的幸福。','https://movie.douban.com/subject/1292337/','https://img3.doubanio.com/view/photo/s_ratio_poster/public/p661160053.jpg'),(161,'达拉斯买家俱乐部 Dallas Buyers Club','美国',2013,'让-马克·瓦雷','马修·麦康纳, 詹妮弗·加纳, 杰瑞德·莱托, 史蒂夫·茨恩, 达拉斯·罗伯特斯, 凯文·兰金, 丹尼斯·欧哈拉, 简·麦克尼尔, 格里芬·邓恩, 詹姆斯·杜蒙特, 朱丽叶·里夫斯, 斯蒂菲·格罗特, J·D·埃弗摩尔','2013-09-07(多伦多电影节), 2013-11-22(美国)','117分钟','1986年美国达拉斯市，恐同的德州电工罗恩·伍德鲁夫（马修·麦康纳 Matthew McConaughey 饰）发现自己患上“同志病”——艾滋，生命只剩30天。他使用的AZT（叠氮胸苷）是当时美国药管局唯一批准面市的抗艾药物，但毒性极大。为了活下去，罗恩开始研究各种抗艾 处方和替代疗法，甚至走私来自世界各地未经批准的药物。在医生萨克斯（詹妮弗·加纳 Jennifer Garner 饰）和异装癖同性恋雷蒙（杰瑞德·莱托 Jared Leto 饰）的帮助下，罗恩开始成立了一个叫做“达拉斯买家俱乐部”的地下组织，为艾滋病人提供更多“非常规疗法”，很多患病的男同性恋亦求助于他。他的举动自然受到了药管局和药商的阻挠和施压。罗恩最终在1992年9月去世，离他被告知只剩30天可活已经过去了2557天。在这近7年时间里，他坚持不懈的与病魔、与药管局及制药商进行艰苦的...',161,8.7,214966,'Jared Leto的腿比女人还美！','https://movie.douban.com/subject/1793929/','https://img1.doubanio.com/view/photo/s_ratio_poster/public/p2166160837.jpg'),(162,'二十二','中国大陆',2015,'郭柯','','2017-08-14(中国大陆), 2015-10-05(釜山电影节), 2016-06-25(莫斯科电影节)','99分钟(公映版)','在日本侵华战争的八年间，至少20万中国妇女被迫沦为日军的性奴隶，也就是我们经常提及的“慰安妇”。在影片2014年开拍之时，中国内地仅剩22位“慰安妇”幸存者。当光阴慢慢划过，时间抚平伤口，这些经历了常人无法想象的磨难的老人们，如今又身在何处，过着怎样的生活，经历着怎样的悲喜忧乐？',162,8.7,126217,'有一些东西不应该被遗忘。','https://movie.douban.com/subject/26430107/','https://img1.doubanio.com/view/photo/s_ratio_poster/public/p2457609817.jpg'),(163,'雨中曲 Singin\' in the Rain','美国',1952,'斯坦利·多南, 吉恩·凯利','吉恩·凯利, 唐纳德·奥康纳, 黛比·雷诺斯, 赛德·查里斯, 简·哈根','1952-04-11(美国)','103 分钟','无声电影时代，演员的形体远远比声音重要。琳娜（简·哈根 Jean Hagen 饰）就是凭着讨好的外形，和唐（吉恩·凯利 Gene Kelly 饰）成为大受欢迎的明星搭档。然而，随着技术的发展，有声电影问世，这就难倒了声音及其难听的琳娜。无论如何训练，她都不能把台词念得漂 亮。于是，唐请来了声音甜美的凯西（黛比·雷诺斯 Debbie Reynolds 饰），让她做琳娜音乐剧幕后的配音者，令琳娜的演出声名大振。而走红的琳娜更加目中无人。\n\"\n唐经常与凯西、好友科斯莫（唐纳德·奥-康纳 Donald O\'Connor 饰）合作无间，唐更与凯西擦出火花，两人相互倾慕。一场大雨给了唐无限的灵感。然而他如何让才艺俱佳的凯西得到应有的名誉和地位？',163,9.0,104312,'骨灰级歌舞片。','https://movie.douban.com/subject/1293460/','https://img3.doubanio.com/view/photo/s_ratio_poster/public/p1612355875.jpg'),(164,'猜火车 Trainspotting','英国',1996,'丹尼·博伊尔','伊万·麦克格雷格, 艾文·布莱纳, 约翰尼·李·米勒, 凯文·麦克基德, 罗伯特·卡莱尔, 凯莉·麦克唐纳, 彼得·穆兰, 詹姆斯·卡沙莫, 艾琳·尼古拉斯, 苏珊·维德勒, 波林·林奇, 雪莉·亨德森, 斯图尔特·麦克奎里, 埃文·威尔什, 戴尔·温顿, 基思·艾伦, 凯文·艾伦, 芬利·威尔士, 约翰·霍奇, 汤姆·德尔玛','1996-02-23(英国)','94分钟','苏格兰爱丁堡，雷登（伊万·麦克格雷格 Ewan McGregor 饰）、土豆（艾文·布莱纳 Ewen Bremner 饰）和病仔（约翰尼·李·米勒 Jonny Lee Miller 饰）三个青年过着混沌糜烂的生活，他们吸毒、滥交、诈骗无所不作，而在如此肆无忌惮挥霍青春的过程中，毒品成为一切万恶之源。雷登对之亦爱亦恨，试图戒毒却最终重蹈覆辙。在一次纵情狂欢后，他们三个不知谁和少女爱丽森（Susan Vidler 饰）所生的婴儿死去。以此为开端，噩梦真正降临。土豆抢劫时锒铛入狱，雷登吸食毒品过量被送往医院抢救，后被强制戒毒。恐怖的幻觉和心底生气的恐惧迫使他不得不和毒品一刀两断。看似美好的新生活，但往日狐朋狗友贝格比（罗伯特·卡莱尔 Robert Carlyle 饰）等找上门来，再度给他带来无限的烦恼……\n本片根据欧文·威尔士（Irvine Welsh）的...',164,8.5,273616,'不可猜的青春迷笛。 ','https://movie.douban.com/subject/1292528/','https://img1.doubanio.com/view/photo/s_ratio_poster/public/p513567548.jpg'),(165,'魂断蓝桥 Waterloo Bridge','美国',1940,'茂文·勒鲁瓦','费雯·丽, 罗伯特·泰勒, 露塞尔·沃特森, 弗吉尼亚·菲尔德, 玛丽亚·彭斯卡娅','1940-05-17(美国)','108 分钟','第一次世界大战期间，回国度假的陆军中尉罗伊（罗伯特·泰勒）在滑铁卢桥上邂逅了舞蹈演员玛拉（费雯·丽），两人彼此倾心，爱情迅速升温。就在两人决定结婚之时，罗伊应招回营地，两人被迫分离。由于错过剧团演出，玛拉被开除，只能和好友相依为命。\n不久玛拉得知罗伊阵亡的消息，几欲崩溃，备受打击。失去爱情的玛拉感到一切都失去了意义，为了生存，她和好友不得不沦为妓女。然而命运弄人，就在此时玛拉竟然再次遇到了罗伊。虽然为罗伊的生还兴奋不已，玛拉却因自己的失身陷入痛苦之中。\n感到一切难以挽回的玛拉潸然离开，独自来到两人最初相遇的地点——滑铁卢桥上…',165,8.8,143874,'中国式内在的美国电影。','https://movie.douban.com/subject/1293964/','https://img1.doubanio.com/view/photo/s_ratio_poster/public/p2351134499.jpg'),(166,'穿越时空的少女 時をかける少女','日本',2006,'细田守','仲里依纱, 石田卓也, 板仓光隆, 原沙知绘, 谷村美月, 垣内彩未, 关户优希','2006-07-15(日本)','98分钟','17岁少女绀野真琴是一个活泼跳脱的少女。在一次普通值日工作中，真琴不小心摔倒了，自此她发现自己拥有了穿越时空的能力。她兴奋不已，掌握了穿越时空的方法后，她经常用这个方法去解决生活中许多令她困扰十分的事。\n喜欢棒球的真琴与同班的两名男生千昭与功介有着共同爱好。一天，与她本是好朋友的千昭突然向她表达爱意，手足无措了她再次穿越时空希望可以躲避这件事的发生。但没想到，千昭会跟同学友梨在一起了，而友梨也是一直喜欢千昭的。此时，暗恋功介的果穗误以为真琴是功介的女友。\n为了帮忙解决朋友的问题，真琴不断以同样的方法回到过去。她突然发现自己手臂上的数字原来是穿越时空的次数，次数变得越来越少，与此同时她也发现了千昭的秘密……',166,8.6,207517,'爱上未来的你。 ','https://movie.douban.com/subject/1937946/','https://img3.doubanio.com/view/photo/s_ratio_poster/public/p2079334286.jpg'),(167,'血战钢锯岭 Hacksaw Ridge','美国 澳大利亚',2016,'梅尔·吉布森','安德鲁·加菲尔德, 萨姆·沃辛顿, 文斯·沃恩, 雨果·维文, 卢克·布雷西, 泰莉莎·帕尔墨, 瑞切尔·格里菲斯, 纳撒尼尔·布佐尼克, 理查德·劳斯伯格, 马特·纳夫莱, 费拉斯·迪拉尼, 瑞安·柯尔, 卢克·佩格勒','2016-12-08(中国大陆), 2016-09-04(威尼斯电影节), 2016-11-04(美国)','139分钟(中国大陆)','1945年，第二次世界大战接近尾声，作为邪恶轴心重要成员的日本，其嚣张态势已成强弩之末。是年，决定战局走向的冲绳岛战役拉开序幕，成千上万斗志昂扬的美国大兵被派往冲绳，等待他们的则是敌军重兵防守、凶险异常的钢锯岭。在这群人中间，却有一个不愿拿起武器的军医。他名叫戴斯蒙德·道斯（安德鲁·加菲尔德 Andrew Garfield 饰），来自美国的弗吉尼亚。太平洋爆发之际，瘦弱的戴斯蒙德志愿成为救死扶伤的军医而应征入伍。可因童年和家庭的原因，他始终不愿拿起枪支操练，为此宁愿背上拒服兵役的罪名被送上军事法庭。几经周折，戴斯蒙德最终和战友来到了钢锯岭。枪林弹雨，转瞬之间无数人应声倒地。在信仰和信念的支持下，戴斯蒙德仅凭一己之力拯救了数十条濒死的生命……\n本片根据真人真事改编。',167,8.7,374997,'优秀的战争片不会美化战场，不会粉饰死亡，不会矮化敌人，不会无视常识，最重要的，不会宣扬战争。','https://movie.douban.com/subject/26325320/','https://img1.doubanio.com/view/photo/s_ratio_poster/public/p2398141939.jpg'),(168,'我是山姆 I Am Sam','美国',2001,'杰茜·尼尔森','西恩·潘, 达科塔·范宁, 米歇尔·菲佛, 黛安·韦斯特, 洛雷塔·迪瓦恩, 理查德·希夫, 劳拉·邓恩','2001-12-03(美国)','132 分钟','在星巴克工作的山姆（西恩?潘 Sean Penn 饰），虽已成人，但智力水平只有7岁。一次偶然，他收留了一个流浪女。该女子帮山姆生下了一个女儿后消失得无影无踪。\n他给女儿取名叫露西（达科塔?范宁 Dakota Fanning 饰）,因为他最喜欢甲壳虫乐队的《天空中戴钻石的露西》。他非常疼爱自己的孩子。露西在山姆的细心呵护下慢慢地长大了，她发现爸爸不能看懂稍微复杂一些的故事。她在拒绝长大，希望和爸爸一样。父女两的生活是那么幸福。\n地区的教育官员发现了这个特殊的家庭，他们认为山姆没有能力照顾露西，于是把露西带走了。\n伤心极了的山姆一心要挣回露西的抚养权，于是他自以为是的去找该地区最好的律师……',168,8.8,121244,'爱并不需要智商 。','https://movie.douban.com/subject/1306861/','https://img3.doubanio.com/view/photo/s_ratio_poster/public/p652417775.jpg'),(169,'冰川时代 Ice Age','美国',2002,'卡洛斯·沙尔丹哈, 克里斯·韦奇','雷·罗马诺, 约翰·雷吉扎莫, 丹尼斯·利瑞, 杰克·布莱克','2002-03-15(美国)','81 分钟','冰河时期降至，动物们都急着迁徙到温暖的地方及储存食物。长毛象曼弗瑞德、树獭希德、剑齿虎迪亚戈为了帮助一个人类的婴儿回到父母身边，因而也掉了动物们迁徙的队伍。三只性格各异的动物，觉得集合力量帮助婴儿。一路上，善良的曼弗瑞德总觉得迪亚戈心怀鬼胎，想吃掉婴儿，互相猜疑。他们一起经历了无数艰难险阻，终于能够真诚相对。\n当剑齿虎迪亚戈的同伴知道它身边正有一个婴儿，饥寒交迫的它们就想迪亚戈把婴儿交给它们当食物，迪亚戈已对可爱的小婴儿产生了感情，无法下手，而迪亚戈该如何选择呢？小婴儿又能否安全回到家中？',169,8.5,311779,'松鼠才是角儿。','https://movie.douban.com/subject/1291578/','https://img1.doubanio.com/view/photo/s_ratio_poster/public/p1910895719.jpg'),(170,'人工智能 Artificial Intelligence: AI','美国',2001,'史蒂文·斯皮尔伯格','海利·乔·奥斯蒙, 弗兰西丝·奥康纳, 山姆·洛巴兹, 杰克·托马斯, 裘德·洛, 威廉·赫特, 肯·梁, 克拉克·格雷格, 凯文·苏斯曼, 汤姆·加洛普, 尤金·奥斯门特, 艾普尔·格雷斯, 马特·温斯顿, 萨布丽娜·格德维奇, 西奥·格林利','2001-06-29(美国)','146分钟','21世纪中期，由于温室效应，南北极冰川融化，地球上很多城市被淹没。此时，人类科技已经高度发达，人工智能机器人就是人类发明出来用以应对恶劣自然环境的科技手段之一，而且，机器人制造技术已经高度发达，先进的机器人不但拥有可以乱真的人类外表，还能感知自身的存在。\n莫妮卡的儿子马丁重病住院，生命危在旦夕，为了缓解伤痛的心情，她领养了机器人小孩大卫（海利?乔?奥斯蒙特 饰），大卫的生存使命就是爱她。马丁苏醒，恢复健康，回到了家里，一系列的事情使大卫“失宠”，最后被莫妮卡抛弃。\n在躲过机器屠宰场的残酷追杀后，大卫在机器情人乔（裘德?洛 饰）的帮助下，开始寻找自己的生存价值：渴望变成真正的小孩，重新回到莫妮卡妈妈的身边。谁也不知道他能否完成自己的心愿，脱胎换骨成为真正的人，等待他们的只是凶吉难料的旅程……',170,8.6,215883,'对爱的执着，可以超越一切。','https://movie.douban.com/subject/1302827/','https://img1.doubanio.com/view/photo/s_ratio_poster/public/p792257137.jpg'),(171,'爆裂鼓手 Whiplash','美国',2014,'达米恩·查泽雷','迈尔斯·特勒, J·K·西蒙斯, 保罗·雷瑟, 梅莉莎·班诺伊, 奥斯汀·斯托维尔, 克里斯·马尔基, 马科斯·卡锡, 杰森·布莱尔, 科菲·斯里博伊','2014-10-10(美国)','107分钟','19岁少年安德鲁（迈尔斯·特勒 Miles Teller 饰）成长在单亲家庭，一心想成为顶级爵士乐鼓手。某晚他在学校练习时被魔鬼导师弗莱彻（J·K·西蒙斯 J.K. Simmons 饰）相中，进入正规乐队，同时也开始为追求完美付出代价。安德鲁越是刻苦练习，与外部世界越是隔膜。唯一理解他的是弗莱彻，但后者的暴躁与喜怒无常扭曲了这段师生关系，更让安德鲁耳濡目染，连带自身的性格亦发生变化。最后当安德鲁终于登上纽约音乐厅的舞台，他才惊恐的发现原来弗莱彻一直等着将他打入尘埃......\n《爆裂鼓手》讲述一名少年在严师督教下，以非常规手段挑战自己的极限、追逐爵士乐鼓手梦的热血故事。主人公热爱打鼓，但过度的投入让他失去对音乐的初衷，进而演变为生命的负荷以及师徒间近乎疯魔的对决。电影不只有音乐人的苦痛，更让人看到传统励志背后的残酷真相。 《爆裂鼓手》获得第30届圣丹...',171,8.6,271102,'这个世界从不善待努力的人，努力了也不一定会成功，但是知道自己在努力，就是活下去的动力。','https://movie.douban.com/subject/25773932/','https://img3.doubanio.com/view/photo/s_ratio_poster/public/p2220776342.jpg'),(172,'浪潮 Die Welle','德国',2008,'丹尼斯·甘塞尔','于尔根·福格尔, 弗雷德里克·劳, 马克思·雷迈特, 詹妮弗·乌尔里希, 克里斯蒂安娜·保罗, 雅各布·马琛茨, 克里斯蒂娜·度·瑞格, 埃利亚斯·穆巴里克, 马克西米利安·福尔马尔, 马克斯·毛夫','2008-03-13(德国)','107 分钟','赖纳?文格尔（Jürgen Vogel 饰）是德国某所高中的老师，该学校正在进行“国家体制”的主题活动周。由于他最喜欢的“无政府主义”课被另一位老师捷足先登，因此他只能主讲“独裁统治”课程。\n对于自由散漫的学生们来说，任何课程都只是为了学分而上。他们在课上大声聊天，无心听讲。文格尔别出心裁提出假想“独裁”的实验。在为期一周的实验中，文格尔被置于至高无上的地位，学生们对他要绝对服从。从最初的玩乐心态，这些青年男女渐渐沉湎这个名为“浪潮”的组织中，他们体会到集体和纪律的重要性，却在不知不觉中滑向了“独裁”与“纳粹”的深渊……\n本片根据真实事件改编，并荣获2008年德国电影杰出剧情片和最佳男配角奖（Frederick Lau）。',172,8.7,149494,'世界离独裁只有五天。','https://movie.douban.com/subject/2297265/','https://img3.doubanio.com/view/photo/s_ratio_poster/public/p1344888983.jpg'),(173,'朗读者 The Reader','美国 德国',2008,'史蒂芬·戴德利','凯特·温丝莱特, 大卫·克劳斯, 拉尔夫·费因斯, 詹妮特·海因, 苏珊娜·洛塔尔, Alissa Wilms, 弗罗里安·巴西奥罗麦, 弗里德里克·贝得勒支, 马蒂亚斯·哈比希, Frieder Venus, Marie-Anne Fliegel, Hendrik Arnst, Rainer Sellien, 托尔斯滕·米凯利斯, Moritz Grove','2008-12-10(纽约首映), 2009-01-30(美国), 2009-02-26(德国)','124 分钟','15岁的少年米夏·伯格（大卫·克劳斯 David Kross 饰）偶遇36岁的中年神秘女列车售票员汉娜（凯特·温丝莱特 Kate Winslet 饰），后来两个发展出一段秘密的情人关系。汉娜最喜欢躺在米夏怀里听米夏为他读书，她总是沉浸在那朗朗的读书声中。年轻的米夏沉溺于这种关系不能自拔的同时，却发现他自己根本不了解汉娜。忽然有一天，这个神秘女人不告而别，米夏在短暂的迷惑和悲伤之后，开始了新的生活。\n二战虽然结束了，但德国对于纳粹战犯的审判还在继续。成为法律学校的实习生的米夏，在一次旁听对纳粹战犯的审判过程中，竟然发现一个熟悉的身影。虽然已经事隔8年，但米夏还是一眼便认出那就是消失8年的汉娜。而这一次，她坐上了纳粹战犯审判法庭的被告席，这个神秘女人的往事在案件的审理过程中逐渐清晰。然而，米夏却发现了一个汉娜宁愿搭上性命也要隐藏秘密。\n汉娜最终被判终身监...',173,8.5,301850,'当爱情跨越年龄的界限，它似乎能变得更久远一点，成为一种责任，一种水到渠成的相濡以沫。 ','https://movie.douban.com/subject/2213597/','https://img1.doubanio.com/view/photo/s_ratio_poster/public/p1140984198.jpg'),(174,'罗生门 羅生門','日本',1950,'黑泽明','三船敏郎, 千秋实, 京町子, 森雅之, 志村乔','1950-08-26(日本)','88分钟','罗生门，日本京都的正南门。云游和尚、砍柴人和乞丐在城门底下避雨，三人闲聊，话题开始，故事的序幕拉开：一个武士和他妻子路过荒山，遭遇了不测。妻子被侮辱，而武士惨遭杀害。惨案如何酿成？凶手、妻子、借武士亡魂来做证的女巫，都各有说法。\n真相只得一个，但是各人提供证词的目的却各有不同。为了美化自己的道德，减轻自己的罪恶，掩饰自己的过失，人人都开始叙述一个美化自己的故事版本。荒山上的惨案，成了一团拨不开看不清的迷雾。\n谈论完毕，雨过天晴。砍柴人在罗生门旁发现一个哭泣的弃婴。他决定收养下来，抱着婴孩往夕阳深处走去。',174,8.7,144666,'人生的N种可能性。','https://movie.douban.com/subject/1291879/','https://img1.doubanio.com/view/photo/s_ratio_poster/public/p1864872647.jpg'),(175,'未麻的部屋 Perfect Blue','日本',1997,'今敏','岩男润子, 松本梨香, 辻亲八, 秋元羊介, 盐屋翼, 堀秀行, 筱原惠美, 江原正士, 梁田清之, 古泽彻, 新山志保, 三木真一郎','1997-07(加拿大奇幻电影节), 1998-02-28(日本)','81 分钟','当红三人少女偶像团体Charming Bird面临解散，核心成员雾越未麻在事务所的安排下不得不退出团体，转型成为一名电视剧演员。万事开头难，对于偶像歌手转型而来的未麻尤其如此，她在工作中承受着压力，闷闷不乐。与此同时，各种恐吓信不断、经纪人田所先生遇袭以及以自己的口吻在网站上写日记的神秘人都让未麻焦虑不已，恍惚间她甚至看到另一个自己。\n未麻的苦恼无人知晓，贪婪的田所甚至同意剧组的剧本，要求未麻出演一场尺度极大的强暴戏。这次演出成为未麻演艺事业的转折点，她的出镜率开始攀升，甚至还拍摄了裸露的写真。与此相对，电视剧编剧涩谷和曾给未麻拍下裸照摄影师村野接连遇害。未麻的生活变得混乱不堪，真相究竟如何？\n本片荣获1997年亚洲奇幻电影节最佳亚洲影片。',175,8.8,115851,'好的剧本是，就算你猜到了结局也猜不到全部。','https://movie.douban.com/subject/1395091/','https://img3.doubanio.com/view/photo/s_ratio_poster/public/p1351050722.jpg'),(176,'香水 Perfume: The Story of a Murderer','德国 法国 西班牙 美国',2006,'汤姆·提克威','本·卫肖, 艾伦·瑞克曼, 蕾切儿·哈伍德, 达斯汀·霍夫曼, 大卫·卡尔德, 比吉特·米尼希迈尔, 卡洛斯·格拉马赫, 西恩·托马斯, 佩里·米尔沃德, 山姆·道格拉斯, 卡洛琳·赫弗斯, 卡罗丽娜·维拉·斯克利亚, 莎拉·弗里斯蒂, 科琳娜·哈弗奇, 杰西卡·施瓦茨, 约翰·赫特','2006-09-07(德国), 2006-09-14(法国), 2006-11-24(西班牙), 2007-01-05(美国)','147分钟','十八世纪，让-马普蒂斯特?格雷诺耶（本?韦肖 Ben Whishaw 饰）出生在巴黎最肮脏、最恶臭不堪的地方——鱼市场上。格雷诺耶天生对气味有着惊人的天赋：无论恶臭还芳香，他都一一记住，并能轻易分辨各种气味。\n当他在孤儿院长到13岁的时候，被院长卖给了制皮匠。格雷诺耶在制皮铺过着犬马不如的生活。机缘巧合，格雷诺耶在香水巴尔蒂尼面前展露了其过人的天赋，进入了香水铺工作。但格雷诺耶并不仅仅满足于制作出世界上最芳香的香水，他梦想学得如何保存万物气味的方法。巴尔蒂尼告诉格雷诺耶香水的起源地在格拉斯，那里的人知道保存气味的方法。格雷诺耶拿着巴尔蒂尼的推荐信来到了格拉斯。\n格雷诺耶爱上了青春少女的体香，为了把这种香味保存下来，格雷诺耶最终走上了杀手的道路。',176,8.4,310215,'一个单凭体香达到高潮的男人。','https://movie.douban.com/subject/1760622/','https://img1.doubanio.com/view/photo/s_ratio_poster/public/p470006658.jpg'),(177,'被解救的姜戈 Django Unchained','美国',2012,'昆汀·塔伦蒂诺','杰米·福克斯, 莱昂纳多·迪卡普里奥, 克里斯托弗·沃尔兹, 塞缪尔·杰克逊, 凯丽·华盛顿, 沃尔顿·戈金斯, 丹尼斯·克里斯托弗, 乔纳·希尔, 詹姆斯·瑞马尔, 爱波·塔布琳, 弗兰科·内罗, 罗伯特·卡拉丁, 佐伊·贝尔','2013-05-12(中国大陆), 2012-12-25(美国)','163分钟(中国大陆)','1858年，美国南北战争前两年。德国赏金猎人金·舒尔茨（克里斯托弗·瓦尔兹 Christoph Waltz饰）从贩奴商人手中买下黑奴姜戈（杰米·福克斯 Jamie Foxx饰），让其重获自由。舒尔茨实则是要把姜戈培养成无法无天的赏金猎人，为其缉拿各种通缉犯以换取报酬。姜 戈的唯一条件是：从暴虐的糖果庄园主卡尔文·坎迪（莱昂纳多·迪卡普里奥 Leonardo DiCaprio饰）手中解救出自己的妻子布鲁姆希尔达（凯丽·华盛顿 Kerry Washington饰）。本片是昆汀向1966年由塞吉奥·考布西执导的经典意大利西部片《迪亚戈》的致敬之作。\n鬼才导演痞子昆丁三年磨一剑，继《无耻混蛋》后又一巨制力作。本片延续昆汀一贯低调奢华的风格，处处可见奇思妙想的幽默元素和血腥野性的动作场面，更有强档群戏，豪华卡司，可谓看点十足。\n《被解放的姜戈》荣获第85届奥斯...',177,8.6,292927,'热血沸腾，那个低俗、性感的无耻混蛋又来了。','https://movie.douban.com/subject/6307447/','https://img1.doubanio.com/view/photo/s_ratio_poster/public/p1959232369.jpg'),(178,'头脑特工队 Inside Out','美国',2015,'彼特·道格特, 罗纳尔多·德尔·卡门','艾米·波勒, 菲利丝·史密斯, 理查德·坎德, 比尔·哈德尔, 刘易斯·布莱克, 敏迪·卡灵, 凯特林·迪亚斯, 戴安·琳恩, 凯尔·麦克拉克伦, 波拉·庞德斯通, 鲍比·莫尼汉, 宝拉·佩尔, 大卫·戈尔兹, 弗兰克·奥兹, 乔什·库雷, 弗利, 约翰·拉岑贝格, 卡洛斯·阿拉斯拉奇, 皮特·萨加尔, 拉什达·琼斯, 罗里·艾伦, 约翰·齐甘, 雪莉·琳恩, 拉瑞恩·纽曼, 帕丽斯·冯·戴克','2015-10-06(中国大陆), 2015-06-19(美国)','95分钟','可爱的小女孩莱莉（凯特林·迪亚斯 Kaitlyn Dias 配音）出生在明尼苏达州一个平凡的家庭中，从小她在父母的呵护下长大，脑海中保存着无数美好甜蜜的回忆。当然这些记忆还与几个莱莉未曾谋面的伙伴息息相关，他们就是人类的五种主要情绪：乐乐（艾米·波勒 Amy Poehl er 配音）、忧忧（菲利丝·史密斯 Phyllis Smith 配音）、怕怕（比尔·哈德尔 Bill Hader 配音）、厌厌（敏迪·卡灵 Mindy Kaling 配音）和怒怒（刘易斯·布莱克 Lewis Black 配音）。乐乐作为团队的领导，她协同其他伙伴致力于为小主人营造更多美好的珍贵回忆。某天，莱莉随同父母搬到了旧金山，肮脏逼仄的公寓、陌生的校园环境、逐渐失落的友情都让莱莉无所适从，她的负面情绪逐渐累积，内心美好的世界渐次崩塌。\n为了保护这一切，乐乐只有行动起来……',178,8.7,269041,'愿我们都不用长大，每一座城堡都能永远存在。','https://movie.douban.com/subject/10533913/','https://img3.doubanio.com/view/photo/s_ratio_poster/public/p2266293606.jpg'),(179,'阿飞正传 阿飛正傳','香港',1990,'王家卫','张国荣, 张曼玉, 刘嘉玲, 刘德华, 张学友, 潘迪华, 梁朝伟','2018-06-25(中国大陆), 1990-12-15(香港)','94分钟','1960年代的香港，因生母在阿飞旭仔（张国荣）长大成人过程中的缺失，他把自己优雅地比喻为“无根鸟”，对生命中遇到的每一个女人都表现得放荡不羁，售票员苏丽珍（张曼玉）和舞女咪咪（刘嘉玲）先后令他感受过温暖，可是她们也只能当当小情人。为摆脱沉重和无力感，旭仔抛下一切去南洋找寻生母。\n暗恋过苏丽珍且目睹过她与旭仔情感一路变化的，曾是小巡警今在跑船的超仔（刘德华）在菲律宾又遇到旭仔，是缘分也是宿命，他参与、见证了阿飞命运被改写的过程。',179,8.5,237965,'王家卫是一种风格，张国荣是一个代表。','https://movie.douban.com/subject/1305690/','https://img3.doubanio.com/view/photo/s_ratio_poster/public/p2525770523.jpg'),(180,'可可西里','中国大陆 香港',2004,'陆川','多布杰, 张正阳, 奇道, 赵雪莹, 马占林, 赵一穗','2004-10-01(中国大陆), 2005-04-21(香港)','85分钟(中国大陆)','尕玉（张磊 饰）本来是个警察，为了调查藏羚羊猎杀状况，他假扮记者身份，随考察团来到可可西里——那里气候寒冷、空气稀薄，含氧量极低。就在这个人类生存的“禁区”，尕玉目睹了一幕幕人性的贪婪以及人类与环境的狂暴冲突。首先是藏羚羊保护站的巡山队员被盗猎人枪杀，接下来他们见到了悲惨的一幕：盗猎者逃走，只留下众多只剩嶙峋白骨的藏羚羊。巡山队员在恶劣的环境中追捕凶手，最终只夺回了一部份的藏羚羊皮毛。一方面要与恶劣的自然环境抗争、另一方面还要与凶残的盗猎者周旋，巡山队员和尕玉面临着生死考验。',180,8.7,145701,'坚硬的信仰。','https://movie.douban.com/subject/1308857/','https://img3.doubanio.com/view/photo/s_ratio_poster/public/p2363208684.jpg'),(181,'恐怖游轮 Triangle','英国 澳大利亚',2009,'克里斯托弗·史密斯','梅利莎·乔治, 利亚姆·海姆斯沃斯, 迈克尔·多曼, 瑞秋·卡帕尼, 艾玛·朗, 亨利·尼克松, 约书亚·麦基弗','2009-10-16(英国)','99 分钟','单亲母亲杰西（梅利莎·乔治 饰）和一帮朋友乘游艇出海游玩，但她总有一种有不好的事情发生的感觉。不久，他们便在海上遭遇一场强烈的风暴。游艇翻船，众人落海，几经挣扎他们好不容易爬到游艇残骸上来。正当他们无计可施之时，一艘巨大的游轮向众人缓缓驶来。众人欣喜过望，未加思索便登上这艘名为“艾俄洛斯”的游轮，结果发现这竟是一艘1930年便告失踪的神秘之船，而船上更是空无一人。\n随处可见的鲜血、神秘的指示以及突如其来的凶杀事件，将这群男女带入万劫不复的恐怖轮回之中……',181,8.4,374425,'不要企图在重复中寻找已经失去的爱。','https://movie.douban.com/subject/3011051/','https://img3.doubanio.com/view/photo/s_ratio_poster/public/p462470694.jpg'),(182,'你的名字。 君の名は。','日本',2016,'新海诚','神木隆之介, 上白石萌音, 长泽雅美, 市原悦子, 成田凌, 悠木碧, 岛崎信长, 石川界人, 谷花音, 寺杣昌纪, 大原沙耶香, 井上和彦, 茶风林, 加藤有花, 花泽香菜, 寺崎裕香','2016-12-02(中国大陆), 2016-08-26(日本)','106分钟','在远离大都会的小山村，住着巫女世家出身的高中女孩宫水三叶（上白石萌音 配音）。校园和家庭的原因本就让她充满烦恼，而近一段时间发生的奇怪事件，又让三叶摸不清头脑。不知从何时起，三叶在梦中就会变成一个住在东京的高中男孩。那里有陌生的同学和朋友，有亲切的前辈和繁华的街道，一切都是如此诱人而真实。另一方面，住在东京的高中男孩立花泷（神木隆之介 配音）则总在梦里来到陌生的小山村，以女孩子的身份过着全新的生活。许是受那颗神秘彗星的影响，立花和三叶在梦中交换了身份。他们以他者的角度体验着对方的人生，这期间有愤怒、有欢笑也有暖心。只是两人并不知道，身份交换的背后隐藏着重大而锥心的秘密……\n本片为2016年度日本本土影片票房冠军。',182,8.4,569669,'穿越错位的时空，仰望陨落的星辰，你没留下你的名字，我却无法忘记那句“我爱你”。','https://movie.douban.com/subject/26683290/','https://img1.doubanio.com/view/photo/s_ratio_poster/public/p2395733377.jpg'),(183,'一次别离 ????? ???? ?? ?????','伊朗 法国',2011,'阿斯哈·法哈蒂','佩曼·莫阿迪, 蕾拉·哈塔米, 萨瑞·巴亚特, 沙哈布·侯赛尼, 萨日娜·法哈蒂, 梅里拉·扎雷伊, 阿里-阿萨哈·萨哈巴齐, 巴巴克·卡里米, 吉米娅·侯赛伊妮, 希尔·亚齐丹巴克什, 萨哈巴努·佐哈多','2012-11-13(中国大陆), 2011-02-15(柏林电影节), 2011-03-16(伊朗)','123分钟','纳德（佩曼?莫阿迪 Peyman Moadi 饰）与西敏（蕾拉?哈塔米 Leila Hatami 饰）是一对夫妻，他们的女儿叫特梅（萨日娜?法哈蒂 Sarina Farhadi 饰）。西敏希望一家三口移居国外，但是纳德坚决反对，原因是纳德的父亲患有老年痴呆症需要照顾。两人为此对薄公堂，准备离婚，但是法院驳回了她的请求。西敏赌气回了娘家。西敏走后，纳德分身乏术，聘请了一位护工瑞茨（萨瑞?巴亚特 Sareh Bayat 饰）照顾父亲。但是，父亲如厕问题始终困扰瑞茨，依《古兰经》教义，她感到禁忌重重。瑞茨的女儿陪伴在她左右，也令她分神。几个回合下来，纳德某次回家发现，父亲被绑在床上，出离愤怒的他推倒了瑞茨。没想到怀孕的瑞茨竟然流产，瑞茨丈夫怒不可遏将纳德告上了法庭，他们各执一词，然而真相却出人意料……\n本片在61届柏林电影节获金熊奖、最佳女演员和最佳男演员...',183,8.7,147462,'只有有信仰的人才能说出事实真相。','https://movie.douban.com/subject/5964718/','https://img3.doubanio.com/view/photo/s_ratio_poster/public/p2189835254.jpg'),(184,'房间 Room','爱尔兰 加拿大 英国 美国',2015,'伦尼·阿伯拉罕森','布丽·拉尔森, 雅各布·特伦布莱, 琼·艾伦, 肖恩·布里吉格斯, 威廉姆·H·梅西, 梅根·帕克, 阿曼达·布鲁盖尔, 卡斯·安瓦尔, 乔·平格, 温迪·古逊, 兰道尔·爱德华, 杰克·富尔顿, 汤姆·麦卡穆斯','2015-09-04(特柳赖德电影节), 2015-10-23(多伦多), 2016-01-15(爱尔兰/英国), 2016-01-22(美国)','118分钟','女孩乔伊（布丽·拉尔森 Brie Larson 饰）被一个叫“老尼克”的男人拐骗，之后被他囚禁在其房子后院的棚屋里长达七年之久。在此期间她遭到强奸，并生下儿子杰克（雅各布·特伦布莱 Jacob Tremblay 饰）。靠着老尼克时不时的物资补给，母子二人艰难度日。尽管如此，母亲还是竭尽所能，为儿子杰克创造了一个安全而开心的成长空间。这个狭小逼仄的房间，成了杰克生活成长的神奇小天地。在杰克度过了他的五岁生日后，母亲决定告诉他真相，在这个小小的房间外面，有着更广阔的世界。他们开始策划逃跑计划，决心要逃出这个囚禁他们的房间……\n本片根据艾玛·唐纳修的同名小说改编。',184,8.8,183711,'被偷走的岁月，被伤害的生命，被禁锢的灵魂，终将被希望和善意救赎。','https://movie.douban.com/subject/25724855/','https://img3.doubanio.com/view/photo/s_ratio_poster/public/p2259715855.jpg'),(185,'追随 Following','英国',1998,'克里斯托弗·诺兰','杰里米·西奥伯德, 亚历克斯·霍, 露西·拉塞尔, 约翰·诺兰, 迪克·布拉德塞尔, 吉莉安·艾尔-卡迪, 詹妮弗·安杰尔, 尼古拉斯·卡洛蒂, 达伦·奥曼迪, 盖·格林威, 塔索斯·史蒂文斯, 特里斯坦·马丁, 瑞贝卡·詹姆斯, 保罗·梅森, 大卫·博维尔','1998-09-12(多伦多电影节), 1999-11-05(英国)','69分钟','比尔（杰里米?希尔伯德 Jeremy Theobald 饰）是个游手好闲的作家，借跟踪陌生人打发时间。这让他体验到形形色色的人生，很神秘，也很刺激。不过，有一次，比尔盯上了一个西服革履的家伙克布（艾利克斯?浩尔 Alex Haw 饰）。尾随到餐厅之后，他却被对方识破，只得摊牌。克布是个贩卖盗版光碟的商贩，此外还做拧门撬锁的勾当。克布带着比尔潜入了陌生人家中，但比尔发现克布根本不取财物，而是寻找主人蓄意掩盖的隐私。同时，克布还提醒比尔要注意仪表。后来，比尔认识了一个神秘的金发女人（露西?拉塞尔 Lucy Russell 饰）。在酒吧，比尔主动与她调情，但是对方冷若冰霜。原来她是黑社会大佬的女人，但是不可遏制的激情让比尔失去了理智，从而堕入了万劫不复的深渊……',185,8.9,91934,'诺兰的牛逼来源于内心散发出的恐惧。','https://movie.douban.com/subject/1397546/','https://img1.doubanio.com/view/photo/s_ratio_poster/public/p1150103377.jpg'),(186,'撞车 Crash','美国 德国',2004,'保罗·哈吉斯','桑德拉·布洛克, 唐·钱德尔, 马特·狄龙, 布兰登·费舍, 泰伦斯·霍华德, 坦迪·牛顿, 卢达克里斯, 迈克尔·佩纳, 珍妮弗·艾斯波西多, 瑞恩·菲利普','2004-09-10(多伦多电影节), 2005-05-06(美国)','112分钟','一个黑人电视导演和他的妻子，莫名其妙地因为莫须有的违章驾驶受到了白人警察的侮辱；看似该受到谴责的警察却在最危急关头挽救了那名曾遭他侮辱的黑人妇女；老实巴交的波斯商店店主，却差点谋杀了有着刺青的墨西哥修锁匠(迈克尔?佩纳Michael Pena饰)；地区检察官（布兰登?费舍尔Brendan Fraser 饰）和他的妻子（桑德拉?布洛克Sandra Bullock饰）被抢吉普车后只能把怨气发泄到无辜的修锁匠身上；黑人警察（唐?钱德尔 Don Cheadle 饰）在承受着上司的威胁和焦急地寻找自己的弟弟。\n这一切看似无关的琐事，却在36小时内以一种出人意料的方式绞缠在一起，在这个以暴力，性，金钱闻名的多民族、多文化聚集的大城市—洛杉矶街头一幕幕上演……',186,8.6,192229,'天使与魔鬼的冲撞。','https://movie.douban.com/subject/1388216/','https://img3.doubanio.com/view/photo/s_ratio_poster/public/p2075132390.jpg'),(187,'战争之王 Lord of War','美国 法国',2005,'安德鲁·尼科尔','尼古拉斯·凯奇, 布丽姬·穆娜, 杰瑞德·莱托, 伊安·霍姆, 伊桑·霍克, 叶夫盖尼·拉扎列夫, 伊默恩·沃克, 塔尼特·菲尼克斯','2005-09-16(美国)','122 分钟','本来美国移民尤瑞（尼古拉斯?凯奇 Nicolas Cage 饰）的家族生意是开饭馆。但是一个偶然的机会令他踏入了军火生意的大门，从此开始了贩卖武器的“职业生涯”。尤瑞遇事机智，胆大心细，这不仅让他成功俘获了美女埃娃的心，还使得他在地下军火生意中愈战愈勇。但是，不顺心的事情也随之而来：出现了生意上的死对头和一名老是盯着他的国际警察；弟弟染上毒瘾，并在一单生意交易中丧了命，而且，尽管他在竭力维护自己在家庭里的正义形象，但却掩盖不了真相。尤瑞开始反省自己生意的正义性，拷问自己的良心，但一切太迟，他已经众叛亲离……',187,8.6,192934,'做一颗让别人需要你的棋子。','https://movie.douban.com/subject/1419936/','https://img3.doubanio.com/view/photo/s_ratio_poster/public/p453719066.jpg'),(188,'模仿游戏 The Imitation Game','英国 美国',2014,'莫滕·泰杜姆','本尼迪克特·康伯巴奇, 凯拉·奈特莉, 马修·古迪, 罗里·金奈尔, 艾伦·里奇, 马修·比尔德, 查尔斯·丹斯, 马克·斯特朗, 詹姆斯·诺斯科特, 汤姆·古德曼-希尔, 史蒂芬·威丁顿, 伊兰·古德曼, 杰克·塔尔登, 埃里克斯·劳瑟, 杰克·巴农','2015-07-21(中国大陆), 2014-11-14(英国), 2014-12-25(美国)','114分钟','二战期间，盟军苦于德国的秘密系统”英格玛“无法破译，政府召集了一批民间数学家、逻辑学家进行秘密破解工作，图灵（本尼迪克特·康伯巴奇 Benedict Cumberbatch 饰）就是其中之一。计划刚开始图灵遭到了以休（马修·古迪 Matthew Goode）为首的组员和领导的排斥，幸好军情处部长孟席斯（马克·斯特朗 Mark Strong 饰）帮助他立项研究破译密码的机器，而图灵则变成了负责人，招收了新的成员琼（凯拉·奈特莉 Keira Knightley）开始了艰难的工作。琼很快就迷上了图灵，由于她的帮助所有组员空前的团结，并于两年后成功破解德军的密码。图灵一度与琼订婚，但实际上他隐瞒了一个秘密，因为这个秘密他也遭受了非人的待遇……\n本片改编自安德鲁·霍奇斯编著的《艾伦·图灵传》，上映后获得了第87届奥斯卡最佳改编剧本奖。',188,8.6,292498,'他给机器起名“克里斯托弗”，因为这是他初恋的名字。','https://movie.douban.com/subject/10463953/','https://img3.doubanio.com/view/photo/s_ratio_poster/public/p2255040492.jpg'),(189,'地球上的星星 Taare Zameen Par','印度',2007,'阿米尔·汗','达席尔·萨法瑞, 阿米尔·汗, 塔奈·切赫达, 萨谢·英吉尼尔, 蒂丝卡·乔普拉, 维品·沙尔马, 拉利塔·拉伊米, 吉里贾·奥克, 拉维·汗维尔卡尔, 普拉蒂玛·库尔卡尼, 梅娜·马里克, 索纳利·萨查德夫, 桑贾伊·达迪克, 拉加·戈帕尔·耶尔, 布格斯·巴尔加瓦, 尚卡尔·萨查德夫, M·K·拉伊纳','2007-12-21(印度)','165分钟','对于8岁的男孩伊夏（达席尔·萨法瑞 Darsheel Safary 饰）来说，世界是充满了惊奇和快乐的万花筒，他正在用一切他能够想到的方式和这个陌生的世界进行着交流，同时也充分的享受着大地万物慷慨的赠与。可是，这样的伊夏却是成年人眼中的问题儿童，他的成绩不好，在班上的排名靠后， 脑子里还充满了各种匪夷所思的鬼点子，在又一次闯下大祸后，忍无可忍的父母将他送往了寄宿学校。\n虽然伊夏的新生活并没有什么改变，但在内心里，和父母分离的生活让他感到闷闷不乐，这时，一位名叫尼克（阿米尔·汗 Aamir Khan 饰）的美术老师走进了他的生活。和以往所见到的固守成规的老师不同，尼克主张让学生们保留自己的个性和思想，自由的发展。在和尼克相处的日子里，伊夏和尼克都慢慢的成熟了起来。',189,8.8,97399,'天使保护事件始末。','https://movie.douban.com/subject/2363506/','https://img3.doubanio.com/view/photo/s_ratio_poster/public/p1973489335.jpg'),(190,'一个叫欧维的男人决定去死 En man som heter Ove','瑞典',2015,'汉内斯·赫尔姆','罗夫·拉斯加德, 巴哈·帕斯, 托比亚斯·阿姆博瑞, 菲利普·伯格, 安娜-莱娜·布伦丁, 博瑞·伦贝里, 埃达·英格薇, 弗雷德里克·埃弗斯, 玛德琳·雅各布松, 查特里娜·拉松, 杰克尔·法尔斯特伦','2015-12-25(瑞典)','116分钟','欧维（罗夫·拉斯加德 Rolf Lassg?rd 饰）是一个刻板而又固执的老头，他的妻子半年前死于疾病，留他一人生活在这个混乱不堪的世界之中。每天早晨，欧维都会定时在社区里进行巡视，确认所有的车辆都停在应停的位置，呵斥违反规定私自驶入社区的车辆，赶走四处乱转破坏环境的猫 狗，在社区居民眼里，欧维是“来自地狱的恶邻”，可每个人都明白，这其实是欧维对于社区爱之深刻的表现。\n某一日，欧维遭到了上司的解雇，离开了恪守了几十年的工作岗位，心灰意冷对现世了无牵挂的欧维决定自杀。然而，就在这个节骨眼上，一位名为帕维娜（巴哈·帕斯 Bahar Pars 饰）的女子和丈夫带着两个孩子搬到了欧维的隔壁，成为了欧维自杀计划的绊脚石。',190,8.8,147457,'惠及一生的美丽。','https://movie.douban.com/subject/26628357/','https://img3.doubanio.com/view/photo/s_ratio_poster/public/p2406624993.jpg'),(191,'魔女宅急便 魔女の宅急便','日本',1989,'宫崎骏','高山南, 佐久间玲, 户田惠子, 山口胜平, 信泽三惠子, 加藤治子, 关弘子, 三浦浩一, 山寺宏一, 井上喜久子, 渊崎由里子, 土井美加, 土师孝也, 浅井淑子, 齐藤昌, 西村知道, 小林优子, 池水通洋, 辻亲八, 大塚明夫, 坂本千夏, 田口昂, 键本景子, 津贺有子, 龟井芳子, 丸山裕子','1989-07-29(日本)','103分钟','琪琪今年13岁了，按照魔法界的规矩，魔法少女年满13岁就要出外进行为期一年的修行。所以琪琪带着宠物黑猫吉吉踏上了修行之旅。然而，修行之旅开始得并不顺利，当琪琪来到海边一座大城市时，人们并没有欢迎她的到来，人人都不搭理她。幸亏琪琪有一颗善良的心，当她拾到了一件别人的失物时，热心的琪琪找到了失主。她的善良赢得了面包店老板娘的好感，琪琪就在面包店开始了她用飞行魔法为客人服务的快递业务。琪琪很快适应了新环境，一次，一个热衷于飞机制造的男孩邀请琪琪去参加飞行俱乐部的聚会，途中琪琪因为帮一位老大娘送东西而被雨淋了。从此，琪琪突然发现自己的魔法正在一天天变弱。',191,8.5,222731,'宫崎骏的电影总让人感觉世界是美好的，阳光明媚的。','https://movie.douban.com/subject/1307811/','https://img3.doubanio.com/view/photo/s_ratio_poster/public/p456676352.jpg'),(192,'忠犬八公物语 ハチ公物語','日本',1987,'神山征二郎','山本圭, 井川比佐志, 片桐入, 仲代达矢, 春川真澄, 八千草薰, 石野真子, 殿山泰司, 加藤嘉, 石仓三郎, 泉谷茂, 柳叶敏郎','1987-08-01(日本)','107 分钟','1923年，日本秋田县大馆市天降大雪，近藤家纯种秋田犬产仔，赠与县土木科长间濑。后者将其中一犬转赠东京帝国大学教授上野秀次郎（仲代达矢 Tatsuya Nakadai 饰）驯养。上野的独生女千鹤子对此欢欣鼓舞，而上野夫妇却面露难色。后来，千鹤子（石野真子 Mako Ishino饰）谈恋爱，竟怀了男友的孩子。男友专程登门造访。上野与之对谈，后者诚惶诚恐，坦言要对其女儿负责，事不宜迟，即日便举行婚礼，上野闻听此言，转怒为喜。千鹤子出嫁后，上野旋即把全部的心血与爱都投注在幼犬身上，并取名为阿八。每日上下班，阿八必在涩谷车站等候，一年四季，风雨无阻，令路人叹为观止，成为地方一道风景，主仆之情感动天地……\n本片根据真实事件改编，为1987年日本票房冠军，票房成绩高达54亿日元。',192,9.0,72219,'养狗三日，便会对你终其一生。','https://movie.douban.com/subject/1959195/','https://img3.doubanio.com/view/photo/s_ratio_poster/public/p2297934945.jpg'),(193,'谍影重重 The Bourne Identity','美国 德国 捷克',2002,'道格·里曼','马特·达蒙, 弗朗卡·波滕特, 克里斯·库珀, 克里夫·欧文, 朱丽娅·斯蒂尔斯, 布莱恩·考克斯, 阿德沃尔·阿吉纽依-艾格拜吉, 加布里埃尔·曼, 沃尔顿·戈金斯, 约什·汉密尔顿, Orso Maria Guerrini','2002-11-21(中国大陆), 2002-06-14(美国)','119分钟','杰森·伯恩（马特·达蒙 饰）在意大利被人从海上救起，他失去了记忆，除了臀部的瑞士银行帐号之外，他完全没有办法证明自己的身份。\n杰森从瑞士银行找到了大量的现金，六本护照，一把枪，同时他发现自己格斗、枪械、和语言等方面的能力，他开始追查自己的身份，并且把陌生女子玛丽（弗兰卡·泼坦特 饰）也卷了进来。两人从瑞士到巴黎，一路上受到神秘杀手组织的追杀，危机重重。\n杰森能否化险为夷，找到自己的真实身份？他是否有勇气面对真相？',193,8.5,217738,'哗啦啦啦啦，天在下雨，哗啦啦啦啦，云在哭泣……找自己。','https://movie.douban.com/subject/1304102/','https://img3.doubanio.com/view/photo/s_ratio_poster/public/p1597183981.jpg'),(194,'牯岭街少年杀人事件 牯嶺街少年殺人事件','台湾',1991,'杨德昌','张震, 杨静怡, 张国柱, 王启赞, 林鸿铭, 金燕玲, 王绢, 张翰, 姜秀琼, 赖梵耘, 柯宇纶, 谭志刚, 冯国强, 陈湘琪, 金士杰','1991-07-27(台湾)','237分钟(导演剪辑版)','结识小明（杨静怡）前，小四（张震）是典型的乖仔，是父母的希望和兄妹的骄傲（一家人指望他考上名牌大学将来提升全家的社会地位），他有一个喜欢摇滚乐的自称“小猫王（王启赞）”的好友，两人虽会去树林看人幽会，但过的是与周围诸多在“小公园”混的少年人完全两样的生活。\n喜欢上小明后，小四便像跌进一个无底深渊，开始被外界的各种力量牵着鼻子走。新识仰慕对象honey（林鸿铭）猝死，一向敬重的父亲的自尊与精神因为某次事件严重受损，加上将一次次“欺骗玩弄”他感情的小明“看透”，血气方刚又有很强道德感的小四终于走上犯罪的道路，期望用自己的刀结束事件的根源。但小四不知的是，他眼中的根源只是这条食物链中微不足道的一环。',194,8.8,121855,'弱者送给弱者的一刀。','https://movie.douban.com/subject/1292329/','https://img3.doubanio.com/view/photo/s_ratio_poster/public/p848381236.jpg'),(195,'完美陌生人 Perfetti sconosciuti','意大利',2016,'保罗·格诺维塞','马可·贾利尼, 卡夏·斯穆特尼亚克, 爱德华多·莱奥, 阿尔巴·罗尔瓦赫尔, 瓦莱里奥·马斯坦德雷亚, 安娜·福列塔, 朱塞佩·巴蒂斯通','2018-05-25(中国大陆), 2016-02-11(意大利)','97分钟','三对处于各个婚姻阶段的伴侣和一个宅男，七人聚在一起吃晚餐。女主人提议下拍板决定当夜所有人分享每一个电话、每一条短信、邮件的内容,由此许多秘密开始不再是秘密，他们之间的关系也开始发生波动。无数疮痍在这场“坦白局”中被揭开，复杂的男女情感让所有人陷入困局，什么是婚姻感情中最不可触碰的底线？众人遭遇是难言的禁忌还是隐藏的真心，月食过后，谎言能否继续？',195,8.6,242324,'来啊，互相伤害啊！','https://movie.douban.com/subject/26614893/','https://img3.doubanio.com/view/photo/s_ratio_poster/public/p2522331945.jpg'),(196,'谍影重重2 The Bourne Supremacy','美国 德国',2004,'保罗·格林格拉斯','马特·达蒙, 弗朗卡·波滕特, 布莱恩·考克斯, 朱丽娅·斯蒂尔斯, 卡尔·厄本, 琼·艾伦, 加布里埃尔·曼, 马尔顿·索克斯, 约翰·贝德福德·劳埃德, 伊桑·桑德勒, 米歇尔·莫纳汉, 卡瑞尔·罗登, 托马斯·阿拉纳, 奥莎娜·阿金什那, 汤姆·加洛普','2004-11-14(中国大陆), 2004-07-15(洛杉矶首映), 2004-07-23(美国)','108分钟','经过上一集的腥风血雨之后，伯恩（马特·达蒙 饰）和女朋友玛丽（弗兰卡·泼坦特 饰）隐居在印度偏僻的海边小镇，想忘记以前的生活。一天，神秘组织的杀手来到小镇，打破了伯恩二人世界的宁静，女友玛丽在逃亡途中被枪杀。\n为了查出真相，伯恩重新开始战斗，他发现以前工作的中情局开始重新寻找他，自己被卷入了一场刺杀活动中，被人诬陷破坏了中情局的一次情报交易，杀害特工。伯恩别无选择，他只能找到冒充自己的人，才能洗刷清白，为女友报仇。',196,8.6,180778,'谁说王家卫镜头很晃？','https://movie.douban.com/subject/1308767/','https://img3.doubanio.com/view/photo/s_ratio_poster/public/p667644866.jpg'),(197,'梦之安魂曲 Requiem for a Dream','美国',2000,'达伦·阿伦诺夫斯基','艾伦·伯斯汀, 杰瑞德·莱托, 詹妮弗·康纳利, 马龙·韦恩斯, 克里斯托弗·麦克唐纳, 露易丝·拉塞尔, 玛西娅·让·库尔茨, 珍妮特·萨诺, 苏珊妮·谢泼德, 夏洛特·阿罗诺夫斯基, 马克·马戈利斯, 迈克尔·卡切克, 杰克·奥康耐, 斯科特·富兰克林, 亚伯拉罕·阿罗诺夫斯基, 欧嘉·梅雷迪斯, 本·申克曼, 凯斯·大卫, 迪伦·贝克, 肖恩·奥哈根, 比尔·布尔, 吉米·雷·威克斯, 斯坦利·B·赫尔曼','2000-05-14(戛纳电影节), 2000-12-15(美国)','102分钟','哈瑞（杰瑞德·莱托 Jared Leto 饰）和玛丽安（詹妮弗·康纳利 Jennifer Connelly 饰）彼此相爱，梦想着开个服装店，梦想着有个美好的明天。然而他们都离不开毒品，并想着以销毒赚得第一桶金。哈瑞的母亲是个彻底的电视迷，最大的梦想是上电视，为此不顾年迈吞食减肥药。由于药品里的毒品成分，她渐渐上了瘾。哈瑞的朋友狄龙（马龙·韦恩斯 Marlon Wayans 饰）同样是个瘾君子，为了挣大钱加入了黑社会。为了梦想，他们努力着，却一步步深陷毒品难以自拔。 哈瑞的胳膊因注射毒品感染而被割去；玛丽安为了毒品出卖肉体和自尊；哈瑞的母亲最终住进了精神病院受尽折磨；狄龙锒铛入狱。当视线变得模糊，梦在遥远处呼唤，迷失的人该以怎样的姿态安抚自己的灵魂。',197,8.7,124812,'一场没有春天的噩梦。','https://movie.douban.com/subject/1292270/','https://img3.doubanio.com/view/photo/s_ratio_poster/public/p884936202.jpg'),(198,'哪吒闹海','中国大陆',1979,'严定宪, 王树忱, 徐景达','梁正晖, 邱岳峰, 毕克, 富润生, 尚华, 于鼎','1979-05-19(中国大陆)','65分钟','商末时期，陈塘关总兵李靖的夫人怀胎3年6个月，最终生下一个肉球，肉球中跳出一个伶俐可爱的男孩。李靖原当他是妖孽欲杀之而后快，幸太乙真人前来收之为徒，赐名哪吒，并赐以乾坤圈和混天绫两件宝贝。某年，天下大旱，甘露未降。哪吒和家将到东海洗澡玩耍。他用混天绫搅动海水，撼动龙宫，惹出巡海夜叉李艮和龙王三太子敖丙。几番言语不和，哪吒杀此二人，由此闯下通天大祸。四海龙王齐聚陈塘关索命，为救一方百姓，哪吒决定交出生命……\n本片根据《封神演义》故事改编，并荣获1980年电影百花奖最佳美术片奖；文化部1979年优秀影片奖、青年优秀创作奖；1983年菲律宾马尼拉国际电影节特别奖；1988年法国布尔波拉斯文化俱乐部青年国际动画电影节评委奖和宽银幕长动画片奖。',198,8.9,94833,'想你时你在闹海。','https://movie.douban.com/subject/1307315/','https://img3.doubanio.com/view/photo/s_ratio_poster/public/p2516566783.jpg'),(199,'青蛇','香港',1993,'徐克','张曼玉, 王祖贤, 赵文卓, 吴兴国, 马精武, 田丰, 刘洵','1993-11-04(香港)','99分钟','南宋是一个人妖难分的时期，法海和尚（赵文卓 饰）到处收服妖精，也扰乱了在西湖底修炼的白青二蛇。青（张曼玉 饰）曾获白（王祖贤 饰）相救，二者便以姐妹相称。姐妹俩受惑佯装成人生活在民间，白更嫁于老实书生许仙，青也同时看上了许仙，便常常以媚态勾引许仙，无奈许仙只深爱白一个。白开设了药店，以为可以自此过上安定的生活，可许仙却受不了青的百般挑逗，更发现了青白二蛇的真实身份，可他却不舍得离开家中的天姿国色。法海得知了青白二蛇的下落，更抓走了许仙。原来白为了爱情放弃修成正果，更怀有了身孕。为了救回丈夫，二蛇与法海展开了搏斗……',199,8.5,253575,'人生如此，浮生如斯。谁人言，花彼岸，此生情长意短。谁都是不懂爱的罢了。','https://movie.douban.com/subject/1303394/','https://img3.doubanio.com/view/photo/s_ratio_poster/public/p584021784.jpg'),(200,'惊魂记 Psycho','美国',1960,'阿尔弗雷德·希区柯克','珍妮特·利, 安东尼·博金斯, 维拉·迈尔斯, 马丁·鲍尔萨姆, 约翰·加文','1960-06-16(纽约首映), 1960-09-08(美国)','109分钟','Marion（珍妮特·利 Janet Leigh 饰）在亚利桑那州凤凰城上班，每天中午都急匆匆地与男友幽会，然而男友却因为推说没钱给前妻赡养费而迟迟不肯离婚。这天Marion要替老板存进4万美元进银行，一时冲动之下她决定携款潜逃。沿途她换车后又遇下雨，身心备受煎熬的她见 到路边有一家贝兹汽车旅馆，便决定留下过夜。\n贝兹汽车旅馆的老板Norman（安东尼·博金斯 Anthony Perkins 饰）是个个性良善的青年，只是面对房间中的母亲十分敬畏。Marion只想赶紧度过今晚，然而在她淋浴时被恐怖杀害。\nMarion的妹妹Lila（维拉·迈尔斯 Vera Miles 饰）一路追踪失踪的姐姐过来，也住进了贝兹汽车旅馆，私家侦探Milton则帮助Lila将目标锁定在Norman身上。一切都似乎与Norman的母亲有关，那控制着儿子的母亲，到底是何方神圣？',200,8.9,96647,'故事的反转与反转，分裂电影的始祖。','https://movie.douban.com/subject/1293181/','https://img3.doubanio.com/view/photo/s_ratio_poster/public/p1021883305.jpg'),(201,'再次出发之纽约遇见你 Begin Again','美国',2013,'约翰·卡尼','凯拉·奈特莉, 马克·鲁弗洛, 亚当·莱文, 詹姆斯·柯登, 海莉·斯坦菲尔德, 凯瑟琳·基纳, 茅斯·达夫, 罗伯·莫洛, 伊恩·布罗茨基, 香农·沃尔什, 大卫·埃伯利斯, 马科·阿桑特, 玛丽·凯瑟琳·歌瑞森, 詹·雅各布, 席洛·格林, 詹妮弗·李·杰克逊, 特里·刘易斯, 吉米·帕伦博, 西蒙·德兰尼, 丹妮尔·布里瑟布瓦, 基恩·鲁弗洛, 尼古拉斯·丹尼尔·冈萨雷斯, 麦迪·科尔曼, 阿雅·卡什, 大卫·彭德尔顿, 保罗·罗梅罗, 安德鲁·塞伦, 凯伦·皮特曼, 罗恩·沃斯','2015-06-26(中国大陆), 2013-09-07(多伦多电影节), 2014-07-11(美国)','104分钟','格雷塔（凯拉·奈特莉 Keira Knightley 饰）抛弃了一切跟随着男友戴夫（亚当·李维 Adam Levine 饰）来到美国纽约实现他们的音乐和爱情梦想，没想到曾经幻想过的美好一切化作泡影，在获得了更好的工作机会后，戴夫果断抛弃了格雷塔，留下她一人苦苦在底层挣扎。\n丹（马克·鲁法洛 Mark Ruffalo 饰）最近的生活也不好过，他发现自己无法从思念前妻马瑞安（凯瑟琳·基纳 Catherine Keener 饰）的感情中走出来，与此同时，他的女儿维奥莱特（海莉·斯坦菲尔德 Hailee Steinfeld 饰）正处于一生中最叛逆的阶段。丹和格雷塔，命运让这失意的两人于一间小小的酒吧里相遇了，等待着他们的，会是怎样充满波折而又浪漫满满的故事呢？',201,8.5,198432,'爱我就给我看你的播放列表。','https://movie.douban.com/subject/6874403/','https://img3.doubanio.com/view/photo/s_ratio_poster/public/p2250287733.jpg'),(202,'小萝莉的猴神大叔 Bajrangi Bhaijaan','印度',2015,'卡比尔·汗','萨尔曼·汗, 哈莎莉·马洛特拉, 卡琳娜·卡普尔, 纳瓦祖丁·席迪圭, 欧姆·普瑞, 梅·维贾, 席尔帕.舒克拉, 拉什·沙玛, 沙拉蒂·瑟斯纳, 阿图·斯里瓦斯塔瓦, 阿德南·萨米, 马诺·巴克什','2018-03-02(中国大陆), 2015-07-17(印度)','159分钟','电影讲述了一个拥有虔诚宗教信仰的单纯印度男人帮助巴基斯坦哑女与父母重聚的故事。印度教教徒帕万（萨尔曼·汗 饰）在一次机缘巧合下结识了与母亲走失并有语言障碍的穆斯林小女孩沙希达（哈尔莎莉·马尔霍特 饰）。在得知沙希达是巴基斯坦人后，帕万决定帮助她回家，可在回巴基斯坦途中却四处碰壁，遭遇领事馆冲突、被旅游局欺骗之后，帕万立志将不惜一切代价尽其所能带沙希达回到自己的家乡与家人团聚。',202,8.5,198311,'宝莱坞的萝莉与大叔。','https://movie.douban.com/subject/26393561/','https://img3.doubanio.com/view/photo/s_ratio_poster/public/p2510956726.jpg'),(203,'黑客帝国3：矩阵革命 The Matrix Revolutions','美国 澳大利亚',2003,'莉莉·沃卓斯基, 拉娜·沃卓斯基','基努·里维斯, 劳伦斯·菲什伯恩, 凯瑞-安·莫斯, 莫妮卡·贝鲁奇, 凯特·宾汉, 雨果·维文, 贾达·萍克·史密斯, 邹兆龙, 朗贝尔·维尔森','2003-11-05(美国/中国大陆)','129 分钟','第二集中，尼奥（基努·里维斯 Keanu Reeves 饰）没有能从内部摧毁“母体”，他的身体在真实世界的飞船上陷于昏迷，思想却被困在介于“母体”和真实世界的中间地带，这个地方由“火车人”控制。墨菲斯（劳伦斯·菲什伯恩 Laurence Fishburne 饰）和崔妮蒂（凯瑞-安·莫斯 Carrie-Anne Moss 饰）等人知道了尼奥的情况，在守护天使的带领下， 找到了“火车人”的控制者梅罗纹奇，经过一番激斗，将尼奥救了出来。\n此时，电子乌贼部队对锡安发起了猛烈的攻击，人类组织所有机甲战士展开顽强的抵抗，形势危在旦夕；尼奥和崔妮蒂驾驶了一艘飞船克服重重困难，到达机器城市，尼奥终于见到了机器世界的统治者“机器大帝”，双方谈判并达成了协议：尼奥除掉不受“母体”控制的史密斯，以换取锡安的和平。\n在“母体”中，尼奥和史密斯展开了关系人类生死存亡的最后决斗...',203,8.6,179028,'不得不说，《黑客帝国》系列是商业片与科幻、哲学完美结合的典范。','https://movie.douban.com/subject/1302467/','https://img1.doubanio.com/view/photo/s_ratio_poster/public/p443461818.jpg'),(204,'东京物语 東京物語','日本',1953,'小津安二郎','笠智众, 原节子, 杉村春子, 东山千荣子, 山村聪, 香川京子','1953-11-03(日本)','136 分钟','儿女们都大了，各自成家。父亲周吉（笠智众饰）和老伴（东山千荣子饰）要去东京看望他们，老两口带着愉快心情上路。可另一边，还没等他们到大儿子家，孙子就因为爷爷奶奶到来腾地方哭闹不停。老人开始觉得尴尬，大儿子幸一（山村聪饰）在东京当医生，二女儿繁（杉村春子饰）在东京开美容店，二儿媳纪子（原节子饰），小女儿京子（香川京子饰）外，大阪还有三子敬三。\n东京让老人陌生，在儿女家也好不到哪去。大儿子工作繁忙，没时间带他们出去玩。搬到女儿家，依旧每日困守且有矛盾。老两口渐渐也明白儿女们的处境，他们在东京的老友也过得不好。只有守寡的儿媳纪子对老人很是孝顺。之后老人踏上回家的路，前后不过十天……',204,9.2,59143,'东京那么大，如果有一天走失了，恐怕一辈子不能再相见。','https://movie.douban.com/subject/1291568/','https://img3.doubanio.com/view/photo/s_ratio_poster/public/p1910832390.jpg'),(205,'新龙门客栈 新龍門客棧','香港 中国大陆',1992,'李惠民','张曼玉, 林青霞, 梁家辉, 甄子丹, 熊欣欣, 刘洵, 任世官, 吴启华, 袁祥仁, 徐锦江, 郑希怡, 王彤川, 王伟顺, 蔡浩','2012-02-24(中国大陆), 1992-08-27(香港)','88分钟','宦官专权的明朝中叶，东厂曹少钦（甄子丹）假造圣旨杀害了忠良杨宇轩，并想斩草除根杀死其后代。侠女邱莫言（林青霞）、江湖义士贺虎等人冒死救出忠良后代后，逃至边关沙漠里的龙门客栈，与杨宇轩部下周淮安（梁家辉）会合。龙门客栈实则黑店，老板娘金镶玉（张曼玉）利用乱世，以美貌和风骚 作诱饵杀人越货聚敛钱财，但她却为英俊潇洒的周淮安动了真心。为了摸清潜藏于龙门客栈中的出关暗道，周淮安将计就计，答应与金镶玉成亲。\n洞房花烛夜，楼上的周淮安与金镶玉各怀心事暗中较劲，楼下的邱莫言、贺虎等人也与东厂一众“走狗”展开了明争暗斗，战事一触即发。',205,8.5,210784,'嬉笑怒骂，调风动月。','https://movie.douban.com/subject/1292287/','https://img1.doubanio.com/view/photo/s_ratio_poster/public/p1421018669.jpg'),(206,'源代码 Source Code','美国 加拿大',2011,'邓肯·琼斯','杰克·吉伦哈尔, 维拉·法米加, 米歇尔·莫纳汉, 杰弗里·怀特, 拉塞尔·皮特斯, 詹姆斯·A·伍兹, 迈克尔·阿登, 乔·柯布登 , 卡斯·安瓦尔','2011-08-30(中国大陆), 2011-03-11(西南偏南电影节), 2011-04-01(美国)','93分钟','在阿富汗执行任务的美国空军飞行员科特史蒂文斯上尉（杰克·吉伦哈尔 Jake Gyllenhaal 饰）突然惊醒，发现自己在一辆高速行驶的列车上，而他的身边坐着一个素不相识的女子克里斯蒂安（米歇尔·莫娜汉 Michelle Monaghan 饰）正在与自己讲话。科尔不知自己为什么会在这辆车上，而且他发现自己居然是以另一个人的身份存在，正当他迷惑不解的时候，列车上忽然发生爆炸……\n科特又一次惊醒，发现自己身处一个密闭的太空仓里，有一位女军官古德温（维拉·法米加 Vera Farmiga 饰）正在通过视频和自己对话，并要求自己报告列车上发生的事情。一头雾水的科特还没搞明白是怎么回事时，他又一次被送上那辆列车。这次之后，科特终于明白自己在执行一件任务，负责调察芝加哥火车爆炸案找到恐怖份子并查出他的下一个目标。科特被一次又一次的送上那辆高速列车，每次只有八分钟...',206,8.4,449966,'邓肯·琼斯继《月球》之后再度奉献出一部精彩绝伦的科幻佳作。','https://movie.douban.com/subject/3075287/','https://img3.doubanio.com/view/photo/s_ratio_poster/public/p988260245.jpg'),(207,'步履不停 歩いても 歩いても','日本',2008,'是枝裕和','阿部宽, 夏川结衣, 江原由希子, 高桥和也, 田中祥平, 野本萤, 林凌雅, 寺岛进, 加藤治子, 树木希林, 原田芳雄','2008-06-28(日本)','115分钟','“人生路上步履不停，为何总是慢一拍”。\n位于偏远小镇的横山一家，生活平静祥和。父亲恭平（原田芳雄 饰）是业已退休的医生，却时时牵挂小镇诊所内的事务。长子纯平继承了父亲的事业，却在15年前为救落水儿童而溺水身亡。次子良多（阿部宽 饰）与父亲意见相左，执意前往异地当起了绘画修复师。多年的打拼换来的却是失业，困顿的良多与带着孩子的由香里（夏川结衣 饰）结婚，相互扶持，继续生活。\n又逢纯平的忌日，良多和姐姐千奈美（YOU 饰）带着家人分别赶回家中。平静的横山家再次热闹起来……\n本片荣获2009年蓝丝带最佳导演奖和最佳女配角奖（树木希林）、2008年报知电影和2009年电影旬报最佳女配角（树木希林）、2009年每日电影奖最佳男主角（阿部宽）、2008年马塔布拉塔国际电影节评审团大奖和最佳影片。',207,8.8,102064,'日本的家庭电影已经是世界巅峰了，步履不停是巅峰中的佳作。','https://movie.douban.com/subject/2222996/','https://img1.doubanio.com/view/photo/s_ratio_poster/public/p672446737.jpg'),(208,'终结者2：审判日 Terminator 2: Judgment Day','美国 法国',1991,'詹姆斯·卡梅隆','阿诺·施瓦辛格, 琳达·汉密尔顿, 爱德华·福隆, 罗伯特·帕特里克, 阿尔·伯恩, 乔·莫顿, 埃帕莎·默克森, 卡斯图罗·格雷拉, 丹尼·库克塞, 詹妮特·戈德斯坦恩, 山德·贝克利, 莱思莉·汉密尔顿·格伦','1991-07-03(美国), 2017-02-17(柏林电影节 3D)','137分钟','上一部中，超级电脑“天网”阻止人类抵抗领袖约翰·康纳诞生的行动失败，时隔13年后，在“审判日”到来之前，“天网”派出了更加先进的生化机器人T-1000（罗伯特·帕特里克 饰）从公元2029年回到洛杉矶追杀已经长大的约翰，与此同时，约翰也派出了机器人T-800（阿诺· 施瓦辛格 饰）回去保护年幼的自己。\n此时，萨拉·康纳（琳达·汉密尔顿 饰）因为怪异的言行而住进了精神疗养院，约翰则和养父母住在一起，行为叛逆。T-800找到他们，在逃避T-1000追杀过程中，获得了二人的信任。\n为了改变未来的历史，挽救人类的命运，萨拉、约翰和T-800 Model 101找到了“天网”之父，迈尔斯·戴森（乔·莫顿 饰），说服他销毁一切有关“天网”的资料，此时，警察和T-1000同时赶来，他们陷入了多方争斗中。',208,8.6,158298,'少见的超越首部的续集，动作片中的经典。','https://movie.douban.com/subject/1291844/','https://img3.doubanio.com/view/photo/s_ratio_poster/public/p1910909085.jpg'),(209,'海街日记 海街diary','日本',2015,'是枝裕和','绫濑遥, 长泽雅美, 夏帆, 广濑铃, 大竹忍, 堤真一, 加濑亮, 风吹淳, 中川雅也, 前田旺志郎 , 铃木亮平, 坂口健太郎, 树木希林','2015-05-14(戛纳电影节), 2015-06-13(日本)','127分钟','临海古都镰仓，顺山而成的小镇，不起眼的角落里生活着香田家四姐妹。她们的父亲早年和情人离家出走，母亲则干脆将女儿们抛给了外婆照顾。外婆去世后，外孙女们继承了这栋有着悠久历史的大房子。过早担负起家庭重任的大姐香田幸（绫濑遥 饰），尽心尽力照顾着两个妹妹佳乃（长泽雅美 饰）、千佳（夏帆 饰）健康成长。这一天，父亲去世的消息传到姐妹手中。她们结伴而行参加了父亲的葬礼，并且结识了从未谋面的异母妹妹浅野铃（广濑丝丝 饰）。许是血缘中的亲近之感，幸在临行前邀请铃搬来镰仓同住。未过多久，抱着对姐姐们的憧憬，铃迈入了父亲曾经生活过的房子。四季流转，姐妹们的故事悄然上演……\n本片根据吉田秋生的同名漫画改编。',209,8.7,161340,'是枝裕和的家庭习作。','https://movie.douban.com/subject/25895901/','https://img1.doubanio.com/view/photo/s_ratio_poster/public/p2232247487.jpg'),(210,'绿里奇迹 The Green Mile','美国',1999,'弗兰克·德拉邦特','汤姆·汉克斯, 大卫·摩斯, 迈克·克拉克·邓肯, 邦尼·亨特, 詹姆斯·克伦威尔, 迈克尔·杰特, 格雷厄姆·格林, 道格·休切逊, 山姆·洛克威尔, 巴里·佩珀, 杰弗里·德曼, 派翠西娅·克拉克森, 哈利·戴恩·斯坦通, 戴布思·格里尔, 伊芙·布伦特','1999-12-10(美国)','189 分钟','狱监保罗（汤姆?汉克斯 Tom Hanks 饰）这天迎来了一位不平凡的杀人犯――约翰?考夫利（迈克?克拉克?邓肯 Michael Clarke Duncan 饰）。约翰因杀了两名幼女被判死刑来到了这座著名的冷山监狱，监狱里有一片称为“绿里”的绿地，绿地那头就是刑场。\n约翰不仅不像想象中的凶残，相反，他出奇的温厚、机智。约翰的到来给狱中的各人带来了天翻地覆的变化：为老囚犯特里沃的小老鼠注入了生命的强度，给特里沃最后的人生带来最后的慰籍；神奇的拯救了被病痛折磨的保罗和马琳达；将金保斯从死神手中拉了回来……保罗这些天也从约翰身上看到了人生的真谛。\n约翰行刑的那天终于到了。',210,8.7,120472,'天使暂时离开。','https://movie.douban.com/subject/1300374/','https://img3.doubanio.com/view/photo/s_ratio_poster/public/p767586451.jpg'),(211,'末路狂花 Thelma & Louise','美国 法国',1991,'雷德利·斯科特','吉娜·戴维斯, 苏珊·萨兰登, 哈威·凯特尔, 迈克尔·马德森, 布拉德·皮特','1991-05-24(美国), 1991-05-29(法国)','130 分钟','该片被认为是向男权社会发出抗争的女性主义电影代表作。\n生活在沉闷与琐碎家务中的家庭主妇赛尔玛（Geena Davis）与在某间咖啡厅做女侍应生的闺中密友路易丝（Susan Sarandon）对平凡的生活与工作产生厌倦后，结伴一起外出旅游散心。路上，在某家酒吧外的停车厂， 赛尔玛险遭无名男子强暴，幸好路易丝及时赶到，拔枪将该男子射杀。惊慌失措的两人掉头逃亡，自此踏上不归路，过程中两人性格均有了很重大的改变。',211,8.7,117593,'没有了退路，只好飞向自由。','https://movie.douban.com/subject/1291992/','https://img3.doubanio.com/view/photo/s_ratio_poster/public/p794583044.jpg'),(212,'秒速5厘米 秒速5センチメートル','日本',2007,'新海诚','水桥研二, 近藤好美 , 尾上绫华, 花村怜美, 水野理纱','2007-03-03(日本)','63分钟','如果，樱花掉落的速度是每秒5厘米，那么两颗心需要多久才能靠近？\n少年时，贵树（水橋研二配）和明理（近藤好美配）是形影不离的好朋友，可很快，一道巨大的鸿沟便横亘在两人中间：明理转学，贵树也随着父母工作的调动搬到遥远的鹿儿岛。在搬家前，贵树乘坐新干线千里迢迢和明理相会，在漫长的等待后，茫茫大雪中，两人在枯萎的樱花树下深情相拥，并献出彼此的first kiss，约定着下一次再一起来看樱花。\n时光荏苒，两人竟再没见过，虽然在人海中一直搜寻彼此的身影，但似乎总是徒然。再后来，他们分别有了各自的生活，只是还偶尔会梦到13岁时的这段青涩而美好的感情，才明白当年怎么也说不出口的那个字就是爱。',212,8.3,341642,'青春就是放弃和怀念。','https://movie.douban.com/subject/2043546/','https://img3.doubanio.com/view/photo/s_ratio_poster/public/p982896012.jpg'),(213,'初恋这件小事 ???????????????????????...???','泰国',2010,'普特鹏·普罗萨卡·那·萨克那卡林, 华森·波克彭','平采娜·乐维瑟派布恩, 马里奥·毛瑞尔, 苏达拉·布查蓬, 雅尼卡·桑普蕾舞, 诺特·阿查拉那·阿瑞亚卫考, 皮拉瓦特·赫拉巴特, 普特鹏·普罗萨卡·那·萨克那卡林, 华森·波克彭','2012-06-05(中国大陆), 2010-08-12(泰国)','118分钟(泰国)','初中生小水相貌平平，家境一般，所以在学校里并不受重视。但是她心地善良，又有一群死党，日子过得倒也开心。某天，她遇见了帅气的学长阿亮（马里奥·毛瑞尔 Mario Maurer 饰），春心萌动，无 法遏制。她喜欢看他踢足球，看他拍照，如痴如狂。上英语课时，她不停地给死党传纸条 表达对阿亮的爱慕。然而，英语老师则指出她除了英语一无是处。回到家，叔叔从美国捎来了父亲的消息，说如果她能考全校第一，就可以去美国。于是，她按下决心要努力加油。某天，小水等人在买饮料时，碰到篮球队员蛮横插队。阿亮挺身而出，为她们教训了对方，并挨了校长的责骂。小水也第一次听说，阿亮的父亲因为射失点球而退役的事情，理解了他心中的隐痛。由于舞蹈队是给美女准备的，所以小水等一干姐妹准备在话剧社大展身手，没想到学长也来到这个社团。两人还扮演王子公主，他们的恋情会由此展开么？……',213,8.3,519844,'黑小鸭速效美白记。','https://movie.douban.com/subject/4739952/','https://img3.doubanio.com/view/photo/s_ratio_poster/public/p1505312273.jpg'),(214,'城市之光 City Lights','美国',1931,'查理·卓别林','查理·卓别林, 弗吉尼亚·切瑞尔, 佛罗伦斯·李, 亨利·伯格曼, 珍·哈露','1931-01-30(洛杉矶首映), 1931-03-07(美国)','87 分钟','他是一个流浪汉（查理·卓别林 Charles Chaplin 饰），身无分文，遇上了双目失明的卖花女，却不忍袖手旁观。他想尽办法去凑够费用，供卖花女治病。一天，他搭救了一个富翁，富翁当晚和他称兄道弟，第二天却翻脸不认人。本来打算向他求助的主意行不通了。流浪汉去参加拳击比 赛，以图获得奖金，却输得一败涂地。谁知这时重遇富翁，二人不计前嫌，富翁答应出钱资助卖花女。在交给流浪汉1000元后，富翁遭到偷袭，身上剩下的钱被强盗抢走。流浪汉奋不顾身去追赶，却因为误会被警察押回警局坐牢。另一方面，流浪女凭借流浪汉的资助重获光明，开了一家体面的花店。',214,9.2,51701,'永远的小人物，伟大的卓别林。','https://movie.douban.com/subject/1293908/','https://img3.doubanio.com/view/photo/s_ratio_poster/public/p2170238803.jpg'),(215,'碧海蓝天 Le grand bleu','法国 美国 意大利',1988,'吕克·贝松','让-马克·巴尔, 让·雷诺, 罗姗娜·阿奎特, 保罗·希纳尔, 赛尔乔·卡斯特利托, 让·布伊兹, 马克·迪莱特, 格里芬·邓恩, Andréas Voutsinas, 瓦伦提娜·瓦格斯, 金伯莉·贝克','1988-05-11(法国)','132分钟(法国)','杰克（让-马克?巴尔 Jean-Marc Barr）在希腊海边长大，虽然小时候眼看着爸爸死于一次潜水事故，却没有削减杰克对大海的热爱。当杰克的朋友恩佐（让·雷诺 Jean Reno饰）找到他，劝说他参加潜水冠军大赛时，杰克答应了，在比赛中成绩突出勇夺冠军，并且得到了乔安娜（罗姗娜?阿奎特 Rosanna Arquette饰）的爱。两人打得火热，杰克却意识到他放不下、离不开大海。\n意外发生了。好友恩佐在潜水中不幸丧生，杰克把恩佐的尸首放入大海当中，杰克的心中非常迷乱，他觉得自己不再属于人类社会，只想潜进深海，像海豚一样陪伴大海一生。尽管传来了乔安娜怀孕的消息，杰克深情的看了看爱人，转身投入了大海的怀抱。',215,8.7,114249,'在那片深蓝中，感受来自大海的忧伤寂寞与美丽自由。','https://movie.douban.com/subject/1300960/','https://img3.doubanio.com/view/photo/s_ratio_poster/public/p455722535.jpg'),(216,'无敌破坏王 Wreck-It Ralph','美国',2012,'瑞奇·摩尔','约翰·C·赖利, 萨拉·西尔弗曼, 杰克·麦克布瑞尔, 简·林奇, 艾伦·图代克, 敏迪·卡灵, 乔·洛·特鲁格里奥, 艾德·奥尼尔, 丹尼斯·海斯伯特, 伊迪·迈克莱尔, 雷蒙德·S·佩尔西, 杰斯·哈梅尔, 瑞秋·哈里斯, 斯盖拉·阿斯丁, 亚当·卡罗拉, 霍拉提奥·桑斯, 莫里斯·拉马奇, 斯戴芬妮·斯考特, 约翰·迪·玛吉欧, 瑞奇·摩尔, 凯蒂·洛斯, 贾米·埃曼, 乔西·特立尼达, 辛贝·沃克, 塔克·吉莫尔, 布兰登·斯考特, 蒂姆·梅尔滕斯, 凯文·迪特斯, 杰洛·里佛斯, 马丁·贾维斯, 布莱恩·克辛格, 罗杰·克莱格·史密斯, 菲尔·约翰斯顿, 鲁本·兰登, 凯尔·赫伯特, 洁米·斯贝勒·罗伯茨, 尼克·格里姆肖','2012-11-06(中国大陆), 2012-11-02(美国)','101分钟','无敌破坏王（约翰·C·赖利 John C. Reilly 配音）生活在一个80年代出品的低精度游戏中。他的设定身份是一个反派，每天的生活就是在游戏《快手阿修》中大搞破坏，其后由玩家操作的英雄人物快手阿修（杰克·麦克布瑞尔 Jack McBrayer 配音） 会及时赶到进行修补，赢得奖牌，包揽一切荣耀。身为反派，破坏王厌倦了自己的生活，眼看阿修被胜利者的光环围绕，自己却日复一日在无趣中过活，他终于决定改变。单纯的他以为只要自己也能得到一枚奖牌，就可以摆脱反派的身份，于是某日在游戏厅歇业后，破坏王偷偷离开了自己的游戏，前去闯荡其他电子游戏的世界。\n在途中，破坏王结识了来自《英雄使命》的冷酷队长（简·林奇 Jane Lynch 配音）和来自90年代糖果赛车游戏《甜蜜冲刺》的小女孩云妮（萨拉·丝沃曼 Sarah Silverman 配音）。后者梦想着能上场比...',216,8.7,211082,'迪士尼和皮克斯拿错剧本的产物。','https://movie.douban.com/subject/6534248/','https://img3.doubanio.com/view/photo/s_ratio_poster/public/p1735642656.jpg'),(217,'无耻混蛋 Inglourious Basterds','美国 德国',2009,'昆汀·塔伦蒂诺','布拉德·皮特, 梅拉尼·罗兰, 克里斯托弗·沃尔兹, 伊莱·罗斯, 迈克尔·法斯宾德, 黛安·克鲁格, 丹尼尔·布鲁尔, 蒂尔·施威格, 哥德昂·布克哈德, 雅基·伊多, B·J·诺瓦克, 奥玛·杜姆, 奥古斯特·迪赫, 德尼·梅诺谢, 西尔维斯特·格罗特, 蕾雅·赛杜','2009-08-20(德国)','153分钟','故事分五章进行。二战中德占法国，德军上校汉斯（克里斯托弗·瓦尔兹 Christoph Waltz 饰）号称“犹太猎人”，在一次屠犹行动中，少女苏珊娜（梅勒尼·劳伦特 Mélanie Laurent 饰）侥幸逃脱。与此同时，八名美国犹太士兵在中尉奥尔多（布拉德·皮特 饰） 的带领下潜入德占法国刺杀德国军人，其行动神出鬼没，手法残忍，对德军造成相当威胁，被称为“杂种”。三年后苏珊娜来到巴黎继承了姑母的电影院，结识了德国战斗英雄，电影《国家荣耀》的主演弗里德里克（丹尼尔·布鲁赫 Daniel Brühl 饰）。对苏珊娜一见钟情的弗里德里克说服德国宣传部长约瑟夫·戈培尔（西尔维斯特·格洛斯 Sylvester Groth 饰）在苏珊娜的影院首映《国家荣耀》，希特勒（马丁·乌特克 Martin Wuttke 饰）本人也将出席。苏珊娜决定借放映之机烧毁影院；而在...',217,8.5,248150,'昆汀同学越来越变态了，比北野武还杜琪峰。','https://movie.douban.com/subject/1438652/','https://img3.doubanio.com/view/photo/s_ratio_poster/public/p770734475.jpg'),(218,'爱在午夜降临前 Before Midnight','美国',2013,'理查德·林克莱特','伊桑·霍克, 朱莉·德尔佩, 肖姆斯·戴维-菲茨帕特里克, 詹妮弗·普里尔, 夏洛特·普里尔','2013-06-14(美国)','109分钟','被影迷奉为爱情圭臬的《爱在黎明破晓前》、《爱在日落黄昏时》终于迎来了第三部《爱在午夜降临前》。第一部中美国青年杰西（伊桑·霍克 Ethan Hawke 饰）坐火车邂逅法国女孩赛琳（朱莉·德尔佩 Julie Delpy 饰），两人在维也纳度过难忘一晚；9年后的第二部，杰西已成 为作家，他的小说让他和赛琳在巴黎重逢，两人于日落前再续前缘。如今又一个9年过去了，杰西与赛琳已经一起生活并有了一对双胞胎女儿，对人生和爱情也有了更多感悟。《爱在午夜降临前》就是撷取他们在希腊伯罗奔尼撒南部小岛度假的最后一天。\n导演理查德·林克莱特和两位主演就像与影迷在赴一个每9年的约会，尽管三部曲的制作跨度长达18年，但故事情节几乎可以写在一张纸的背面。电影惯于只用人与人的对话讲述故事，两位主人公或行走在静谧的村落，或悠然坐在露台和餐桌前，不断的讨论着文学、爱情、生活、两性等话题...',218,8.8,133835,'所谓爱情，就是话唠一路，都不会心生腻烦，彼此嫌弃。','https://movie.douban.com/subject/10808442/','https://img1.doubanio.com/view/photo/s_ratio_poster/public/p2074715729.jpg'),(219,'这个男人来自地球 The Man from Earth','美国',2007,'理查德·沙因克曼','大卫·李·史密斯, 托尼·托德, 约翰·比灵斯列, 安妮卡·彼得森, 阿丽西丝·索普, 威廉姆·卡特, 理查德·里尔, 艾伦·克劳福德, 史蒂文·利特尔, 罗比·布赖恩','2007-11-13(美国)','87 分钟','一个普通男人的秘密在他的辞职事件中开始显示出端倪。历史教授约翰奥德曼（David Lee Smith饰）说自己身上有一个让大家都匪夷所思的秘密，而为了保守这个秘密他不能在一个地方超过十年。他的朋友们试图去发掘他的故事中的秘密，这一举动让约翰非常生气，而他的朋友却发现约翰的故事是无法被否定也无法查证的，究竟约翰身上有着怎样的秘密？一幕幕碎片联系起来，带给我们一个意料之外的故事高潮。',219,8.5,204698,'科幻真正的魅力不是视觉效果能取代的。 ','https://movie.douban.com/subject/2300586/','https://img3.doubanio.com/view/photo/s_ratio_poster/public/p513303986.jpg'),(220,'勇闯夺命岛 The Rock','美国',1996,'迈克尔·贝','肖恩·康纳利, 尼古拉斯·凯奇, 艾德·哈里斯, 约翰·斯宾塞, 大卫·摩斯, 威廉·弗西斯, 迈克尔·比恩, 瓦内萨·马赛尔, 约翰·C·麦金雷, 托尼·托德, 博基姆·伍德拜因, 格雷格·科林斯, 布伦丹·凯利, 史蒂夫·哈里斯, 吉姆·卡维泽','1996-06-07(美国)','136分钟','美国海军陆战队法兰（艾德?哈里斯 Ed Harris 饰）将军因不满政府对退伍、战死军人及其家属的补偿和福利不满，率领部下将美军最新研制的生化武器――VX毒气弹――偷运到罗克岛，劫持了81名正在该岛观光的游客，控制了该岛。要挟美国政府48小时内支付1亿元赎金否则将杀死人质并用毒气弹袭击旧金山。\n罗克岛之前曾是美国防卫最严密的监狱，易守难攻。美国政府偶然从档案中发现前英国特工梅森（肖恩?康纳利 Sean Connery 饰）曾顺利从该监狱出逃，于是他们请来了梅森，要求他30小时之内带领特种部队攻占这座“魔鬼岛”……',220,8.6,156674,'类型片的极致。 ','https://movie.douban.com/subject/1292728/','https://img3.doubanio.com/view/photo/s_ratio_poster/public/p636048104.jpg'),(221,'疯狂的石头','中国大陆 香港',2006,'宁浩','郭涛, 刘桦, 连晋, 黄渤, 徐峥, 优恵, 罗兰 , 王迅','2006-06-30(中国大陆), 2006-08-10(香港)','106 分钟(香港)','重庆一间工艺品厂已经濒临倒闭，却不料在拆倒旧厂房的时候，发现了厕所里的一件宝物——一块价值连城的翡翠。厂里决定用这块翡翠举办一个展览，赚些钱发拖欠了几个月的工人工资。期间由工艺品厂保卫科长包世宏（郭涛 饰）负责看守这件宝物。但是，国际大盗麦克与本地一帮小偷却让包世宏一筹莫展，他们各施其技接近翡翠，展览馆开始了一场明争暗斗的较量。黑色幽默也开始幕幕上演。翡翠的价值几何？最后谁是胜出者？事情远没有表面那么简单……',221,8.3,360179,'中国版《两杆大烟枪》。','https://movie.douban.com/subject/1862151/','https://img3.doubanio.com/view/photo/s_ratio_poster/public/p712241453.jpg'),(222,'E.T. 外星人 E.T.: The Extra-Terrestrial','美国',1982,'史蒂文·斯皮尔伯格','亨利·托马斯, 迪·沃伦斯, 罗伯特·麦克纳夫顿, 德鲁·巴里摩尔, 彼德·考约特','1982-05-26(戛纳电影节), 1982-06-11(美国)','115分钟','小埃利奥特（亨利托马斯）发现一个意外走失的小外星人，他悄悄的收留了小外星人，并把他介绍给自己的哥哥和妹妹。孩子们与外星人友好的相处，给他吃巧克力，带他去郊外寻找家人留下的痕迹，并为小外星人的种种特异功能兴奋不已。渐渐的埃利奥特与外星人之间形成了某种奇妙的联系，跨越了言语沟通的障碍。\n可是不久，外星人的存在被大人们知晓，无情的追捕行动展开了。ET被抓进实验室，小埃利奥特也一病不起。孩子们愤怒了，他们自发组织起来，营救外星人。埃利奥特也在心灵的感召下苏醒过来，加入营救行动。他们能成功么？',222,8.5,173453,'生病的E.T.皮肤的颜色就像柿子饼。','https://movie.douban.com/subject/1294638/','https://img3.doubanio.com/view/photo/s_ratio_poster/public/p984732992.jpg'),(223,'卡萨布兰卡 Casablanca','美国',1942,'迈克尔·柯蒂兹','亨弗莱·鲍嘉, 英格丽·褒曼, 保罗·亨雷德, 克劳德·雷恩斯, 康拉德·韦特, 西德尼·格林斯垂特, 彼得·洛, 杜利·威尔逊','1942-11-26(纽约首映), 1943-01-23(美国)','102 分钟','二战期间，卡萨布兰卡是欧洲逃往美国的必经之地，那里鱼龙混杂，局势紧张。里克（亨佛莱?鲍嘉 Humphrey Bogart 饰）是一个神秘的商人，他在卡萨布兰卡开了一家人气很旺的夜总会，并拥有两张宝贵的通行证。一天，反纳粹人士维克多和妻子伊尔莎（英格丽?褒曼 Ingrid Bergman 饰）来到夜总会，原来他们正在逃避纳粹的追捕。碰巧的是，里克发现，伊尔莎竟然是他的旧日情人。那段爱曾经刻骨铭心，却因为一个误会而终止。而当误会消解时，伊尔莎和里克的感情还是不可避免的重燃了。里克手上的两张通行证能帮助维克多度过难关，但这样一来，伊尔莎是决定留下，还是离去，他们的爱情在政治和伦理的推波逐流中走向何方。',223,8.6,138235,'世界上有那么多女人那么多酒馆，但她偏偏走进我的这家。','https://movie.douban.com/subject/1296753/','https://img3.doubanio.com/view/photo/s_ratio_poster/public/p1244791866.jpg'),(224,'变脸 FaceOff','美国',1997,'吴宇森','约翰·特拉沃尔塔, 尼古拉斯·凯奇, 琼·艾伦, 亚历桑德罗·尼沃拉, 吉娜·格申, 多米尼克·斯万, 尼克·卡萨维茨, 哈威·普雷斯内尔, 科鲁姆·费奥瑞, 约翰·卡洛·林奇, 希·庞德, 罗伯特·维斯多姆, 赵牡丹, 詹姆斯·丹顿, 马特·罗斯, 克里斯·鲍尔, 迈尔斯·杰弗里, 大卫·麦克库利, 托马斯·简, 汤米·弗拉纳根, 达纳·史密斯, 罗密·温莎, 保罗?希普, 柯克·鲍兹, 劳伦·辛克莱尔, 本·里德, 丽莎·博伊尔, 琳达·霍夫曼, 丹尼·马斯特森, 迈克尔·罗查, 麦克·韦柏, 梅根·保罗, 诺姆·卡普顿','1997-06-27(美国)','138分钟','凯斯特（尼古拉斯?凯奇 Nicolas Cage 饰）是一个恐怖分子，他本想杀死探员西恩（约翰?特拉沃塔 John Travolta 饰），却误杀了西恩的儿子，西恩更与凯斯特结下不共戴天之仇。在逮捕凯斯特归案之后，他以为可以划上句号，却得知凯斯特已经把一枚毒气炸弹投放在某个人群密集的角落。\n为了查出炸弹地点，西恩决定利用整形手术，将昏迷中的凯斯特的脸换在自己身上，去假扮凯斯特身份套出他弟弟说出真相。这件事属于FBI高度机密，只有寥寥几人知情。\n凯斯特醒来，此时他有着西恩的面相。于是他决定将计就计，将知情人杀掉之后，他就变成了西恩……',224,8.4,236066,'当发哥的风衣、墨镜出现在了凯奇身上??','https://movie.douban.com/subject/1292659/','https://img3.doubanio.com/view/photo/s_ratio_poster/public/p2173855883.jpg'),(225,'海盗电台 The Boat That Rocked','英国 德国 法国',2009,'理查德·柯蒂斯','比尔·奈伊, 肯尼思·布拉纳, 菲利普·塞默·霍夫曼, 尼克·弗罗斯特, 汤姆·斯图里奇, 瑞斯·伊凡斯, 瑞斯·达比, 克里斯·奥多德, 妲露拉·莱莉, 凯瑟琳·帕金森, 杰克·达文波特','2009-04-01(英国)','116 分钟','1966年，大西洋北海上漂浮着的一艘船，是深受不列颠听众喜爱的摇滚电台的大本营。因吸毒而退学的 Carl（汤姆·斯图里奇 Tom Sturridge 饰）被母亲 Charlotte（艾玛·汤普森 Emma Thompson 饰）送到这里，认识了 Quentin（比尔·奈伊 Bill Nighy 饰）、The Count（菲利普·塞默·霍夫曼 Philip Seymour Hoffman 饰）、Dave（尼克·弗罗斯特 Nick Frost 饰）等热爱音乐崇尚自由的人。另一方面，政府高官 Sir Alistair Dormandy（肯尼思·布拉纳 Kenneth Branagh 饰）决定设法取缔非法电台。随着政府向电台的赞助商施压，电台的收入持续降低。此时，出国两年现已享有国际盛誉的 Gavin（瑞斯·伊凡斯 Rhys Ifans 饰）决定海归，解决了...',225,8.6,178330,'生命不止，摇滚不死。','https://movie.douban.com/subject/3007773/','https://img3.doubanio.com/view/photo/s_ratio_poster/public/p769608791.jpg'),(226,'发条橙 A Clockwork Orange','英国 美国',1971,'斯坦利·库布里克','马尔科姆·麦克道威尔, 帕特里克·马基, 迈克尔·贝茨, 沃伦·克拉克, 约翰·克莱夫','1971-12-19(纽约首映), 1972-01-13(英国)','136 分钟','阿利斯（马尔科姆?麦克道尔）是一位无恶不作的少年，他的特殊喜好是边听贝多芬的交响曲边奸淫女性，某次他进入一所别墅抢劫一番后，打残了该别墅的主人——一名小说家，并用特殊喜好蹂躏了其妻子。后来因为杀了一名单身女子，阿利斯入狱并接受了特殊的人格治疗，出狱后，他对淫乐之事产生彻底的厌倦。\n但当阿利斯回到家时，周围人群没改变对他的旧看法，在种种歧视的重压下，他跑到郊外一所别墅想喘口气，不想这所别墅正是他以前抢劫过的小说家的那所。而作为反政府组织首领的该小说家为了达到某种目的，软禁了阿利斯。当这件事暴露小说家被捕时，其手下为了对抗政府，扬言要把阿利斯恢复原来的性情，完全不理一旁的阿利斯大叫“我完全好了”。',226,8.5,204182,'我完全康复了。','https://movie.douban.com/subject/1292233/','https://img3.doubanio.com/view/photo/s_ratio_poster/public/p529908155.jpg'),(227,'黄金三镖客 Il buono, il brutto, il cattivo.','意大利 西班牙 西德',1966,'赛尔乔·莱翁内','克林特·伊斯特伍德, 埃里·瓦拉赫, 李·范·克里夫, 阿尔多·久弗瑞, 路易吉·皮斯蒂利','1966-12-23(意大利)','161 分钟','故事发生在美国南北战争时期。图科（埃里?瓦拉赫 Eli Wallach 饰）是一个图财害命的江洋大盗，因此他被镇上悬赏通缉。布兰迪（克林特?伊斯特伍德 Clint Eastwood  饰）是一个除暴安良的牛仔，他无意中抓住了图科，但嫌赏金不够又掳走了他。在荒漠中，布兰迪惩罚图科让其自生自灭。但是诡诈的图科居然逃过了一劫，并纠集一些帮凶在客栈捉住了布兰迪。正当图科以牙还牙折磨布兰迪的时候，他劫持了一个名叫卡森的士兵。后者临死前留下了宝藏的秘密，图科和布兰迪分别获得了一半信息。与此同时，一个狡猾的杀手桑坦萨（李?范?克里夫 Lee Van Cleef 饰）也通过其他渠道发现了宝藏的秘密。于是，在寻宝的道路上，三个人使出浑身解数，上演了一场场对决的好戏……',227,9.1,58497,'最棒的西部片。','https://movie.douban.com/subject/1401118/','https://img1.doubanio.com/view/photo/s_ratio_poster/public/p2101693489.jpg'),(228,'美国丽人 American Beauty','美国',1999,'萨姆·门德斯','凯文·史派西, 安妮特·贝宁, 索拉·伯奇, 韦斯·本特利, 米娜·苏瓦丽, 彼得·盖勒, 艾莉森·珍妮, 克里斯·库珀, 斯科特·巴库拉, 山姆·洛巴兹, 巴里·德尔·舍曼, 阿若·希利, 约翰·赵, 肯特·法尔考, 希瑟·乔伊·谢尔, 切尔西·赫特福德, 安贝尔·史密斯, 乔尔·麦克拉里, 玛丽莎·贾里特·威诺克, 丹尼斯·安德森','1999-09-08(洛杉矶首映), 1999-10-01(美国)','122分钟','莱斯特（凯文·史派西 Kevin Spacey 饰）跟许多中年男人一样，遇到了各种各样的人生难题。他在一个广告公司工作，成绩平平，但是妻子却比他混得出色，一派女强人作风。这个平凡的男人还有一个未成年的女儿珍妮（索拉·伯奇 Thora Birch饰）。\n珍妮性格叛逆，被邻居偷拍裸照还觉得很好玩，满不在乎。她有一个要好的同学安吉拉（米娜·苏瓦丽 Mena Suvari 饰），当莱斯特在拉拉队的人群中看到了充满青春活力的安吉拉，一切都改变了。莱斯特陷入了阿安吉拉年轻鲜活的气息当中。他死气沉沉的心境有了燃烧的感觉。而此时，他的妻子，也和另外一个富商有了私情。当莱斯特得到了他心目中的年轻女神，枪声也随之响起……',228,8.5,204639,'每个人的内心都是深不可测的大海。 ','https://movie.douban.com/subject/1292062/','https://img3.doubanio.com/view/photo/s_ratio_poster/public/p571671715.jpg'),(229,'彗星来的那一夜 Coherence','美国 英国',2013,'詹姆斯·沃德·布柯特','艾米丽·芭尔多尼, 莫瑞·史特林, 尼古拉斯·布兰登, 劳伦·斯卡法莉娅, 伊丽莎白·格瑞斯, 雨果·阿姆斯特朗, 亚历克斯·马努吉安, 劳伦·马赫','2013-09-19(奇幻电影节), 2014-08-06(美国)','89分钟','在一个静得有些诡异阴森的夜晚，年轻女子艾米丽（艾米丽·芭尔多尼 Emily Baldoni 饰）驱车来到朋友家参加聚会。此前她一边开车一边和男友打电话，然而通话突然中断，她的手机屏也莫名其妙出现裂痕。这一事件让艾米丽的心中升起隐隐不安，因为当晚一颗彗星刚好接近地球，一个 很久之前听过的传说使她对彗星的到来有着不祥的预感。稍后，朋友们落座，大家彼此交谈，叙说近况，虽然言语中有着许多莫名其妙、蹊跷反常的线索，然而均被一带而过。突然间，灯光尽灭。当光明重新来临时，众人发现附近只有一户人家还在亮灯，而亮灯人家里坐着的竟是……\n本片荣获2014年阿姆斯特丹奇幻电影节黑郁金香奖。',229,8.4,212492,'小成本大魅力。','https://movie.douban.com/subject/25807345/','https://img3.doubanio.com/view/photo/s_ratio_poster/public/p2187896711.jpg'),(230,'荒野生存 Into the Wild','美国',2007,'西恩·潘','埃米尔·赫斯基, 马西娅·盖伊·哈登, 威廉·赫特, 吉娜·马隆, 布莱恩·H.德里克, 凯瑟琳·基纳, 文斯·沃恩, 克里斯汀·斯图尔特, 哈尔·霍尔布鲁克, 扎克·加利凡纳基斯','2007-09-21(美国)','148分钟','影片改编自真实的故事，展现了一个理想主义者的传奇，一个流浪的故事。\n克里斯托弗（埃米尔?赫斯基 饰）家境优渥，是亚特兰大私立名校艾莫里的优等生，前程似锦。但是，他从学校毕业后，选择了截然不同的人生，放弃令人羡慕的工作，把存款捐给慈善机构，去阿拉斯加寻找自我。在家人的劝阻声中，他踏上了回归自然的慢慢长路，成为名副其实的流浪者。\n一路上，他遇到不少人，也数次遭受野外生存的挑战，每一步都充满了艰辛，他以坚韧的毅力，实践着寻找自我的梦想……',230,8.6,140306,'出门必备：本草纲目。','https://movie.douban.com/subject/1905462/','https://img1.doubanio.com/view/photo/s_ratio_poster/public/p465687407.jpg'),(231,'血钻 Blood Diamond','美国 德国',2006,'爱德华·兹威克','莱昂纳多·迪卡普里奥, 杰曼·翰苏, 詹妮弗·康纳利, 阿诺德·沃斯洛, 大卫·哈雷伍德, 吉米·米斯特雷, 麦克·辛, 史蒂芬·柯林斯','2006-12-08(美国)','143 分钟','九十年代非洲塞拉利昂，连连战火使这片土地饱受摧残，非法钻石贸易日益猖獗。\n阿彻（莱昂纳多?迪卡普里奥 饰）是一个地道的战争贩子，靠倒卖战区钻石为生，他在监狱中无意得知渔夫所罗门手里有极品粉钻。意识到这是自己离开非洲的机会，出狱后，他找到所罗门，准备和他一起找出钻石，离开非洲。\n所罗门是普通的渔民，因为内战和家人分离，被叛军强制开采钻石，他发现一颗极品粉钻，藏了起来；战乱来临，所罗门进了监狱，后被阿彻救出，并在战地记者麦迪?鲍文(珍妮弗?康纳利 饰)的帮助下，找到了失散的家人，此时，他的儿子迪亚却被叛军带走，生死未卜。\n悲愤的所罗门答应和阿彻合作，在叛军的控制范围内寻找钻石，并寻找儿子。\n两个截然不同的人，因为一颗血钻将命运联系在了一起。',231,8.5,152144,'每个美丽事物背后都是滴血的现实。','https://movie.douban.com/subject/1428175/','https://img3.doubanio.com/view/photo/s_ratio_poster/public/p1244017073.jpg'),(232,'聚焦 Spotlight','美国',2015,'汤姆·麦卡锡','马克·鲁弗洛, 迈克尔·基顿, 瑞秋·麦克亚当斯, 列维·施瑞博尔, 约翰·斯拉特里, 布莱恩·达西·詹姆斯, 斯坦利·图齐, 比利·克鲁德普, 保罗·吉尔福伊尔, 杰米·谢尔丹, 兰·卡琉, 尼尔·哈夫, 迈克尔·西里尔·克赖顿, 迈克尔·康特里曼','2015-09-03(威尼斯电影节), 2015-11-25(美国)','128分钟','“聚焦”是波士顿环球报的一个专栏，罗比·罗宾森（迈克尔·基顿饰）是\"聚焦\"栏目的编辑，栏目拥有一个独立的调查小组，组员包括萨夏·菲弗（瑞秋·麦克亚当斯饰），迈克尔（马克·鲁弗洛饰），马特·卡罗尔（布莱恩·达西·詹姆斯饰）。当马蒂·巴伦（列维·施瑞博尔饰）接替了环球报的总编辑一职，他开始指派罗宾森和他的团队，紧跟一桩被雪藏已久的案件，一个天主教牧师性骚扰教区里的孩子。虽然最开始他们以为这只是个小任务，但很快他们就发现，其背后还隐藏一系列事件，涉及了上百名受害者，而教会已经私下赔偿了受害者，并派人掩盖了这些罪行。随着调查的越发深入，他们发现这一阴谋的更多证据，不仅仅是神职人员，就在波士顿以外，甚至全世界，都在上演着这种暴行。罗宾森和他的团队遭遇到了当地官员们的掣肘。教会内的，教会外的势力都在向他们施压，想让他们放弃这个案件。',232,8.8,144986,'新闻人的理性求真。','https://movie.douban.com/subject/25954475/','https://img1.doubanio.com/view/photo/s_ratio_poster/public/p2263822658.jpg'),(233,'国王的演讲 The King\'s Speech','英国 澳大利亚 美国',2010,'汤姆·霍珀','科林·费尔斯, 杰弗里·拉什, 海伦娜·伯翰·卡特, 盖·皮尔斯, 迈克尔·刚本, 蒂莫西·斯波, 詹妮弗·艾莉, 德里克·雅各比, 安东尼·安德鲁斯, 克莱尔·布鲁姆','2012-02-24(中国大陆), 2010-09-06(特柳赖德电影节), 2010-12-25(美国), 2011-01-07(英国)','118分钟','约克郡公爵（柯林·菲尔斯 Colin Firth 饰）因患口吃，无法在公众面前发表演讲，这令他接连在大型仪式上丢丑。贤惠妻子伊丽莎白（海伦娜·邦汉·卡特 Helena Bonham Carter 饰）为了帮助丈夫，到处寻访名医，但是传统的方法总不奏效。一次偶然的机会，她慕名来到了语言治疗师莱纳尔罗格（杰弗里·拉什 Geoffrey Rush 饰）的宅邸，传说他的方式与众不同。虽然公爵对罗格稀奇古怪的招法并不感兴趣，首次诊疗也不欢而散。但是，公爵发现在聆听音乐时自己朗读莎翁竟然十分流利。这让他开始信任罗格，配合治疗，慢慢克服着心理的障碍。乔治五世驾崩，爱德华八世继承王位，却为了迎娶寡妇辛普森夫人不惜退位。艾伯特临危受命，成为了乔治六世。他面临的最大挑战就是如何在二战前发表鼓舞人心的演讲……',233,8.3,376482,'皇上无话儿。','https://movie.douban.com/subject/4023638/','https://img1.doubanio.com/view/photo/s_ratio_poster/public/p768879237.jpg'),(234,'英国病人 The English Patient','美国 英国',1996,'安东尼·明格拉','拉尔夫·费因斯, 朱丽叶·比诺什, 威廉·达福, 克里斯汀·斯科特·托马斯, 纳威恩·安德利维斯, 科林·费尔斯, 朱利安·沃德姆, 尤尔根·普洛斯诺, 凯文·沃特利, 克里夫·梅利森, 尼诺·卡斯泰尔诺沃, 彼得·吕尔林, 乔迪·约翰逊, 托蕊·海金森, 塞巴斯蒂安·席佩尔, 雷蒙德·库特哈德','1996-12-06(美国), 1997-03-14(英国)','162分钟','一架英国飞机在飞越撒哈拉沙漠时被德军击落，机师由于受伤，想不起自己是谁，因此被叫做“英国病人”。汉娜是战地医院的一名护士，她决定独身留下来照顾那个英国病人。他们停留的地方是意大利的一个废弃的修道院，远离战争的喧嚣，显得宁静而闲逸，“英国病人”静静的躺在房间的木床上，窗头的一本旧书渐渐唤起了他的思绪……\n一段爱情，在战火中燃烧，逾越了道德，改变了战局。考古学家艾马殊伯爵（拉尔夫?费因斯 Ralph Fiennes 饰）跟随探险家来到撒哈拉沙漠考察，结识了绘制地图的飞机师杰佛和他妻子凯瑟琳（克里斯汀?斯科特?托马斯 Kristin Scott Thomas 饰）。凯 瑟琳的才气和美丽让艾马殊深深着迷，两人在沙漠一个幽深洞穴参观壁画时，更加发现彼此志趣相投。 道德最终战胜了激情。凯瑟琳和艾马殊分手后，杰弗发现了妻子的外遇。伤心的杰弗开着飞机企图与妻子和艾马...',234,8.5,188673,'In memory, love lives forever...','https://movie.douban.com/subject/1291853/','https://img3.doubanio.com/view/photo/s_ratio_poster/public/p2408623752.jpg'),(235,'非常嫌疑犯 The Usual Suspects','德国 美国',1995,'布莱恩·辛格','史蒂芬·鲍德温, 加布里埃尔·伯恩, 本尼西奥·德尔·托罗, 凯文·波拉克, 凯文·史派西, 查兹·帕尔明特瑞, 皮特·波斯尔思韦特, 苏茜·爱米斯, 吉安卡罗·埃斯波西托, 丹·哈达亚, 保罗·巴特尔, 卡尔·布瑞斯勒, 菲力浦·西蒙, 杰克·希勒, 克里斯汀·艾斯布鲁克','1995-01-25(圣丹斯电影节), 1995-09-15(美国)','106分钟','美国加州的圣佩雷罗港一艘货轮爆炸，死亡27人，9000万美元失踪。事故发生以后，联邦调查局探员白基奇在医院等待昏迷不醒的幸存者；海关特派员大卫（查兹?帕明特里 饰）则对另外一名拿到特赦令的幸存者金特（凯文?史派西 饰）进行了审问。\n金特供认，在事故中丧生的基顿（加布里埃尔?伯恩 饰）、法特（本尼西奥?德托罗 饰）、麦曼诺（斯蒂芬?鲍尔文 饰）和杜学尼（凯文?波拉克 饰），以及他本人，六个月前被警察局作为卡车抢劫案的疑犯带到警局过了一夜，五人因此结成了一个犯罪团伙，狼狈为奸，狠捞了好几笔。好景不长，某天，律师小林（皮特?波斯尔思韦特 饰）找到他们，让他们替神秘头目凯撒?苏尔烧掉货轮上的毒品。法特第一个退出，随即遭到杀害，剩下四人不得不接受了这个任务。在货轮上，麦曼诺、法特、基顿都没有找到毒品，也因此相继被凯撒杀害，船也被炸毁，金特因为留在岸上接应而侥幸...',235,8.6,131532,'我不信仰上帝，但我敬畏上帝。','https://movie.douban.com/subject/1292214/','https://img3.doubanio.com/view/photo/s_ratio_poster/public/p2455372830.jpg'),(236,'迁徙的鸟 Le peuple migrateur','法国 德国 意大利 西班牙 瑞士',2001,'雅克·贝汉,  雅克·克鲁奥德, 米歇尔·德巴','雅克·贝汉','2001-12-12(法国)','98分钟(法国)','当鸟儿用羽翼去实现梦想，翱翔在我们永远无法凭借自身企及的天空，人类又该赋予他们怎样的赞叹呢？\n“鸟的迁徙是一个关于承诺的故事，一种对于回归的承诺。”雅克·贝汉以这样一句话带我们踏上了鸟与梦飞行之旅。毫无疑问，[迁徙的鸟]直接界定了世界顶级纪录片“获取真实”的标准——前后共600多人参与拍摄，历时3年多、耗资4000多万美元，景地遍及全球50多个国家和地区，记录胶片长达460多公里。这部动用了17个世界上最优秀的飞行员和两个科学考察队的电影甫一出世，就引起轰动。短短三个星期内就有250多万法国人为它走进影院，飞越1200公里的大天鹅对生命的坚持，在漫天风沙中追寻出路的沙丘鹤、在冰天雪地下与海鸦对抗到底的企鹅……尽管当中也有失败气馁，也有悬崖边的木头木脑，也有来自人类贪欲的窥视。\n除了简单的说明，整部影片不再有言语。本片的主角是憨态可掬，形态各异的鸟。他...',236,9.1,55539,'最美的飞翔。','https://movie.douban.com/subject/1292281/','https://img1.doubanio.com/view/photo/s_ratio_poster/public/p2238274168.jpg'),(237,'黑鹰坠落 Black Hawk Down','美国',2001,'雷德利·斯科特','乔什·哈奈特, 伊万·麦克格雷格, 汤姆·塞兹摩尔, 金·寇兹, 艾文·布莱纳, 艾瑞克·巴纳, 休·丹西, 威廉·菲德内尔, 奥兰多·布鲁姆, 汤姆·哈迪, 詹森·艾萨克','2001-12-18(美国)','144分钟','1992年，连年的部落战争令东非国家索马里山河破败，民不聊生，由此引发的大饥荒更造成三十万人死亡。掌控首都摩加迪休的独裁者默罕默德?法拉?艾迪德抢走国际组织的救援物资，此举引起世人公愤。丧心病狂的艾迪德向国际维和组织宣战，美国方面派出160名特种部队成员前往摩加迪休以推翻艾迪德政权。\n这群满腔热血的战士信心十足，然而却因情报搜集不足而使战事陷入胶着状态。在一次追捕艾迪德政权两大高官的行动中，特种部队受到索马里民兵的顽强抵抗。双方在市中心展开激烈对峙，美军一架黑鹰直升机受到攻击坠落市区，机组人员危在旦夕。为了营救同伴，一小队特种部队士兵深入虎穴。在接下来的15小时里，他们经历了人间最难以想象的修罗场……',237,8.6,133068,'还原真实而残酷的战争。','https://movie.douban.com/subject/1291824/','https://img3.doubanio.com/view/photo/s_ratio_poster/public/p1910900710.jpg'),(238,'勇士 Warrior','美国',2011,'加文·欧康诺','汤姆·哈迪, 乔尔·埃哲顿, 尼克·诺特, 詹妮弗·莫里森, 弗兰克·格里罗, 凯文·杜恩','2011-09-09(美国)','140分钟','这是一个破碎的家庭，酗酒的教练父亲帕迪（尼克·诺特 Nick Nolte 饰）家暴妻子，次子汤米（汤姆·哈迪 Tom Hardy 饰）与不堪忍受的母亲远赴他乡；长子布兰登（乔尔·埃哲顿 Joel Edgerton 饰）为了爱情选择留下，并认为从此可以得到父亲的器重与栽培，然而最后父子还是分道扬镳。时隔多年后，汤米带着母亲痛苦死去的悲伤记忆，以及在伊战中的惨痛经历找到父亲，要求后者再度担任自己的教练，以参加MMA的重奖大赛；几乎与此同时，昔日的职业格斗选手、如今的中学物理教师布兰登为金钱所困扰，他不能忍受自己无法为妻女提供庇护，决定重返赛场。在MMA的赛场上，这对分离多年的兄弟将再度聚首，用血与汗的交融，化释彼此的心结……',238,8.9,95253,'热血沸腾，相当完美的娱乐拳击大餐。','https://movie.douban.com/subject/3217169/','https://img3.doubanio.com/view/photo/s_ratio_poster/public/p1145536386.jpg'),(239,'燕尾蝶 スワロウテイル','日本',1996,'岩井俊二','恰拉, 伊藤步, 三上博史, 江口洋介, 渡部笃郎, 许志安, 山口智子, 大塚宁宁, 小桥贤儿, 顾晓东, 洞口依子, 田口智朗, 铃木庆一, 盐见三省, 渡边哲, 酒井敏也, 五十岚信次郎, 桃井薰, 浅野忠信','1996-09-14(日本)','148分钟','母亲死后，原本生活在被大量外国移民视为淘金天堂的“元都”少女被送到妓女固力果（卓娜）处，将少女暂时收留后，固力果依据纹在胸前的蝴蝶给她取名凤蝶（伊藤步）。不久，凤蝶在固力果的带领下于名为“青空”的废品安置区兼汽车修理站，结识了火飞鸿、狼朗等来自不同国家的“元盗”，并逐渐与他们熟识成为好友。\n一盘录有美国歌曲《My Way》并隐藏有制造伪钞磁性感应资料的磁带令众人一夜致富，而在发财后，他们也开始走上不同道路，其中有出色演唱天赋的固力果被唱片公司签下，并在公司逼迫下与大伙断了关系。而磁带的主人，黑社会老大刘梁魁（江口洋介）得知磁带下落后，开始派手下追杀火飞鸿、固力果等人，众人的命运开始相互牵制。',239,8.6,114435,'现实与童话交相辉映的旅程。','https://movie.douban.com/subject/1307793/','https://img3.doubanio.com/view/photo/s_ratio_poster/public/p532195562.jpg'),(240,'遗愿清单 The Bucket List','美国',2007,'罗伯·莱纳','杰克·尼科尔森, 摩根·弗里曼, 西恩·海耶斯, 贝弗利·陶德, 罗伯·莫洛, 阿方索·弗里曼, 韦尔达·布里奇斯, 伊恩·安东尼·代尔, 诺尔·古格雷米','2007-12-25(多伦多电影节), 2008-01-11(美国)','97 分钟','老富翁爱德华?科尔（杰克?尼克尔森 Jack Nicholson 饰）近年来在公立医院的私有化改造事业中获利颇丰，他为节省成本，规定病房“一房两床”的做法颇受非议，但性格强势的科尔不以为意，岂料他不久被检查出罹患癌症，本欲入住单人病房的科尔在舆论压力下只得与另一位病人——老卡特（摩根?弗里曼 Morgan Freeman 饰）同处一室。汽车修理技师老卡特博闻强识，将三个子女培养成才，但代价是牺牲了年轻时要做历史教授的梦想。曾经结婚多次如今却孤身一人的科尔逐渐对卡特产生了兴趣，两位老人在病房中结下了友谊。科尔偶然发现了卡特的“遗愿清单”，他决定运用自己的力量，让那些纸面上的疯狂构想一一实现，去发现人生的真正意义……',240,8.5,148361,'用剩余不多的时间，去燃烧整个生命。','https://movie.douban.com/subject/1867345/','https://img3.doubanio.com/view/photo/s_ratio_poster/public/p708613284.jpg'),(241,'我爱你 ??? ?????','韩国',2011,'秋昌旼','宋在浩, 李顺载, 尹秀晶, 金秀美, 宋智孝, 吴达洙','2011-02-17(韩国)','118分钟','飘雪的坡道上，送牛奶的老头子金万皙（李顺载 饰）邂逅了收废品的老太太宋怡芬（尹秀晶 饰）。他们的前半生各自背负着艰辛的人生：万皙年轻时我行我素，直到妻子病逝才深觉愧疚；怡芬被心爱的男人抛弃在城市角落，孩子夭折后至老未嫁。两位老人在每天凌晨寂静的街道上相遇，孤独而苦难的生活令他们渐渐靠近。在万皙孙女妍儿（宋智孝 饰）的穿针引线下，如初恋般的悸动萌发在了彼此心中。万皙的朋友、停车场管理员张军峰（宋在河 饰）一直耐心的看护着患有老年痴呆症的老伴。直到有一天，军峰得知老伴已患绝症。目睹她一次次痛苦病发，心如刀绞的军峰做出了悲伤的决定……\n影片改编自韩国著名网络漫画家姜草的同名作品，已公演的同名舞台剧亦受到好评。',241,9.0,66337,'你要相信，这世上真的有爱存在，不管在什么年纪 ','https://movie.douban.com/subject/5908478/','https://img1.doubanio.com/view/photo/s_ratio_poster/public/p1075591188.jpg'),(242,'穆赫兰道 Mulholland Dr.','法国 美国',2001,'大卫·林奇','娜奥米·沃茨, 劳拉·哈灵, 安·米勒, 贾斯汀·塞洛克斯, 斯科特·科菲, 梅利莎·乔治, 布兰特·布里斯科, 罗伯特·福斯特, 凯瑟琳·汤, 李·格兰特, 比利·雷·赛勒斯, 查德·艾微特, 丽塔·塔格特, 詹姆斯·凯伦, 洛里·海瑞, 安哲罗·巴达拉曼提, 迈克尔·德·巴雷斯, 马库斯·格雷厄姆, 丹·哈达亚, 马克·佩雷格里诺, 蒙蒂·蒙特格美里, 迈克尔·J·安德森','2001-05-16(戛纳电影节), 2001-10-12(美国), 2001-11-21(法国)','147分钟','深夜的穆赫兰道发生一桩车祸，女子丽塔（劳拉·赫利 Laura Harring 饰）在车祸中失了忆。她跌跌撞撞来到一个公寓里藏身。\n一名男子说他常常梦见一个叫云奇的地方，那里有个恶魔盯着他。于是就来到云奇，果真见到墙后有怪物出现，男子当场晕死。\n另有一名杀手杀死了他面前 的男人，然而蹩脚的他却惹来了不少一连串的麻烦。\n故事回到一个刚到好莱坞“寻梦”的女子贝蒂（娜奥米·沃茨 Naomi Watts 饰），她的姨父姨母在电影圈有广泛人缘，让贝蒂的发展如虎添翼，试镜大受好评。同时，她所住的公寓，正好是丽塔藏身之地。贝蒂收留了丽塔，二人感情融洽。面对记不起自己是谁的丽塔，贝蒂决定帮助她寻找回自己的记忆。\n一名导演想自己决定新戏的女主角，却被他人强行安排人选。工作不顺意的他还发现妻子和清洁工睡在一起。\n这些看似松散的事件，就像一个迷宫，引向一个让人猜不透的世界…...',242,8.3,257511,'大卫·林奇的梦境迷宫。','https://movie.douban.com/subject/1292217/','https://img3.doubanio.com/view/photo/s_ratio_poster/public/p792248233.jpg'),(243,'叫我第一名 Front of the Class','美国',2008,'彼得·维纳','詹姆斯·沃克, 特里特·威廉斯, 多米尼克·斯科特·凯伊, 莎拉·德鲁, 凯瑟琳·约克, 乔·克里斯特, 帕翠西亚·希顿, 约翰尼·帕卡, Charles Henry Wyson, Charlie Finn','2008-12-07(美国)','95分钟','BoBo（詹姆斯?沃克 James Wolk 饰）患有先天性的妥瑞氏症，这种严重的痉挛疾病，导致他无法控制地扭动脖子和发出奇怪的声音。而这种怪异的行为，更是让他从小不被周围的人理解，在学校里老师经常批评他，同学们更是对他冷嘲热讽，就连他的父亲也对他失望透顶。只有他的母亲一直是他的坚实臂弯，母亲的坚持与鼓励，让他能够在正常人的生活里艰难前行。然而面对这个不能理解他的世界，BoBo一直在痛苦的漩涡里挣扎。直到在一次全校大会上校长在众人面前巧妙的让大家了解了BoBo的真实情况，让他有了成为一名关爱学生的教师的坚定梦想，即使因为这个病症让BoBo在寻求教师梦想的道路上遭到众人怀疑，屡屡受挫，但他始终坚持着自己的这份梦想, 为了找到一个愿意接受自己的学校，不抛弃梦想，不放弃信念，默默的努力。而他曾经曲折的人生道路在他的坚持下也开始慢慢好转…\n该片根据布拉德?科...',243,8.6,118697,'乐观比一切都有力量。','https://movie.douban.com/subject/4798888/','https://img1.doubanio.com/view/photo/s_ratio_poster/public/p628364149.jpg'),(244,'枪火 鎗火','香港',1999,'杜琪峰','吴镇宇, 任达华, 黄秋生, 吕颂贤, 张耀扬, 林雪, 王天林, 施绮莲, 高雄','1999-11-19(香港)','84分钟(香港)','黑社会老大文哥（高雄饰）被人追杀，其弟阿南（任达华饰）安排五个人来做其兄的保镖，并命令他们查出暗杀文哥的幕后人物。这五人分别是阿鬼（黄秋生饰）、阿来（吴镇宇饰）、阿MIKE（张耀扬饰）、阿信（吕颂贤饰）和阿肥（林雪饰）。阿来和阿信是知名的高手，阿鬼、阿MIKE、阿肥则是金盆洗手的昔日英雄：阿鬼是文哥以前的手下，阿MIKE是神枪手，阿肥是枪械专家。五人同心协力，将杀手擒获，并查清了幕后主使人。五个不认识的江湖人成为肝胆相照的好友，这时，阿南告诉阿鬼，阿信与文哥之妻通奸，要求阿鬼去杀死阿信，阿来坚决不允许这么做。阿MIKE和阿肥又分别支持阿来和阿鬼，最后他们约定在一家小餐厅解决这个问题，互相对准的枪口真是一触即发……',244,8.6,111288,'一群演技精湛的戏骨，奉献出一个精致的黑帮小品，成就杜琪峰群戏的巅峰之作。','https://movie.douban.com/subject/1300741/','https://img3.doubanio.com/view/photo/s_ratio_poster/public/p1538646661.jpg'),(245,'荒岛余生 Cast Away','美国',2000,'罗伯特·泽米吉斯','汤姆·汉克斯, 海伦·亨特, 克里斯·诺斯, 尼克·西塞','2000-12-22(美国)','143分钟','查克（汤姆?汉克斯 Tom Hanks饰）任职于美国联邦快递，他系统工程师的职业决定了他的生活忙碌、自律、充满时间紧迫感。而查克总能把一切工作都井井有序的安排在每天的日程里，时间就在他的控制之下。他无暇顾及的只是女朋友凯莉（海伦?亨特 Helen Hunt 饰）。\n一场飞机失事改变了这一切。所有人都以为查克丧生于这场灾难中，然而事实上他活了下来，被困在一个荒无人烟的小岛上。荒岛上的生活就连吃喝都成问题，查克成为了现代鲁滨逊。但另一方面，他在这里却因为与大自然依存，与险境搏斗，与孤独作伴，与饥饿抗争，得到了以前从来没有领悟到的感受。当他回到现代社会时，人生有了新的开始。',245,8.5,152410,'一个人的独角戏。','https://movie.douban.com/subject/1298653/','https://img3.doubanio.com/view/photo/s_ratio_poster/public/p2207673534.jpg'),(246,'2001太空漫游 2001: A Space Odyssey','英国 美国',1968,'斯坦利·库布里克','凯尔·杜拉, 加里·洛克伍德, 威廉姆·西尔维斯特, 丹尼尔·里希特, 雷纳德·洛塞特, 罗伯特·比提, 肖恩·沙利文, 艾德·毕肖普, 格伦·贝克, 艾伦·吉福德, 安·吉利斯','1968-04-02(华盛顿首映), 1968-05-12(英国)','148分钟','这部影片是库布里克花了四年时间制作的充满哲学命题的鸿篇巨制。一块大黑石树立在史前人类的面前，他们刚刚开始认识工具，进入到进化的里程碑。同样的黑石还在宇宙多处出现，它们矗立在月球上，漂浮在太空中，带着某种神秘的寓意。\n现在的时间是2001年，为了寻找黑石的根源，人类开展一项木星登陆计划。飞船上有冬眠的三名宇航员，大卫船长（凯尔·杜拉 Keir Dullea饰）、富兰克飞行员（加里·洛克伍德 Gary Lockwood饰），还有一部叫“HAL9000”的高智能电脑。HAL在宇宙飞行过程中发生错乱，令到富兰克和三名冬眠人员相继丧命，剩下波曼和这台电脑作战。\n从死亡线上回来的大卫一气之下关掉主脑系统，HAL彻底失效。现在，茫茫宇宙中只剩大卫一人，向木星进发。穿越瑰异壮观的星门，大卫仿佛去到一个奇特的时空，那里有人类无尽的生死轮回和宇宙的终极知识……',246,8.7,108205,'现代科幻电影的开山之作，最伟大导演的最伟大影片。','https://movie.douban.com/subject/1292226/','https://img3.doubanio.com/view/photo/s_ratio_poster/public/p792189453.jpg'),(247,'上帝也疯狂 The Gods Must Be Crazy','博茨瓦纳 南非',1980,'加美·尤伊斯','Marius Weyers, Sandra Prinsloo, 历苏, Louw Verwey, Michael Thys','1980-09-10(南非), 1981-08-21(挪威)','109 分钟','广袤无垠的非洲大陆，现代文明与原始社会和谐共存。在离现代大都市六千公里的卡拉哈里沙漠腹地，生活着仍未受到外来文明影响的布须曼人。他们刀耕火种，狩猎农作，过着与世无争、敬畏自然的平静生活。某天，一支来自现代文明的可乐瓶打乱了他们一成不变的日子。最先发现瓶子的基（N!xau 饰）将其带回部落，族人惊叹可乐瓶子的完美构造和繁多的用途，认为这是上帝赐予他们的礼物。可是兴奋的心情很快为别样的情绪所取代，习惯了平等共有的族人开始想要将瓶子据为己有，矛盾悄然而生。基不愿看到族人发生争吵与殴斗，于是决定将可乐瓶还给上帝，只为恢复曾经平静快乐的生活……',247,8.7,104683,'纯净原始的笑与感动。','https://movie.douban.com/subject/1297478/','https://img1.doubanio.com/view/photo/s_ratio_poster/public/p2173719647.jpg'),(248,'千钧一发 Gattaca','美国',1997,'安德鲁·尼科尔','伊桑·霍克, 乌玛·瑟曼, 裘德·洛, 艾伦·阿金, 戈尔·维达尔, 山德·贝克利, 劳恩·迪恩','1997-10-24(美国)','106分钟','未来的世界，科技的力量胜过一切，基因决定命运，几乎成为金科玉律。不幸文森特（伊桑?霍克 Ethan Hawke  饰）是一个基因不良的人，出生以来就决定了他近视和心脏病的缺陷，他只能活到30岁。于是父母为文森特增添了一个有着优良基因的弟弟。\n文森特的梦想是漫游太空，然而恶劣的基因令他无法圆梦，直到他遇到了太空中心的杰罗姆（裘德?洛 Jude Law  饰）。杰罗姆有优秀的基因，却在一次意外中半身瘫痪。二人决定调换身份，文森特千方百计隐藏自己的基因信息，每天都认真清洗掉自己的皮屑毛发，不暴露任何蛛丝马迹。另一方面，杰罗姆帮他筹备进入太空前需要检查的基因物品。事情进展得非常顺利，然而一桩谋杀案和一根睫毛，让事情节外生枝。',248,8.7,98274,'一部能引人思考的科幻励志片。','https://movie.douban.com/subject/1300117/','https://img3.doubanio.com/view/photo/s_ratio_poster/public/p2195672555.jpg'),(249,'大卫·戈尔的一生 The Life of David Gale','美国 德国 英国',2003,'艾伦·帕克','凯文·史派西, 凯特·温丝莱特, 劳拉·琳妮, 加布里埃尔·曼, 梅丽莎·麦卡西, 罗娜·迈特拉','2003-02-21(美国)','130 分钟','贝茜?布鲁姆（凯特温斯莱 Kate Winslet饰）是纽约某新闻杂志的知名记者，她接到了一个任务是去采访一名死刑犯大卫?戈尔（凯文?斯帕西 Kevin Spacey 饰）。戈尔的罪名是强奸并谋杀了康丝坦斯?哈拉维，并将于周五下午6点被处以死刑，那么布鲁姆将要采访并记录的就是戈尔人生最后的三天，而此前戈尔拒绝了一切采访。布鲁姆起初对这个任务很不以为然，但在和戈尔的接触过程中，她发现一切并非表面呈现的那么简单，于是布鲁姆决定用仅剩的三天开始寻找真相……\n电影《大卫戈尔的一生》的导演艾伦?帕克凭借该片提名2003年柏林国际电影节金熊奖。',249,8.6,107494,'捍卫人权只是信仰，一点不妨碍其行为的残忍。','https://movie.douban.com/subject/1305725/','https://img1.doubanio.com/view/photo/s_ratio_poster/public/p2186861098.jpg'),(250,'蓝色大门 藍色大門','台湾 法国',2002,'易智言','陈柏霖, 桂纶镁, 梁又琳, 仇政, 明金成, 林贤能, 黄江丰, 是元介, 姚元浩, 游智炜, 翁桂邦, 夏绍虞, 陈梦萱','2002-09-27(台湾)','85分钟','高中生孟克柔（桂纶镁 饰）与林月珍（梁淑慧饰）是无话不谈的好友，月珍告诉克柔，说自己喜欢上了一个叫张士豪（陈柏霖 饰）的男生，便常常要求克柔帮她接近张士豪，帮忙认识他、帮忙传递情书。没想到张士豪以为喜欢自己的是孟克柔，所以也常常借故接近她，跟她在一起。传递情书的事，被张贴出来，原来林月珍是以孟克柔的名义给张士豪写信，孟克柔非常生气而从而跟林月珍的关系疏远了。另一边厢孟克柔极不愿意承认她与张士豪之间是恋人的关系，可是张士豪已深深喜欢上她。孟克柔想跟男生接吻，因为她想清楚一件事，原来她心里，喜欢的是另外一个人。',250,8.3,292130,'青春的窃窃私语。 ','https://movie.douban.com/subject/1308575/','https://img3.doubanio.com/view/photo/s_ratio_poster/public/p584822570.jpg');
/*!40000 ALTER TABLE `movie` ENABLE KEYS */;
UNLOCK TABLES;

--
-- Temporary view structure for view `movie_categories_v`
--

DROP TABLE IF EXISTS `movie_categories_v`;
/*!50001 DROP VIEW IF EXISTS `movie_categories_v`*/;
SET @saved_cs_client     = @@character_set_client;
SET character_set_client = utf8mb4;
/*!50001 CREATE VIEW `movie_categories_v` AS SELECT 
 1 AS `movie_id`,
 1 AS `category`*/;
SET character_set_client = @saved_cs_client;

--
-- Table structure for table `movie_category`
--

DROP TABLE IF EXISTS `movie_category`;
/*!40101 SET @saved_cs_client     = @@character_set_client */;
 SET character_set_client = utf8mb4 ;
CREATE TABLE `movie_category` (
  `movie_id` int(11) NOT NULL,
  `category_id` int(11) NOT NULL,
  PRIMARY KEY (`movie_id`,`category_id`),
  KEY `category_id` (`category_id`),
  CONSTRAINT `movie_category_ibfk_1` FOREIGN KEY (`movie_id`) REFERENCES `movie` (`user_id`) ON DELETE CASCADE,
  CONSTRAINT `movie_category_ibfk_2` FOREIGN KEY (`category_id`) REFERENCES `category` (`user_id`) ON DELETE CASCADE
) ENGINE=InnoDB DEFAULT CHARSET=utf8;
/*!40101 SET character_set_client = @saved_cs_client */;

--
-- Dumping data for table `movie_category`
--

LOCK TABLES `movie_category` WRITE;
/*!40000 ALTER TABLE `movie_category` DISABLE KEYS */;
INSERT INTO `movie_category` VALUES (66,1),(12,2),(57,2),(62,2),(68,2),(163,2),(2,3),(4,3),(5,3),(6,3),(10,3),(12,3),(15,3),(24,3),(25,3),(27,3),(38,3),(39,3),(55,3),(64,3),(65,3),(68,3),(74,3),(79,3),(90,3),(93,3),(98,3),(99,3),(102,3),(105,3),(107,3),(109,3),(111,3),(114,3),(118,3),(127,3),(129,3),(130,3),(131,3),(136,3),(139,3),(146,3),(149,3),(152,3),(155,3),(157,3),(159,3),(163,3),(165,3),(166,3),(173,3),(179,3),(182,3),(201,3),(212,3),(213,3),(214,3),(215,3),(218,3),(223,3),(228,3),(234,3),(241,3),(250,3),(1,4),(3,4),(17,4),(21,4),(28,4),(36,4),(41,4),(50,4),(58,4),(61,4),(71,4),(72,4),(76,4),(87,4),(104,4),(106,4),(112,4),(123,4),(132,4),(141,4),(144,4),(145,4),(151,4),(153,4),(154,4),(158,4),(164,4),(174,4),(176,4),(179,4),(180,4),(185,4),(186,4),(187,4),(194,4),(210,4),(211,4),(217,4),(221,4),(224,4),(226,4),(235,4),(239,4),(244,4),(249,4),(28,5),(34,5),(48,5),(61,5),(63,5),(71,5),(76,5),(78,5),(86,5),(89,5),(92,5),(97,5),(106,5),(115,5),(123,5),(126,5),(128,5),(132,5),(133,5),(151,5),(172,5),(175,5),(181,5),(185,5),(193,5),(196,5),(200,5),(206,5),(211,5),(224,5),(229,5),(231,5),(235,5),(242,5),(246,5),(248,5),(42,6),(238,6),(5,7),(8,7),(24,7),(31,7),(59,7),(66,7),(70,7),(73,7),(94,7),(100,7),(122,7),(143,7),(148,7),(165,7),(167,7),(188,7),(223,7),(234,7),(237,7),(1,8),(2,8),(3,8),(4,8),(5,8),(6,8),(7,8),(8,8),(9,8),(11,8),(12,8),(13,8),(14,8),(16,8),(17,8),(19,8),(20,8),(21,8),(22,8),(23,8),(24,8),(25,8),(27,8),(28,8),(29,8),(30,8),(31,8),(32,8),(33,8),(34,8),(36,8),(37,8),(39,8),(40,8),(41,8),(42,8),(43,8),(44,8),(46,8),(47,8),(48,8),(50,8),(51,8),(52,8),(53,8),(54,8),(55,8),(56,8),(57,8),(58,8),(59,8),(60,8),(61,8),(62,8),(63,8),(65,8),(66,8),(68,8),(69,8),(70,8),(71,8),(72,8),(73,8),(74,8),(75,8),(76,8),(78,8),(79,8),(80,8),(81,8),(83,8),(84,8),(85,8),(86,8),(87,8),(89,8),(90,8),(91,8),(92,8),(93,8),(94,8),(95,8),(97,8),(98,8),(99,8),(102,8),(103,8),(104,8),(105,8),(106,8),(107,8),(109,8),(110,8),(111,8),(112,8),(113,8),(114,8),(116,8),(118,8),(121,8),(122,8),(123,8),(124,8),(127,8),(129,8),(130,8),(131,8),(132,8),(133,8),(135,8),(136,8),(137,8),(138,8),(139,8),(142,8),(143,8),(144,8),(145,8),(146,8),(150,8),(151,8),(152,8),(153,8),(154,8),(155,8),(157,8),(158,8),(159,8),(160,8),(161,8),(164,8),(165,8),(166,8),(167,8),(168,8),(170,8),(171,8),(172,8),(173,8),(174,8),(176,8),(177,8),(179,8),(180,8),(181,8),(182,8),(183,8),(184,8),(186,8),(187,8),(188,8),(189,8),(190,8),(192,8),(194,8),(195,8),(197,8),(199,8),(202,8),(204,8),(205,8),(207,8),(209,8),(210,8),(211,8),(212,8),(213,8),(214,8),(215,8),(217,8),(218,8),(219,8),(222,8),(223,8),(225,8),(226,8),(228,8),(230,8),(231,8),(232,8),(233,8),(234,8),(235,8),(238,8),(239,8),(240,8),(241,8),(242,8),(243,8),(244,8),(245,8),(248,8),(249,8),(250,8),(9,9),(10,9),(16,9),(19,9),(28,9),(48,9),(67,9),(78,9),(100,9),(115,9),(147,9),(151,9),(166,9),(170,9),(203,9),(206,9),(208,9),(219,9),(222,9),(224,9),(226,9),(229,9),(246,9),(248,9),(23,10),(42,10),(53,10),(59,10),(68,10),(73,10),(75,10),(87,10),(161,10),(167,10),(188,10),(230,10),(232,10),(233,10),(243,10),(9,11),(10,11),(15,11),(18,11),(19,11),(26,11),(32,11),(33,11),(35,11),(37,11),(38,11),(45,11),(51,11),(52,11),(57,11),(82,11),(85,11),(88,11),(95,11),(96,11),(100,11),(108,11),(117,11),(119,11),(120,11),(124,11),(125,11),(134,11),(137,11),(147,11),(156,11),(169,11),(170,11),(177,11),(178,11),(191,11),(198,11),(216,11),(220,11),(227,11),(230,11),(231,11),(240,11),(245,11),(246,11),(69,12),(152,12),(177,12),(227,12),(7,13),(10,13),(18,13),(26,13),(35,13),(37,13),(45,13),(57,13),(77,13),(83,13),(88,13),(107,13),(108,13),(115,13),(117,13),(119,13),(120,13),(122,13),(125,13),(134,13),(139,13),(147,13),(156,13),(166,13),(169,13),(175,13),(178,13),(182,13),(191,13),(198,13),(212,13),(216,13),(7,14),(15,14),(18,14),(32,14),(33,14),(35,14),(38,14),(45,14),(51,14),(52,14),(65,14),(74,14),(77,14),(82,14),(88,14),(95,14),(96,14),(108,14),(117,14),(120,14),(125,14),(137,14),(139,14),(155,14),(156,14),(175,14),(176,14),(191,14),(198,14),(199,14),(210,14),(216,14),(101,15),(111,15),(130,15),(149,15),(199,15),(205,15),(23,16),(29,16),(42,16),(54,16),(57,16),(60,16),(93,16),(95,16),(98,16),(121,16),(127,16),(142,16),(150,16),(152,16),(168,16),(183,16),(184,16),(189,16),(204,16),(207,16),(209,16),(228,16),(238,16),(128,17),(200,17),(60,18),(125,18),(189,18),(13,19),(14,19),(59,19),(171,19),(201,19),(225,19),(5,20),(12,20),(15,20),(22,20),(25,20),(26,20),(37,20),(38,20),(39,20),(41,20),(64,20),(69,20),(72,20),(85,20),(101,20),(102,20),(103,20),(114,20),(116,20),(117,20),(118,20),(119,20),(125,20),(127,20),(131,20),(134,20),(142,20),(145,20),(147,20),(148,20),(149,20),(154,20),(156,20),(163,20),(169,20),(178,20),(195,20),(201,20),(202,20),(213,20),(214,20),(216,20),(221,20),(225,20),(240,20),(247,20),(9,21),(21,21),(34,21),(36,21),(40,21),(61,21),(63,21),(71,21),(78,21),(86,21),(89,21),(92,21),(106,21),(112,21),(115,21),(123,21),(126,21),(128,21),(132,21),(137,21),(144,21),(174,21),(181,21),(185,21),(193,21),(196,21),(200,21),(206,21),(210,21),(229,21),(235,21),(242,21),(249,21),(8,22),(24,22),(29,22),(31,22),(59,22),(70,22),(73,22),(75,22),(143,22),(167,22),(233,22),(237,22),(6,23),(2,24),(79,24),(93,24),(127,24),(136,24),(161,24),(188,24),(250,24),(111,25),(130,25),(205,25),(49,26),(140,26),(162,26),(236,26),(3,27),(28,27),(33,27),(34,27),(48,27),(51,27),(52,27),(67,27),(69,27),(73,27),(96,27),(100,27),(124,27),(126,27),(130,27),(141,27),(147,27),(151,27),(154,27),(177,27),(193,27),(196,27),(202,27),(203,27),(205,27),(208,27),(220,27),(224,27),(237,27),(244,27);
/*!40000 ALTER TABLE `movie_category` ENABLE KEYS */;
UNLOCK TABLES;

--
-- Table structure for table `rating`
--

DROP TABLE IF EXISTS `rating`;
/*!40101 SET @saved_cs_client     = @@character_set_client */;
 SET character_set_client = utf8mb4 ;
CREATE TABLE `rating` (
  `user_id` int(11) NOT NULL,
  `movie_id` int(11) NOT NULL,
  `rating` decimal(1,0) DEFAULT '3',
  `comment` varchar(4096) DEFAULT '',
  PRIMARY KEY (`user_id`,`movie_id`),
  KEY `movie_id` (`movie_id`),
  CONSTRAINT `rating_ibfk_1` FOREIGN KEY (`user_id`) REFERENCES `user` (`user_id`) ON DELETE CASCADE,
  CONSTRAINT `rating_ibfk_2` FOREIGN KEY (`movie_id`) REFERENCES `movie` (`user_id`) ON DELETE CASCADE
) ENGINE=InnoDB DEFAULT CHARSET=utf8;
/*!40101 SET character_set_client = @saved_cs_client */;

--
-- Dumping data for table `rating`
--

LOCK TABLES `rating` WRITE;
/*!40000 ALTER TABLE `rating` DISABLE KEYS */;
/*!40000 ALTER TABLE `rating` ENABLE KEYS */;
UNLOCK TABLES;

--
-- Table structure for table `short_comment`
--

DROP TABLE IF EXISTS `short_comment`;
/*!40101 SET @saved_cs_client     = @@character_set_client */;
 SET character_set_client = utf8mb4 ;
CREATE TABLE `short_comment` (
  `user_id` int(11) NOT NULL AUTO_INCREMENT,
  `movie_id` int(11) NOT NULL,
  `content` varchar(4096) NOT NULL,
  `hash` varchar(256) NOT NULL,
  PRIMARY KEY (`user_id`),
  UNIQUE KEY `movie_id` (`movie_id`,`hash`),
  CONSTRAINT `short_comment_ibfk_1` FOREIGN KEY (`movie_id`) REFERENCES `movie` (`user_id`) ON DELETE CASCADE
) ENGINE=InnoDB AUTO_INCREMENT=1251 DEFAULT CHARSET=utf8;
/*!40101 SET character_set_client = @saved_cs_client */;

--
-- Dumping data for table `short_comment`
--

LOCK TABLES `short_comment` WRITE;
/*!40000 ALTER TABLE `short_comment` DISABLE KEYS */;
INSERT INTO `short_comment` VALUES (1,1,'当年的奥斯卡颁奖礼上，被如日中天的《阿甘正传》掩盖了它的光彩，而随着时间的推移，这部电影在越来越多的人们心中的地位已超越了《阿甘》。每当现实令我疲惫得产生无力感，翻出这张碟，就重获力量。毫无疑问，本片位列男人必看的电影前三名！回顾那一段经典台词：“有的人的羽翼是如此光辉，即使世界上最黑暗的牢狱，也无法长久地将他围困！”','bf99914d6343402be08734f607ef51f3'),(2,1,'超级喜欢超级喜欢,不看的话人生不圆满.','98ee44750cc0da116e200034cef95cb1'),(3,1,'越狱我感觉就是改编自这个','32e884b68edbcd7083438398cce8de5b'),(4,1,'墙里的人老是喊自由，可是墙外的我们真正得到了吗？','cc72c81d4ef6897883c481bab606391e'),(5,1,'hope is a good thing','39bce5420282a957116256ffc32bfd03'),(6,2,'陈凯歌可以靠它吃两辈子饭了，现在看来江郎才尽也情有可原','3c7496d7c41f49edb4608604eb178a09'),(7,2,'在野路子出身的张国荣面前，学院出身的张丰毅显得那么单薄','78339be61ad9cee1bc82bb0ad7a8ffd7'),(8,2,'他竟当面一语点破：虞姬是真虞姬，霸王是假霸王。','fc0100902017d41973738c50126704e8'),(9,2,'我料想过它好，可没想过居然这么好，一部电影，故事，角色，演员，情感，内涵，光影，剪辑的运用。能有一方面做好便已经难得，而它居然全部都做到了。对于这样一部电影居然没能得到奥斯卡最佳外语片，我只能说——真他妈瞎了你们的狗眼','377e4c87ebb0639b0ecb57a20118aaa3'),(10,2,'我記得我標記過這部片子的啊！——我以為這是國產電影的開始，誰知道是結束。','1ceba536dfe831d08219753fd721ca28'),(11,3,'一半的魅力来自反派：Gary Oldman.','146b421c6e5769aa266b8b09813f61f7'),(12,3,'她对Leon说，自从遇见你后，我的胃，再也不痛了……','0af5beb0e607f06200a42f9051d9e698'),(13,3,'这个男人他是从儿时的动画片里走出来的，是邪恶和童真的混合体，这令我着迷。','4185bca56d7ed0e2bfff66dfc5b4bd66'),(14,3,'小妞造型不错，赶在长残之前拍完了','e9367bb08a29d7018f5d8bb2f07d758a'),(15,3,'Here in my stomach. It\'s all warm. I always had a knot there, and now.. it\'s gone.','f6963d23d9befff66e21b0a19be4a9c1'),(16,4,'羡慕珍妮，不管她多么叛逆、落魄、堕落，永远有阿甘在等她回来','a11945aa247166125351c48ea981b7a6'),(17,4,'每年看一遍，每年哭一遍，看看自己幸福还是阿甘幸福！时间：从2003开始每年一遍','fea3348a44cb8d663060de6e4a15be11'),(18,4,'阿甘奔跑的意象，应该留在了很多人心里。','0dad7d187bc6c6b7fd650c26e0791e67'),(19,4,'太甜美的美國夢','90e6e7f0fc34dbe27441a79e123a8414'),(20,4,'十年前看过一遍，那时还是一个小屁孩，就像Forrest的妈妈说的一样，生活就像一盒巧克力，十年前的我绝对不会预料得到现在我会成为一个这样的大男生。Forrest Gump真是把\"蠢萌\"这两个字发挥到极致，我的意思是，蠢萌，其实也是上帝给予的天赋。','019e8633d03e67894c1a893684081f44'),(21,5,'人生，就是喜剧，就是一场1000分的游戏。千万别哭，不然那个迈着正步去赴死的犹太人会笑话你的。\\r\\n \\r\\n','e7ed4043f62c974b15275738cc171f3e'),(22,5,'很久以前看过的，永远难忘片中的父亲被枪毙前的鬼脸','b2ec8bf1820197dcaf12b3cc4639be79'),(23,5,'这是父亲所作的牺牲，这是父亲赐我的恩典。★★★★☆','108a3b3614096bc73c9f663fb22a0c35'),(24,5,'世界上最美丽的谎言与微笑。Surprise her, forever!','4994b29b7e4ef7d01cb4f918f083945e'),(25,5,'美丽的灵魂成就美丽的人生','322ec93c8e194aa423d22ed9095bf14f'),(26,6,'还是会哭。','983747e9ddb1cbaeb0b651a470c513ad'),(27,6,'爱你原本只是一瞬，却不知在时间的洪流中成了永恒。','a1c540b85088aac22185f0e412752454'),(28,6,'还用说么？太经典了。','b424d7a8b2eaf2a213771417652cabb9'),(29,6,'若干年后，2010年12月27日凌晨一点半，我不知道还有谁醒着没睡，还有谁和我一样，刚重温过这片子，或是刚刚打开准备重温。我又哭得很惨，这是毫无疑问的。我想，之所以不情愿活着，是因为没有那个如此相爱想要厮守的人；不情愿死去，是因为没有一个人如此爱我，值得我为他去死。','f16367b3de6d3b1efce540695bcd3491'),(30,6,'卡梅隆的剧本功夫其实还可以，但是这种美式主流领域内的穷小子操高贵小姐的故事注定无聊','01eb077891e3daeacddf790f2d3689b5'),(31,7,'每次看这些神作的时候想到这是动画片这是一群牛人一笔一笔画出来的,就觉得漏看掉一帧都实在是对不起他们啊','25f14b77f326335c92de58b7669a6680'),(32,7,'莫贪吃！贪吃变成猪！','8686f99d89d25ab7be6570cb0d75871f'),(33,7,'有那么那么经典吗？还是我老了？','4c0df0402be71dcd1c30124b5dba8d78'),(34,7,'你忘了吗?\\r\\n往下飞的时候眼泪是往上流的.','5d7c28917b7d8af0c7978d138171ab23'),(35,7,'一个寻找自我或者自我复苏的过程','8264fa0e7d37f36ddccb39de1710bca7'),(36,8,'有钱才能保护喜欢的人','4c9587f42b1b9cbefa2282733dc7cbb9'),(37,8,'救人一命等于救全人类。集中营进得来，出不去，除非你从焚尸炉的烟囱里爬出去。','07ab5191d258d37d44da81f137473acf'),(38,8,'“凡救人一命，即救全世界！”一段如此深刻的历史，多么希望它早早结束，但如此一部经典的影片你却永远都不想它完结。感动于良知，印象很深刻的永远是黑白画面中的那一抹红色。在任何时代，不管有多么的黑暗，都会有人性的光辉在闪烁着；经典的影片也不会因为缺失色彩而让人觉得沉闷。★★★★☆','7c7345e0ec8026733d28cd9438af3812'),(39,8,'献给导演认真的态度和无数个小高潮','cf9a8f898b640ef7d5f814a8c7409c61'),(40,8,'站台记录了那个年代可怕的未来和往昔，人心充斥的只有霸道和惨绝。','5dfcd0a8a3471d73469d8d31735cb36d'),(41,9,'1、电影确实精彩。2、没有想象的难懂，相信你自己。3、总会有一个让你记一辈子的镜头。4、请降低期待值。5、请提前上厕所。6、记得关手机。7、一定要去影院，因为影院也是个造梦机器。8、记得听完结尾音乐。因为它负责让你醒来。9、极可能是近几年你在影院看过最精彩的电影。10、穿越吧少年','09d3ce52f403e8b8dc82dbaa26d8f6f5'),(42,9,'一直在牛逼，从未被超越。只有Nolan才能达到这种境界！！！','b2b3dc4d9522619e96bb08eff72ec035'),(43,9,'“既然做梦，就做大点” 这句太深得人心了。——2010年最天才的电影。“谁又能说，现实不是梦境。” Do you remember how you got here?','1cee13faa8ba0c77a409d6a92954fef1'),(44,9,'确实挺好看。人人都在评论这片，我也评不出个鸟来了。因为《盗梦空间》这片，中国人民已经陷入了智商无限的癫狂幻想之中。人人都觉得自己的解释最牛逼，人人都觉得自己是哲学家，是心理学家，是数学家，是诺兰的知己。','c96bca24ce97e121bdd8f4b69822e651'),(45,9,'概念不算新鲜但还不错 ;p 充斥许多漂亮的慢动作镜头和带点匪夷所思的建筑构想，视觉效果挺棒的！偶尔会令我想起Paprika……','00aa5756bad67e72b905ed564045ce58'),(46,10,'我看哭了。。。','39a41910a8ee01faa6191a392fc43167'),(47,10,'再也没有比《瓦力》更美的动画片了！谈到Wall·E的来源，导演安德鲁·斯坦顿否认了“ET”或者“霹雳五号”的说法（尽管外形很像），他只承认自己创造Wall·E受到了“小台灯”（Luxo）、双筒望远镜、R2-D2、迪士尼乐园“星空之旅”的机器人、卓别林以及伍迪·艾伦的影响。','3de2096c96deeabf6f578451ecf3f2c1'),(48,10,'浪漫得一塌糊涂，像废墟中开出的花，像牵手散步的下午，像世上所有伟大的爱情。','2917a0eeca62ec182968de45e0d73489'),(49,10,'有那么一丝感人，但在皮克斯里不算最精彩的，是属于那种背景深刻剧情简单的片子。但是豆瓣咋能有那么高的分- -。','c3f05f9213fbdf1b2f2b670932420c7d'),(50,10,'Just need someone who will look after you','5ab5a82ed5da2b2f5d63642671bfa473'),(51,11,'八公的主人，也在天堂的门口等了它很久吧。','2350cf6b3d0fe66f19d8f0984a525bb4'),(52,11,'这是我所看过的关于狗狗电影最感人的一部，我想它的成功之处就在于将重点正确放至在了对Hachi内心的刻画上，而没有像其他一些影片文不对题，偏偏喜欢渲染一些多余人物的情感，很显然，主题对了，观影者自然而然会买单。','1a4d8368c6a23eaf81803dd8d1444b09'),(53,11,'“永远都不能忘记你所爱的人” 狗尚如此，人何以堪？5星给动情的真实故事。','61d9a1d1a719c8301b4526c96d1050ed'),(54,11,'这次不是拉布拉多，不是金毛，是默默无闻的秋田犬~在电影的最后部分我哭的稀里哗啦，意气风发的八公老了，脏了，以前不怎么喜欢他的女主人抱着它感动的流泪，大雪纷飞的夜里因为有火车来了八公又在等，似乎是回光返照般的看见男主人一如从前那样从火车站里走出来张开双臂要拥抱他~其实狗狗什么都知道','7534c8692d2642d1fa485e20279e4044'),(55,11,'你和我在一起两年，你走之后，我剩下的人生都留给你了。。。','1693056a64b77efdbf78e94e6ff0216f'),(56,12,'这几个月来看过的最好的片——”做自己“，也许才是人生终极的成功。别总嘲笑印度人”阿三“，他们已经追上来了，无论经济、科技还是我们一贯认为只会跳舞唱歌的宝莱坞电影。盛赞！5+1星！','d573a2475a3d9404c72bce0b0d2a5265'),(57,12,'当你不断追求卓越，成功就会不知不觉追赶你。害怕明天，怎能过好今天呢？心很脆弱，我们要学会哄它。鸡不会知道蛋的前程。学习是为了完善人生，而非享乐人生。只为生命而感激。朋友失败，你难过，朋友成功，你更难过。一切顺利。','0c3b59cdd525a5fd569792f5c341ca51'),(58,12,'太给力了，有史以来最励志的电影。','bb1a0ada60befb0b9f4dfed9861a459d'),(59,12,'该片的中文翻译太烂了，差点就错过欣赏一部好作品了。\\r\\n兰彻一直在给大家灌输的一种理念就是：简单生活，遵从心声，为自己而活。 \\r\\n的确，他让朋友们重新认识了自己和所要坚定的方向。\\r\\n很喜欢片尾的那片湖泊，不知道是在哪里呢？','6b363375896f39c1683937394d259dd9'),(60,12,'近三个小时的片长，却没有一个多余的情节，剧情前后呼应之巧妙值得称奇。好电影不一定要苦大仇深，能真正愉悦观众，那也是一种巅峰。“做一名摄影家又会怎样呢？挣得少一点，房子小一点，车小一点，但我会很快乐，很幸福……紧跟你的天赋。” 温暖励志美妙如2010年的《天堂电影院》+《阿甘正传》','0ff99eacd3778b85d41419908df44bd2'),(61,13,'某一天我突然明白，他不能离开的不是那艘船，而是那片养育他的精神家园','809e6175a432cee7b956bd382b732143'),(62,13,'我总觉得这是一个真实的故事，因为他的懦弱，懦弱得真实。','23d3a51168a0e756a8476b699ad23db6'),(63,13,'如果我把吉他练熟了，就可以不用买打火机啦','1d197596efdf008896563192115008e9'),(64,13,'海上乌托邦','ad61e293f0bca615cf04aed70206569a'),(65,13,'最长的一版完全是顺着煽情的每一个Ｇ点往下走的，坏处就是高潮多了人也会厌的。另外从小就好奇男二的眼睛为什么会小范围打转。','4dbf273d58ec9c958ae050428741cce9'),(66,14,'那漫天飘扬的纸飞机是我对你最诚挚的敬意。','6d76c2f2902c6fce138d87662ff5aca7'),(67,14,'这是一次心灵的洗礼，没人生本向恶，只是无情的手把人推向了无尽的深渊。Morhange每一次天使般的独唱，总让我感动的浑身直起鸡皮疙瘩，特别是那纸飞机从窗口飞出，“感谢、再见”的小手一挥，那份感动，不言而喻。而最重要的，看这部电影不仅是好“看”，天籁的童声更是听觉的享受。★★★★☆','940a2058ee474d5910c4a882b45f5081'),(68,14,'歌真好听，为什么我上学内会儿参加合唱队唱的都是《黄河大合唱》之类的','e24ea28ac5f0d92019804b0eaa98cc09'),(69,14,'男孩的声音真是好听……','0744e7870ed811783b61e1880abaf5af'),(70,14,'每一个孩子都是天使！','85dd5a2e2f3f7f18536eede52b6c8b39'),(71,15,'为什么越看越觉得悲伤','ad7992ab3466cd5a57ed27e9b73736f8'),(72,15,'我猜中了开头，却猜不到这结局。/ 20141024 在影院哭死','e0f47fd8fad4bf5709856245dd506318'),(73,15,'小时候看着笑，长大了看着哭。','9a81bcd893ce1e6c57a21e64da60a7b9'),(74,15,'因为你还没有遇到给你三颗痣的人','7bc002d09514d0578b9fa50f9c83a8c5'),(75,15,'大话西游成就了一个时代.这句话一点也没错.不管是好的方面还是不好的方面.|人试图化身为天地，这本身就是一种不自量力。','f0584e79d013841551c0082979b3258c'),(76,16,'那个导演好恶心，那群观众更恶心，反乌托邦就是要反这班偷窥成狂的上帝。自由的意志是不能任人摆布的，如果我是楚门，但愿你永远不要让我发现真相，不然我将诅咒你们所有人——FUCK OFF, SCREW YOU ALL!','8ae7be32a9b26c827a331ada154fb388'),(77,16,'每个人都向往自由而不仅仅是安定','a0e8734d4e3dfd9c3ef5bece3fc7f56f'),(78,16,'看的时候甚至有种绝望的情绪，这个世界有时就是这么的令人无助','321ef07bdc4ca551d7bed30df5f30269'),(79,16,'年轻时候的金凯瑞真TMD 帅。尤其一头柔顺的头发。','290d05c9d59a0dd55bcec6dcc085dd4a'),(80,16,'这是一部每个中国人和每名中国同志都应该看的电影，我们就是无数的楚门，生活在这个时代。我们的命运被操控在他人手中，大多数人还并没有发现，更多的人发现了也无力挣脱。心灵的顿悟是人生的必修课，你不去选择它，它就会左右你。“人生如戏，戏如人生”','0b9a719acafb0cf46d926095d5324b64'),(81,17,'2010-02-17 看过。对权力有清醒的认识才能写出这样的剧本。只知道引用台词或把此片当作所谓“男人圣经”的观众退散！','490224fe6e23ef5242ed1d3bc2ffec23'),(82,17,'09年4月30号看过。当时给了两颗星评价为看不进去。今天又看了一遍， 看的格外喜欢，格外佩服。人是会变的，和生活经历有关吧','fc989dce2d7838f1fabe249285d1398e'),(83,17,'当一个新生儿在教堂接受教父的洗礼时，教堂之外的死亡正在蔓延……','fb0705659bcb2d2e581baf205763df2e'),(84,17,'平缓的节奏蕴藏着巨大的权威和张力，音乐舒缓淡淡忧伤，利益博弈人性冲突。无论是演技还是镜头、音乐的运用，都给人以一种美的享受。而看这部电影是极其需要沉下心来细细品味，也无论何时翻出来重温都能有新的感受。★★★★☆','bcdcf37073d5d623f74abdfe6dcf1c55'),(85,17,'男性电影，没有打动我','406687f7999b809ed90bdc4a950be3c7'),(86,18,'如果你在下雨天的车站，遇到被淋湿的妖怪，请把雨伞借给它，你会得到森林的通行证哦','822f600895d8c389e66b2c46a9eb6c2c'),(87,18,'萌啊，给我一只龙猫吧','b72a17d2b8ce0a5ef94bbbea2cc73b2e'),(88,18,'摸摸龙猫的鼻子胡须就会颤动起来哦=w=……看见斜眼偷瞄逃跑的小白一定要跟上去！ 童话总是在相信它的人心中真实的存在着，想起来的时候心中就会充满温暖守护的力量','30cfcade141e03bb07694c6d2aef78b1'),(89,18,'我要告诉你，纯真是一种财富。\\r\\n\\r\\n','ce5a2e5631e3b9d6f9f68cf0b3d96a16'),(90,18,'宫崎骏最感人的一部，初看平平无奇，回味一下痛彻肺腑。','0abe0fb69a719feda9d00e44ef236e77'),(91,19,'诺兰说：如果我活得够长 那么豆瓣TOP250就被我承包了。','77c7d00756af55b92baaf1cef4007907'),(92,19,'1.史上最强主角光环。2.黑科技飞船：烂成那样还能不被潮汐扯碎。3.友好的引力时空交互界面：不用学就会。4.凑数的反派角色二到家。5.按表现应该是3+3维时空，5个维度不太够。6.神棍。7.中二：爱战胜一切。','634d6171c1414c2f38a342de4d102910'),(93,19,'以地球全部北京化（咦？）为背景的近未来硬科幻，对虫洞、重力和时间维度都有新颖的理解，刻画的浩瀚宇宙让人目眩。可惜诺兰的野心太大（真的是bigger than bigger！），而且把人性拔那么高，到最后就成太空神棍片了...','4792025eb3106a6db5ebbff180c0a44f'),(94,19,'2011年11月有《雨果》，2012年11月有《少年派的奇幻漂流》，2013年11月有《地心引力》，2014年11月有《星际穿越》，……前三部电影分别获得11、10、11项的奥斯卡提名，然后都拿下最佳摄影和最佳视觉效果奖，由此，我们可以预测《星际穿越》2015年的奥斯卡提名数和最佳摄影+视觉效果拿奖的可能性？……','d150ac9229cbff53a9e960db0ca065c1'),(95,19,'你应该敬畏时间，因为那是一切的密码；但不要滥用爱意，因为那不是一切的钥匙。','c2301477af247e3ca09153a72d775140'),(96,20,'媒体越干净，社会越肮脏','637fe6542eecd938ffbde801e422b50b'),(97,20,'他们至少有电影的力量在支撑着弱势群体，而我们呢？因为【熔炉】的上映，一部关于【性暴力犯罪处罚特别法部分修订法律案】目前已通过韩国国会正式颁布，当时的嫌疑人也已被警方逮捕，【熔炉】让我们看到一部现实题材影片所蕴含的巨大能量。有时候一部电影真的可以改变一个世界！','1856532d9770c5af18bfc51fcd54cbf1'),(98,20,'我们愤怒的不仅是禽兽的行径，更是禽兽逍遥法外，正义无处伸张，无能为力才是最痛苦和绝望的。一个非常容易感动观众的题材，尤其还是真实事件改编。其实电影还有很多提升空间，包括对犯罪场面的描述太刻意未也太多了。但仍喜欢这样的电影，这才是电影应有的立场。这就是我们和韩影的差距。3星半','177f2ec20d5feb3f48a35a8604ef04e9'),(99,20,'大概只有套用《让子弹飞》里的一句经典台词才能略为表达我看完本片时的心情——震撼！震撼！！还是TMD震撼！！！我可以理解部分人站在纯粹艺术的角度对这部电影技法上的乏善可陈评头论足，但是我无法相信有人面对它由始至终散发出的那股震撼人心的力量时居然能做到完全无动于衷。','ccd618e15a3dd82af9a9e21d87adb455'),(100,20,'好感人啊\'\'\'\'看得我都想杀了那些坏人','3cfade82f4ae63b1e5fc5ea878974c14'),(101,21,'看了美版的，才知道港版有多好看~55555555','ca30341012a2314a3922dd8ad6cdeadd'),(102,21,'最后那一下爆头，刘德华和梁朝伟的眼神里都是震惊，他死在电梯里，电梯门来回的开关，我们也从震惊中恢复，觉得残酷，谁说的，好人有好报，那些为民除害的，都死了。会有人惦记着他们吗？把他们视为英雄吗？又有什么用呢，这个社会还不都是恶人当道。','cd2abf6192d0f3556b3126e83cc239a4'),(103,21,'港片新旗帜','a7febe6d3586bdd32694be42ceed6e09'),(104,21,'经典港片，无间道，如人生~~','cb2bb68e2ac3be2ab4e94d7834d2a7cb'),(105,21,'现在看来，无间道一部电梯里挤了三个影帝，这部电梯也算是前无古人后无来者了。','5347075af80dd9fea7ab2ead0654269a'),(106,22,'原声实在是棒！两个演员都很精彩 完全是笑声和泪水齐飞的电影！！！','4239495810b34f0bd1d547adabfc59d5'),(107,22,'轻松诙谐，很有趣的搭档故事。但叙事浮于表面，人物塑造脸谱化，故事缺乏真实感（尽管是据真事改编）。弗朗索瓦·克鲁塞和奥玛·赛的表演动人，但受剧本限制人物缺乏层次。过分中正的温情。3.5星。','6369448a9fb6540d8991ac7a380e4651'),(108,22,'但你们真的好容易被感动哦。','06ce957bde2c9a53c27f59416672874c'),(109,22,'其实是一份无甚惊喜的叙事和感动。','0f89ff57575f3ff8eb2089f5fe95e580'),(110,22,'“真正的残疾并不是坐在轮椅上，而是失去她。” 当你真正适应一个人后，任何人都是取代不了的。艾迪·墨菲与罗伯特·德尼罗不得不说的故事。','676327a329caa9cc794bec8848facf0d'),(111,23,'有点失望...感觉是为了励志而励志......要不是导演和演员功力，就沦落成俗套励志片了......','958390fc49f7d060387d43af01a9e212'),(112,23,'孩子母亲颤抖着说你会照顾好他；\\r\\n装扮成时光机器来安抚孩子，子夜洗手间中独自哭泣；\\r\\n“你是个好爸爸”，孩子说。\\r\\n看电影的时候，我的手经常不自觉的紧握着，为那揪心的困窘。\\r\\n幸福在这里敲门了，可是那些没有被敲门的人呢？','40e071a22033b640df27b4ff88683741'),(113,23,'虽然是个好莱坞励志片，但真正让我感慨的其实是，穷人想要翻身，真是太难太难了，他们大多数不是不努力工作，但确实是一根绳子勒在脖子上，压根没有喘息的机会，而且他们的孩子从出生下来就没有，毕竟不是每个穷人家的孩子，都足够幸运能有这么顽强，比别人聪明十倍的爸爸啊。','d19a073167481a4bbcda525e8350c6fa'),(114,23,'除了幸福 什么都能放弃 一定要幸福 和自己喜欢的人在一起 做自己喜欢的事','d0d96a78aad7fc204bc212d249fb3587'),(115,23,'我要茁壮成长，我要健康快乐，我要好好的活。我就喜欢看到别人快乐的生活，也希望自己如此。','3506b4fb2303ebaa0959aa5230af3164'),(116,24,'一定要看啊,我喜欢斯加丽那种几乎有点蛮横的可爱感觉.甚至可以为了达到目的不责手段,要么爱她,要么讨厌她.她在贫瘠的大地上拿着一根萝卜说(这个,好象很搞笑)\"我对上帝发誓,我再也不要挨饿!\"我爱上她了!','5bc7ee434bbe941d8de70f611bc99500'),(117,24,'至今记得亚特兰大的战火中她奔走的背影，裙裾摆动。她的野性和骄傲，坚强与倔强，不甘弱示或屈服，瑞德与她是相似的。如果瑞德爱上的不是郝思嘉，一定不会掉进那个自掘的陷阱里。对于郝思嘉佩服之极，对于瑞德，感动了，且唏嘘而惋惜。','5e1a8d9f85108e06cb15cb18f6080f04'),(118,24,'看完斯嘉丽那么瘦小的身躯，却承受着那么大的压力，都能顶的住。真的感觉不到什么叫困难了，第二天去考试奇迹般的过了。。','2888b67b9c098f5de1be7f5b4bb60083'),(119,24,'永远的经典，永不被打倒的勇气。','5fe3fc225f9c2f244cd21f14e402c88f'),(120,24,'做作得不行，民国老太婆最爱','8c40d6c98df4ec362276a6d4ce14828d'),(121,25,'上学的时候早恋，父母反对；上班了不恋爱，父母反对。你真是羡慕人家老外啊。','7063066151da5485629bdb63f70b089b'),(122,25,'Flipped，怦然心动，喜欢这个翻译的片名，就像第一次看到那棵树上的美景，就像第一次看到你闪亮的眼睛，那一瞬，就莫名心动了','fdd68262aa6b302c474e7f2d3c4fca6e'),(123,25,'当她在他身边蹦跶乱窜，他始终不屑一顾。当他意识到原来自己的眼神早已无法离开她时，她已优雅、自信、美丽得如同女神一般。','b8e43205bd31904569992a09c13280b6'),(124,25,'可能比山楂树还纯哦！','9c4169e5d0c0fcbd4adf62102f582b5d'),(125,25,'越看越觉得自己真是老了。。。。。','36aa06564d25fd6f8e1176d0629dcf45'),(126,26,'做冰棍那机智的不像话！！！全片最爱！！！想吃！！！','8bad7a8aff2b6488b67b4ad39d59f539'),(127,26,'不要看任何影评，如果可以预告片都别看，直接买票就好了。你要啥这电影里有啥！','eb282545f4ee22fca39f4d28be8b916b'),(128,26,'最精彩的动画是用想象力拍出真实世界难以实现的故事，而不是用动物化填充一段如果是真人就普通到不能再普通的烂俗故事。笑料有，萌趣有，但更有的是莫名其妙的主旋律和政治正确，恐怕没有评分所体现的那么出色。','947ea1d75248ff8fa173f61145fcd7c9'),(129,26,'赞到惊人，大迪斯尼动画一年比一年精彩！朱迪只身去陌生的大城市追梦，让我又追忆起自己那美好而充实的留学生活了。Sloth们的每次出场自己都要笑到面瘫了！而朱迪跟尼克哭着道歉的那段我也跟着哭了，朋友之间有时候就应该这样把脸拉下来好好道歉！总体反映的各种社会现象以及政治问题都很贴切到位。','b45e83b89571e4870ee51590f1596659'),(130,26,'超~~~~~~~~~~可爱的。大眼睛看得我都化了。一想到未来狐狸跟兔子可能有感情戏，我就hhhhhhhh。那只长耳朵的狐狸和那群二哈狼是我的笑点！！！','6e5c6d30e159f8d0d15c6debbb4b386c'),(131,27,'如此美丽，如此悲伤。那些吻戏，那些青春，都在影院的黑暗里被泪水冲刷得无比清晰。','c25307defbab6abe3bd5fb744da06bb2'),(132,27,'出去闯荡吧，永远不要回来，不要打电话，不要写信。我不要在这里跟你谈话，我要听别人谈论你。。。','b3d82c4ebb24ba2074291e0f52c70dda'),(133,27,'没有结尾的热吻，这部片子就只能是还行','2c496157d1061a4d12ea4cc921b071bf'),(134,27,'是的，一场伟大的失恋。','4c3f6732223db2581633bbd77eb91573'),(135,27,'回忆就是因为回不去才可爱，才可贵。错过多年以后let go的坦然有时比悲情的执着更能予脑海留香','9d49ebd8fd9986ba27c0d2a555b0e3ef'),(136,28,'公司每年业务增长率稳定在8％，这里面必有猫腻。。。这是什么台词啊。。。','38e1336dc1baece4c41a4bd29d851617'),(137,28,'伟大之作,与其在文艺片里奋战,不如像这样提升商业片的水准!','350514fc5ecf57e28a6d8eebe65adb85'),(138,28,'大片中很有内涵的一部，不管是人们心中暗自涌动的对小丑疯狂灭世主义的不安的共鸣，还是对蝙蝠侠孤独暗夜行走的英雄惜英雄般同情，其实都是人们对这个世界失望的一种情绪释放。其实小丑说的很对，他和蝙蝠侠很像，都是异类，只不过蝙蝠侠把痛苦留给自己，顽固地去坚守一丝信仰，而小丑把痛苦还给世界。','3b734f0135019176634c295ec2b9a6af'),(139,28,'什么侠不看 蝙蝠侠不能不看！','c9fcf1a7c698523579ba63611905d260'),(140,28,'诺兰的叙事能力不但在于结构上。。他总有一个与众不同的主题','a45bc6bc323871aaf9b77b0e3cca54bf'),(141,29,'老谋子妥协了那么多，差点就没给改成喜剧了，还是遭到禁映，冤哪','4dc925145211e0bb04ef28c3860f4675'),(142,29,'一个时代有一个时代的悲哀和可笑，你能在别人心酸的故事中读出些许温情，也能从自己的平凡中领会些许荡气回肠。电影少了原著的惨烈，但那种好死不如赖活着的悲凉还是存在的。','8732f262b9130d79e6225ad36ef10f78'),(143,29,'没有原著好看啊','bac1d5b30467a414cd5abd85423b0d83'),(144,29,'高度不及小说 煽情也不如 Btw，看不出为什么要禁映  2002，11','cf01628eef16da6d4db1efe1c5cfa1d7'),(145,29,'长太息以掩涕兮，哀民生之多艰','de72234d75549cdc353e2baaa2ca68a9'),(146,30,'精湛的表演，恰到好处的对话与矛盾设计。','c170c420589d4e017c2b7623313064a6'),(147,30,'人是说谎者，人是连自己也会欺骗的说谎者。因为冷漠，成见，因为麻木，可笑的自尊，或者甚至不需要任何理由的去坚持一个谎言。一个没有理智的社会，往往同时也是一个没有感情的社会。强烈推荐，精采绝伦。','6255a84e13aacd55faa9eb8944ce23af'),(148,30,'投票不管用，意见领袖也没用，你得让每个人都说个够。然后明智的共识才会产生。','057eaff8944e28a1ca97c9a3122cfdcc'),(149,30,'真理掌握在少数人手中。','2fea4e8f30adf3efa330df38564e183d'),(150,30,'抽丝剥茧，各个击破，非常牛逼……感到非常非常大的压迫感。气氛竟然还跟一场雨融合得那么好。','7caea79fe4c6343012380d0f0024e2d4'),(151,31,'越荒诞越有力','6976f535480a4b5f51e2891fd9b438e5'),(152,31,'留口气活着很重要，可有些事比活着留口气重要','3f84e7a87df9079651903db6253ab260'),(153,31,'记住一句话，但凡在中国被禁的片几乎都是好片。','4113df815f5f19304afd8d5fc07604d5'),(154,31,'就让我一手一个，掐吧死俩！','d5bf72c530a3f3bc51635df65d141e96'),(155,31,'优秀的如此遗憾. 仿若是黄皮肤的库斯土里卡.\\r\\n\\r\\n大三背着豆子刚刚进入县城时，姜老师用了一个跟拍的“巡礼”式长镜头为我们展示了一副日据时期小县城的风貌图。仅仅一个镜头 人物呈现之清晰 空间描摹之有力 为十余年来大陆电影之仅见也。','2b73e57ef4a9bddc9e577a14c6464cdf'),(156,32,'语言匮乏。就想搬个板凳坐电影院门口跟行人说：来嘛~','4f0438e63b1ccbc2ab22babbbf8c862a'),(157,32,'【狐獴】，艺名丁满，出道时因自身面部表情傻不被业内看好，一直无名，早期作品有《狐獴大宅门》、《狐獴国度》。94年因参演《狮子王》名声大噪，后与疣猪彭彭发行单曲《哈库拉·马塔塔》，并出演电视剧《彭彭丁满历险记》，全球热播。近期，它又在《少年派的奇幻漂流》有着出色表演被更多观众熟知。','63e7092aea408bc0130aee4a61a075e5'),(158,32,'五星献给自己看到的最好的3D电影。李安自己也说，拍这电影是不可能完成的任务，但他自己辛苦努力四年终究做到了。第一次如此感受到3D是一部电影不可分割的一部分，以及变换的画幅比例、层层交替的剪辑，一切都是为了故事本身。故事从冒险到有些奇幻，PI其实没有很多内心表达的镜头，但我可以感受到它','8c567146d26d5ee83413782f24fc7c85'),(159,32,'确实不是《生命之树》....虽然故事讲的有点“纺锤形”，不过对于一个人一只虎在海上漂了将近两个小时来说，全程没尿点除了无与伦比的3D之外，人虎间的化学反应也吸引人！3D绚丽又不炫耀都是为剧情服务，一个片头就把观众震的一片惊呼。中段更是惊的我心里阵阵的“我操”，而且看的我都有点“深海恐惧”','3bee3bb928f7dd1fd7645b5a3903eb5a'),(160,32,'基督在旷野修炼，魔鬼要求他展示奇迹将石头变成面包。但基督拒绝了，因为奇迹就是魔鬼的诱惑。故事出现第二个版本正是印证了这一点。它让电影主旨反转：不再是关于信仰的确立，而是它的缺失——信仰不能建立在奇迹之上，但假如你面对一个奇迹，却选择拒绝去相信，这就是没有信仰的悲哀了。','01b8624e6113951e60d7c1df732e0b01'),(161,33,'巨制就是巨制魔幻这题材少了美刀那不是人玩的感想如下：幽灵大军战斗力堪称最强阿拉贡你早调人马来省事好多 就是看着像清鼻涕 甘道夫你这个白袍儿怎么灰头土脸没有人家萨鲁曼当得有气势捏？精灵弓箭手萌~萌~萌~一大笑点是矮人金利 四个霍比特人就数弗罗多不讨喜这是角色设定没有办法 嫁人就嫁阿拉贡介样的人不过丽芙你脸也太长了我设定成宽屏还盛不下你的脸 有人说山姆和弗罗多其实是断背我看很有根据 所谓那会心一笑一切...','8352cd0d01bd2b372a5be41d46d3af6c'),(162,33,'最服的就是山姆了，走了那么长的路，路上吃得那么少，一点儿没瘦。','b8ad15aad83c4a985b61fea53ec1757e'),(163,33,'超级经典，看了无数遍','76ff4a134bd055bf582ff7e5d788758c'),(164,33,'一口气看完三部白金加长版，对于这样的片子，只有两个字形容：经典。相对于骇客帝国，这三部的连续性非常好，值得称赞。','44fb0aafb09c47b212b6eebc95bfc86f'),(165,33,'亡灵奔涌那里很帅??????','7a8b2d69f693324f5800f5fa4e4eef0d'),(166,34,'我要带我的女朋友去看炸大楼','090a6716c03e19bf1c4e93bd190c7f42'),(167,34,'与同学一起观看。在一个专放商业片校级电影社团放映。一直到大四才看此片，似乎有点不应该。不过我不能理解的是，此片居然如此大众，而且评价如此之高。。。其实我很客观地说，在我心目中，这部电影只能算是一般。坦率地说，我看到中间的时候还睡着了。。。','89fe73903dab67c2f78547e6ce99ac41'),(168,34,'这种类型片很多，这也不是第一个讲述人格分裂题材的电影，不知为何评价很高~~','ed2abae1131992f98f492974affa6e77'),(169,34,'典型的反体制电影，哈哈，真逗。MMD，将一切都讽刺解构了一番，爽。只可惜这破坏难以节制也实在麻烦。','ced2a7588ff3603bb421723e2bf3f4b2'),(170,34,'看着所有的摩天大楼在我们面前轰然坍塌，结尾真他妈浪漫啊','76f9876183e025af9f65874f0a37d33e'),(171,35,'剧情无甚佳，但天空之城的景象忘不掉，尤其是废墟中布满杂草的死掉机器人出现的时候','adbc4c6d9f402ddece2ac7a3ce2c1c2d'),(172,35,'很美 无法忘记配乐','2e7cf6facdd58da215623f2cddf44a1e'),(173,35,'久石让的原声太动人','03e76875182a703e2f7a237f8adea59b'),(174,35,'喜欢工业革命时期笨拙又功能性的全机械化的东西，觉得发明家很了不起','c60e931673d379f6005d5fddd884b943'),(175,35,'佩服宫崎骏的想象力，电影中的某些情节还历历在目，是部非常不错的动漫电影，弦乐很动听！','ceb0682f0ff05efb86d4b93303e6e99a'),(176,36,'好片遇上好字幕~爽','03e3dc1328dec69deb047196ba965680'),(177,36,'律师三寸舌，妇人宫心计，两者皆不敌，最坏男人心，花心郎算尽太聪明，反算了戚戚性命','2538d0bb07af767499c0711263914ce2'),(178,36,'阿加莎和怀尔德的完美结合 一群戏骨的完美演绎 意外而又意料的主线、熠熠生辉的细节向世人证明：小说和电影的结合能达到如何的高度 要是需要我用一句话来评价我的douban NO.1500部电影 那只能是：此曲只应天上有，人间难得几回闻','a6aae001bb5055de5b6d7734608f9b27'),(179,36,'满分！无法形容的精彩！怀德和阿加莎的完美结合，猜了几次凶手都没中，我还真是。。。马琳黛德丽已经56岁的人了还那么美，果然是remarkable。演员都极其出色。太精彩！','aa5bb5572ae5deb28522131af0055396'),(180,36,'比利怀尔德的电影总是那么好看，老律师的一言一行都充满了喜感，法庭场面非常精彩，整个过程中的一些阴暗交易和最好的反转，有让影片有了一丝黑色电影的气质，力荐！','36f6c035d59cc46ead07c6ead8bd5df3'),(181,37,'前面几分钟就让人落泪，后面却越来越不靠谱','88d0d3619eb49a7fff894d698a263cb0'),(182,37,'如果你还相信这个世界上还有美好的东西，去看看这部电影吧。cross my heart','5b6238eb6be1598d2d050d0fcb79b5a1'),(183,37,'“我总是记得那些无聊的小事情……”“感谢你给了我精彩的一生”，简单并深情着','a6e4702a3883576cb0ad413cfddc148a'),(184,37,'梦想，多久开始实现都不晚。《冰河世纪》也好，《史瑞克》也好，永远都赶不上皮克斯动画的情怀与意境。','932ea52e15df5f475d461637f80f63df'),(185,37,'近乎无可挑剔..','c6fefc1cc03e9cdfaf71bda458df2603'),(186,38,'大话西游是一代人心中的经典.','fb4487c2efd4398627867fa928bf7c2f'),(187,38,'片尾曲真的很好听','1656989c52ff3189af6666610f2e611d'),(188,38,'逢年过节必放必看的经典 我记得片子里最后一句台词是：“你看那个人，好奇怪哟，象一条狗。” 多少的唏嘘感慨啊','fbce5b783cdfc1f1cbb33af8872c9e35'),(189,38,'经典不用说 \\r\\n没第2部好～','9566272e897d2bdba903ed7cf12738ba'),(190,38,'呵呵，1996年看的。【2014】终于在大荧幕上看了。虽然是普通话。经得起这么多次的反刍，可以确认是经典了。想起东邪西毒重演时提前离场的对比，简直。','de5ad980f67d8509b4fd1041e649348e'),(191,39,'当他把手伸进去，她的表情美丽极了……','d0f81ea8d3ce69437825747c65423695'),(192,39,'我一点都不觉得奥黛丽赫本可爱。','f56da356c5ab7bccb948fc42191b304f'),(193,39,'戏里戏外皆是戏梦一场','c0c93cce26f873e3e7891557cf505b6b'),(194,39,'这真的是一部经典浪漫的电影，虽然是黑白的，却让人的内心充满美妙的色彩。赫本美的象天使，派克帅的不象话。演员们表演细腻投入，故事情节曲折动人，全片没有一句“我爱你”，却教人感受到爱的力量——爱是伟大的，无私的，可以战胜贪欲，唤醒美好。真正经久不衰的电影，百看不厌，今天就要重温一遍。','4e9be8bbf0ccfdccc37538dab3e741e7'),(195,39,'罗马，当然是罗马……','2e2c1fb21fd2ae44dd00335aac81f643'),(196,40,'国安局血的教训：千万别请文艺青年做秘密警察～','b2ae1c03d7735b051897b41db8028a0f'),(197,40,'我们总是歌颂从未发生过的事。','1c9cfbb302345976983831065bff9217'),(198,40,'结尾让人叹为观止，感慨万千。','09f3f687dc8ee8811ca85c976448e5a3'),(199,40,'专制意味着有些人可以做另一些人的主人。','bbf245da1f12fc4506571984fd775d2e'),(200,40,'“你还站在正确的一方吗？”……惊艳于“做点变通”，惊诧于“重要的不是成绩而是成败”，惊呆于口误后的抓手动作，惊愕于搜索后可获损失赔偿，惊叹于女主的悲剧，惊奇于小人物改变的大历史，惊喜于“这是给我的！”','df8764448d6755ed5df3d995ca701147'),(201,41,'大轮回剧情，赞不绝口。配乐无比踩点。特写连毛孔胡渣都分毫毕现。摇摇欲坠，坐在各种笑料回荡的嘴角上，寻着被烟熏的发黄的咯吱作响的牙齿，就快要从这口腔中滑落下去。笑到背气的是帅哥那严峻，放纵时而又苦逼崩溃的脸。铤而走险后疯癫狂欢，年轻人们决不会想到这一切都只是纠葛的开始。','3a03bab746dc5fe0052ca17efb2b0556'),(202,41,'从此开始喜欢上英伦范儿。我真的是太喜欢这部电影鸟。','37e3ea5d9fa7f29b91700bb493761dd2'),(203,41,'疯狂的石头在他面前只是浮云','52ff41c122a4d3cf25a871c01955c102'),(204,41,'谁说这片子比猜火车好的?','bfac8b20efae9703bb6967b15d8c6ad7'),(205,41,'可能是先入为主的关系吧，感觉没有后来的《偷拐抢骗》好~~','bd63ef5c7e7874a796cf2b861d6dbb2d'),(206,42,'阿米尔一人饰演男主角19、29、55岁三个人生段。他首先完成了19岁的戏，然后疯狂增肥，一个月时间变成了体重194斤的55胖大爷，拍完老年戏后，又用5个月的时间疯狂减肥，回去拍29的戏！所以：为什么要这么折腾自己？直接拍完29再拍55不就好了？阿米尔说：那样我就没有动力瘦回去了！','50125abe39b8bfa093d1099e145b2630'),(207,42,'根据真人真事改编，讲述印度一块女子摔跤金牌的诞生。剧情热血逗乐，竞技惊心动魄，挑不出什么毛病的宝莱坞电影，父女情尽在不言中。阿米尔·汗太敬业了，为了一闪而过的几秒就把自己的身材从肥胖练成魔鬼，好演员都是用生命在演戏啊～','c982d665a4c022a4849f50d3d194f497'),(208,42,'豆瓣文青们可能已经成功被白左的西方政治正确洗脑了：不放在具体语境下，以西方女权衡量一切本来就是一种偏见和武断。在整体状况还不如中国的印度，本片已经适当地展现了一种进步的女性生活方式，即便在父权的引导之下。让符号化的解读蒙蔽影片传达的真情实感，令人感到可悲。','bac0ac4e5db0d4514ad92588539bd03b'),(209,42,'父权你mb啦，一个能发现儿女自身优点并开发出来的这个也是父母责任之一啊。反推现在的世界冠军们哪个小时候过得是自由自在吃吃喝喝的日子啊。他爸都说了你要得到这块金牌不仅是你自己的金牌更是印度好多妇女的金牌啊。摔跤真是又有力量又优美的运动，','ac6dda3a9684db98d04cf9025ca7a61e'),(210,42,'最惊讶的是放印度国歌的时候电影院几乎所有人都站起来了。。','317b3427b187a34f700d0ce67b3bef56'),(211,43,'不可能飞越的，社会就是一个巨大的疯人院','2c477e2e0cefb9003157693924b423d7'),(212,43,'上大学时候看的,几乎是我从理想主义变为现实主义者的转折点.\"现实是沥青水泥马路,想在上面睬一个脚印,比登天还难\".','d874345cd13d413160b65e1f92110607'),(213,43,'谁是疯子？谁又是正常人？没有答案。','e5cfa6bf9d02cd73bf93151380399dac'),(214,43,'始终没有办法喜欢尼科尔森，除了结局，基本是部烂片。','249ddc4d19e46a0092301498ec1361b7'),(215,43,'一群人的狂欢，一个人的疯人院。在电影中，疯人院是有着极强隐喻的地方，专制横行，自由和个性遭到极度的压制和剥夺，是一个模型化一般的专制社会，打着冠冕堂皇的旗号到处招摇撞骗，剥夺人们的个性。疯子是一个相对话的定义，需要一定的评价标准，在疯子眼中，那些所谓正常的人又何尝不是疯子。','87b2ef2951c43e6c8bca69c36fc8f57a'),(216,44,'史上最美的探戈','f38449740050a723a4c6bab4c8a42200'),(217,44,'当我心中的正直感逐渐淡去之时,我庆幸我看到此片.','1b31e70a4c8ae2604c0abccf296f1423'),(218,44,'刚开始，我觉得阿尔帕西诺演得有些用力了。但是看完，我觉得他就应该这么演。甚至那个年轻人O\'Donneil也被他带动出极好的水准。探戈，演说。几近完美的一部片子。','7f810f021f9cb10da23f1f6465884870'),(219,44,'Al Pacino,老了也一样帅.','1d2959044af51ef0d7ef7cf077ee7ac1'),(220,44,'so boring','f0d6f6f30964f2c6c49f9658d4c1fd4e'),(221,45,'腾空徒步的那一段，最浪漫','6af28e1d42c0497f107a9edf0205ffdb'),(222,45,'人不漂亮活着还有什么意思...哈哈哈哈太可爱了哈尔...','91e9daadd3bd8a4d0f3fee7b66edcb53'),(223,45,'1，哈尔变身之后的造型就是折了翼的天使。2，王后是女同，看上苏菲了。3，每个宫崎骏都要有老巫婆，善良女，宠物狗，无语怪。还有各种帅男！','366edd8c5b11fe0e05874e38daa3903a'),(224,45,'木村拓哉的声音真是亚萨西啊……','7f5cba4e9cf7f41153a064c99a6a9021'),(225,45,'这个……其实我没怎么看明白，14年的宫崎骏粉丝就这么秀逗了。……（后来千和我说她也不懂，少许有点心理安慰……）','fcfd0636ae729ff81d1c3f9753cc6055'),(226,46,'必须五星，最后一段法庭戏看泪了，狗逼中华田园法学狗们看看什么才叫做司法人员吧','a9f80897025b4ad0d71d1fce34c5c2a4'),(227,46,'自卑吧中国电影','22c063876f9bb6240c8016b261bc0b6b'),(228,46,'无字幕就算了 还全片釜山方言 忍住这点痛苦看完了两个小时 电影结束后跟朋友对视 决定出字幕版时一定要再看一次 怎么说都得搞清楚自己为什么哭了两次啊。。。','328f72323b33353f65f88d1d732fb3fb'),(229,46,'看着演技之神倾力贡献这样一部充满力量和信念的片子，本身就值回五颗星了，虽然片子拍面部特写太频繁了点儿，但因为对象是宋康昊，所以真的不能算是缺陷吧......至于故事和题材，除了震撼无话可说，我们只有羡慕嫉妒的份儿，毕竟，人家是用电影去改善制度，而我们，只是用制度来审判电影......','7f13a8954b0242379cdd81824de95879'),(230,46,'依然可以找出不少瑕疵，却仍旧要感叹韩国电影工业的日趋成熟，似乎随便一位新人导演就能讲述出令人动容的故事，除了体制之外不得不承认创作态度的天壤之别。生逢乱世明哲保身往往只能是一种奢望，而很多时候恰恰是我们事不关己的冷漠态度在纵容着罪恶的发生。','9875f8284826dc6ac7e042ddb8a4253f'),(231,47,'当一个死水般的体制内出现一个活跃的变数时，所有的腐臭都站在了光明的对面','d8537f1e55dac9ef333828f222e90e0c'),(232,47,'看这部电影才知道，原来自己已经死去了好久，从某个不经意间被打破的清晨开始。','ef5474a7097a7eea6515452be189ff39'),(233,47,'如果能遇到这样的老师，要积累多少的rp?','1b610b84932bbbfb121c7af936472b56'),(234,47,'《死亡诗社》最后安德森爬上课桌那一幕哭得我稀里哗啦的，一个刚到口的龙眼就活生生地吞下去了。它和《孩子王》有一个同样的情境设定，但立意确实不同的。《孩子王》里“从前有座山”那段也是让我唏嘘呀。另外，《死亡诗社》的中文配音配得很好，不知道出自哪儿。','bf5fa87136532624f353c73777c42596'),(235,47,'明明不是悲剧,就是不停的被感动着','d4c7e27b9ea9ecd44ef5a7254ed226bd'),(236,48,'人民不应该惧怕政府，政府应该惧怕人民。现实和电影的区别是，他们没开枪。','60a79e7d5e9b5c00c4394873cf9e1080'),(237,48,'真哭了。不是个人英雄的意思，而是，幻想中人民最终会胜利的感慨。','27bfdde66c108fc58cded82e3f8ea97e'),(238,48,'站着不腰疼的政治童话','74e70cfafcbfc43a425287d8ec1cc0e3'),(239,48,'乔治奥威尔灵魂附体，1984诈尸还乡','ee1ee4e06f0baded152d814cc160c9cf'),(240,48,'还好没摘，摘了就俗了，但是作为演员一直不露脸是不是很憋屈？这个角色80％是用声音塑造的，太TM深邃了好听了！主题很好，后面鸡皮疙瘩起的。。OST棒，尤其是中间有段弥撒曲太好听了啊！！','a5c7e62ed36a7e55ae5402433b836408'),(241,49,'我想知道的是 大地村那里的海豚屠宰场现在怎样？关闭了没有？当地的渔民是否还以屠宰海豚谋生？','739c6badbad5a2048816ce265ce17133'),(242,49,'“All social change comes from the passion of individuals. / 所有社會變化都源于個體的激情。”','2e135b40ae401223820d3ee05032ccc1'),(243,49,'海豚湾的鲜血让人心痛。志愿者们的勇敢无畏令人动容。','c3f9b8373101b81f0658e0eb10ddaaa1'),(244,49,'“海豚的微笑，是世界上最高明的伪装”《海豚湾》之前，太多生态纪录片披着唯美和说教的空皮，这一部所上升到的意识高度以及呈现的残忍，令人震撼。09最佳当之无愧。“当我看着一条海豚，他的眼睛跟着我转，当我们四目相对，我有一种由内而外的感觉，毋庸置疑，我正在和一个智慧生命进行交流”','cfaaf711fda2b2ffa836a3d41d3568e2'),(245,49,'当Ric把屠杀海豚的视频绑在胸前闯进OPS的大会现场时...我的泪喷涌...','cf727a2cb5430eb9a4cdf8edbcbbca53'),(246,50,'帕西诺太帅了~','cf9b79808a7eb5030e302c456e927078'),(247,50,'即使敌人已经手无寸铁，但仍旧要处理掉。麦克深深的延续了父亲的性格。唯一不同的是家庭问题的处理，是时代变了，也是麦克与父亲之间的不同。两条主线相互交错，即使对比更是互补。阿尔·帕西诺最后的眼神，那是寂寞吗？','a2237714625b9fc698528b49b52b7b72'),(248,50,'阿尔·帕西诺不能再帅，是年轻时的代表作。','6a36119afee3710a4fa42f0e63288616'),(249,50,'既是前传，也是续集，两条线交错着叙述，一边是创业一边是奋斗。无论镜头还是画面色调的处理都一如既往的出色。作为一部续集来说，堪称完美。但作为《教父》的续集，却始终缺了点什么……★★★★','cb326e3d2ea0a8dd0ba9b4b005154c44'),(250,50,'半原作半原创，半上代半下代，半圆满半破碎，半上升半下降。普佐在原作完成后趁电影的便利所做的故事延续，操控了两条时空错叙的故事线，在对照中做出了无解的命题。','0638fcdece03774489bc945aac8e7537'),(251,51,'“这个世上一定有某种善良，值得我们奋战到底。” 其实最喜欢这个第二部。第一部刚开始，很多故事还没展开，也没有大场面的决战；第三部大场面战斗又太过饱和，容易疲劳。所以第二部末尾的圣盔谷大战，承前启后，来的刚刚好，“各路神仙”先后登场对付萨撸曼军队，也看得最酣畅淋漓。','bcf7237a5fcc79c5499af5793fa60a08'),(252,51,'莱格拉斯无敌帅~','5d45a326911a2f59254fadabf254d073'),(253,51,'跟书一样壮观。','213ef73ea54aeebe0be624bee1ed6abe'),(254,51,'激动人心！我看哭了都...','47fd648d4c07b31d1f0770fb5470c36a'),(255,51,'發現Saruman這個壞巫師利用近代工業技術復甦遠古邪靈與邪術的行為簡直跟某團夥高度相似 唯一的差別是 大洪水反過來把自己給卷了……論自然之復仇嘛的；咕嚕雖有極可憐和可理解之處 但卻充分說明要小心那些奴性極強的貨/禍 其目地在跪舔的各種仿作姿態中便已暴露：曾對朋友落井下石的人何故倒投？呵呵。','93135d0411849300bc67721413369b8e'),(256,52,'每次看魔戒都会被奥兰度惊艳到~','5a92db719a7c200f334c81857a29181b'),(257,52,'在拒绝好莱坞N年后，一次意外的走入影院，我成为了LOTR的死忠，总有一个绿衣服的弓箭手在眼前晃悠，我冒着花痴般的笑容，历史就此翻开了崭新的一页。','4d41676ffa742fb4c549e1a8998894b5'),(258,52,'只为~～奥兰多布鲁姆','410e3974af96644cf7b6542b27383904'),(259,52,'人性与其他生灵都有自身的脆弱性，所以，即使是选择了善，也有可以脆弱导向其他的方向，就像森林女王。更可怕的是，用恶的手段达到善良的目的，本质上的以毒攻毒，以恶抗恶，就像人类国王贡多的儿子，都是人类信念不够坚定，内心的力量越来越弱时产生的。 ','754c0b3dc99ea00e8fd6419873642fe1'),(260,52,'一口气看完三部白金加长版，对于这样的片子，只有两个字形容：经典。相对于骇客帝国，这三部的连续性非常好，值得称赞。','44fb0aafb09c47b212b6eebc95bfc86f'),(261,53,'所以说不要学数学,你就是不信邪','eaa2df4cf96c37f0d038eb1f7c4871e8'),(262,53,'我发现我的一句话短评竟然造成了严重剧透，所以我做了修改，我的建议是，在先生（女士）您看到我这条短评时，请停止手贱，不要再浏览任何短评，以防剧透，立刻去看电影。您将体验电影剧情的不确定性而感到万分愉悦。','defe5f2aec7ee87b855e23efabdd4f43'),(263,53,'有你终生美丽','4b7c92395d8c4db21cce4e23908355bd'),(264,53,'与自己战斗，坚持，勇敢，相信自己。面对一切困境，克服它，朝着自己的理想前进。这是人性的光辉之处，这是人超越一切生物的闪光点。','4bb66d158a77f78f30150e3ab4e4f412'),(265,53,'幻想又有什么不好，至少多了三个爱你的人。','0945b6f391fa922a6c89bb27eb4e0cdc'),(266,54,'到现在才看这种基础款片子实在该打。吴倩莲的角色看得我如坐针毡。归亚蕾对小珊珊说：“小孩就嘴这么叼，长大必定嫁不出了。”镜头一扫吴，我才后迟钝地顿悟。问题或许甚至不在美貌和才情就在那份致命的骄傲。这才只是副线之一。李安这人坏到骨子里去了。','1d11a01df7b0aab4ed0cb336158482dd'),(267,54,'我会告诉你我反复看了五遍开头？口水留成海','0ab199de30fb8fa436829282aeb54b56'),(268,54,'李安最好的作品。太流畅了，调遣得宜，全无废句。','2a2ca951741876e18855399515d89815'),(269,54,'假如94年有豆瓣 着一定会是当年最精彩的一个直播贴','87786c074d1e8cc7f3fdcde8dcc46ab7'),(270,54,'“其实一家人住在一个屋檐下，照样可以各过各的日子，可是从心里产生的那种顾忌，才是一个家之所以为家的意义。”极其平淡的生活细节，但无不透尽亲情与爱意。归亚蕾那口熟悉又有趣的湘音也让我开怀。有时候，生活和烹饪是一样的道理，需要用心去投入才能做出一份好味道。★★★★','82206261dd04cb9475f9ce5beeee9823'),(271,55,'暗恋的极致','e06f20403c8cc9b9e69c3e89cf5f4001'),(272,55,'翻过来的卡片，肖像，是初恋回忆的完美情书','f8bc15e4aae07f117335182d5d6ce205'),(273,55,'无聊！找了半天真相才发现自己是个替身……傻比青年啊……','2668458a7d09d53d61865507dbeb7e6b'),(274,55,'2000年，本人看得第一部文艺片，当时不知道啥是文艺片，表面上洋洋得意，认为自己算个文艺青年了，内心里无比的可惜那一块钱，因为本来是租《唐伯虎点秋香》去的。被人租走了才不得以看《情书》','a3afa27f6d93929af2c5ea2bb25fe616'),(275,55,'当年曾经多么叹服于奇巧的构思.....可惜后来才知并非岩井君的原创.....','8014cf7ff152eeb70dcf43a0062cfb80'),(276,56,'“受过伤害的人总是笑得最开心的，因为他们不愿意让身边的人承受一样的痛苦。”','7617e111e42a9953d9d8296b4fc3bba7'),(277,56,'看前面的惨剧其实会略反感，总觉得在消费别人的苦难。好在故事的重心在治愈与亲情，这也是最感人的部分，尤其父亲第二次扮人偶，太催泪了。','d17192ed24720e4e5c853a642ddd65d8'),(278,56,'最感人的是素媛回家时那一墙的小纸条。','2dd2787496ee51b9ba97cede8a25bb01'),(279,56,'与《七号房的礼物》同属催泪亲情片，不过故事没那么飞，所以要节制平实了许多。剧力很强大，一些让人含泪而笑的段落设计得很出色，整体的表演质量非常高。用这种方式拍儿童性侵案，实在是太虐了，等内地上映，影院里会泪流成河的。','258352e960ef60fea30d199ed69cfa6f'),(280,56,'泪流满面。','aa89620d6d429915b52a8cb00f5224b6'),(281,57,'又是一部是属于那个年代的影迷的经典','e0e5aa53727a767b06627c5c1d6a960b'),(282,57,'现在看剧情真的好简单啊，不过拟人感实在太完美了。还有那个“哈库那莫塔塔”，好多年没听到了...Can You Feel My Love Tonight？','1defbe6b84b68762256d68d3f33a812b'),(283,57,'台湾佳译影院译制的，非常用心的翻唱了所有曲目，相当不错。不过故事就次了点儿。','4557cd7919341d6ddb4380be4a282555'),(284,57,'勇气与成长的故事，即使过了多少年，即使生处不同的时代，仍旧能够让人有所感悟……辛巴是在波折的人生中踏出了那条成王的道路！','b13593b6d20d33e8aa9ff904a744b054'),(285,57,'这部动画绝对是经典，内容积极向上，音乐无可挑剔。','d85d039f1f3176ac5523090c1616c232'),(286,58,'面条的人生。这条人参很长，长达229分钟。','66e582bb3c0f15d22da68b2da46fa8ad'),(287,58,'史诗叙事大师笔法，黄昏已近青春已远。而今男人的理想已改变太多。配乐绝佳。','c94ab328355330c0fe824248aceefd90'),(288,58,'一定要有耐心去看完的电影.又是时间,又是时间里丢失的东西.有一些伤感.','dacaaad2c4792aa27432c65fc603a7e6'),(289,58,'两场强暴戏毕竟是吃不消，男性的传奇之路上似乎最少不得的就是美丽而无人格的女性牺牲品','72a6d668488b546adfbb2756519b69be'),(290,58,'“青春和强壮会随着锋利的剑而消亡” 大干一场的青春，不曾虚度的十年。岁月让人枯萎，而我们现在有的只有回忆……包罗万象的年代史诗，4个多小时的大银幕体验，电影节完美句点。','b4d87f678f61ecd25fccd8abc48691f5'),(291,59,'影片的结尾让整个故事的基调上升了几个层次，这并不是一部简单的反映二战反映犹太人与纳粹的影片。人性是很美的，当然，人生的际遇变幻各有轮回\\r\\n','37087caa36c1f12512950633b8ab5dea'),(292,59,'爲何我會很憐憫那個納粹士官，至少他是鋼琴家的知音。','aca6059adc9c13bae276dfa5035305e5'),(293,59,'如今这个民族仍然在继续受苦，苍天无眼','d4a00f4d443a4ad671038d02a11db129'),(294,59,'可能因为刚看了拯救大兵，所以难免的觉得这里描述的世界太干净了．是的，即使你已经觉得很残忍了，它还是太干净漂亮了一点．但是我还是非常喜欢这部电影，．只要那些温暖的东西在，就好了，尽管战争的事实，实际上是要残酷得多的．','f8aef99bc4c2a97078bade2a6d0e54b8'),(295,59,'在影院看，恐惧和难受真是无孔不入。波兰斯基以一个观察者的角度展现了波兰的二战场景，看似冷静却又是最可惧的。而人活下去的信念到底能有多强大，恐怕不到死神擦肩而过的关头是无法预料的。如果说一部电影能给人信念，那《钢琴家》就是这样。','51165a0066e18649136b1ec7dc627e4b'),(296,60,'当他知道他得了第一名却拿不到第三名的奖品时,他伤心的哭了.','15e680ea226923f3092ea64c436a2c91'),(297,60,'最纯的电影','8d7e51997f21ebc921549ffbed8ec78a'),(298,60,'这些故事那么熟悉，就发生在我身上。','86246f9af231132e4eb9aadb242984a9'),(299,60,' 少年之爱，不染任何杂质，晶莹剔透。我认为这正是这部电影要表达的主题之一。当然，有尊严的活着，照样也能有如此安静而幸福的生活。影片给成人们许多看不到视角来观看这个世界','7fde30e5b7c506094c042781849cb289'),(300,60,'孩子的眼神动人；朴素的煽情极富感染力。结尾好，戛然而止，干干净净。','39ac9d3e199a95b6117669c7cb11870a'),(301,61,'很多人采用给低分这种手段来凸显自己高高在上的装逼姿态，从而满足了自己空虚的内心。','284ead267114bc3cae128e47ad600196'),(302,61,'决定永远不暴食','c08e695fb10feb8e53b8f186afcce842'),(303,61,'2。7星。结局的小巧妙无法改变整体的不巧妙。','ce97d5b48c7730cafd8fc7ff0cab7fce'),(304,61,'阴沉而绝望。基督教用撒旦的七个恶魔形象来代表七种罪恶：傲慢，嫉妒，暴怒，懒惰，贪婪，暴食，以及淫欲。一个变态的宗教杀手，平时连一只鸡也不杀，但他找到了依据来实施对人的毛骨悚然的谋杀。有什么能比一个人做魔鬼的行径更为恐怖的吗？台词：“这是个美好的世界，值得我们为之奋斗。我同意后半句','0838ced44c1ebeabfea08d252bd8c5cb'),(305,61,'结局真的很惊人。惨绝人寰……','2ceb90f6402ca20d057d9b84885ba77a'),(306,62,'可她最后还不是绝望了…这又何止是松子一人的人生…所以，孩子小时候一定不能缺爱，我以为松子悲剧的起源就在于从小她父亲对她的漠视…使得她在爱与被爱上充满了渴望，却又总是处于极卑微的状态，这样的卑微岂能不悲剧…','29cc261af261fdf3235f305b534a41ee'),(307,62,'【就算被打，也比孤独一人好】如果单拎出一段来看，一定会被浓烈的色彩、童话般的氛围和OST给骗了，其实这是一个在讲述“破碎”的故事，为了取悦别人松子不断的付出着钱财肉体灵魂乃至一切，可生活的变故却让她不断的破灭破灭再破灭，但她还是一次次站起来了，为松子鼓掌，操他妈的生活。','582898ab105363804516a4901453c900'),(308,62,'她只是怕寂寞……','4de70f758713c7c6a066824039b3b0ef'),(309,62,'如果上帝像姑姑一样让人欢笑，给人打气，爱别人，自己却总是伤痕累累，完全不擅打扮，傻到透顶。如果上帝就像姑姑那样，我倒愿意信仰他。','1eec19a0fbf6bc3dd836fb45b3c2d6ef'),(310,62,'极度艳丽如舞台剧一般的画面，极其难以做出的表情，表面上看极为悲惨的人生——但实际也正如乌兹别克斯坦女孩所说，人的价值不在乎得到多少，而在于付出多少：如此看来，松子的人生真的是丰富多彩的幸福，残缺正是作为人所应有的，总之彪悍的人生不需要解释。OST超赞的....^^但影片结尾略冗长','25c759abf0af3501c42642e7c169f324'),(311,63,'他选择了和他妻子一样的死法。100次。','6a6e607518e785b4310d23ba711a6816'),(312,63,'一个与同胞兄弟轮流上台享受欢呼与掌声，一个自我牺牲自我毁灭让复制品延续艺术生命。人性泯灭在狂热之中。','aa75a0629440eee7fb6abac5b1b0c4d7'),(313,63,'第二遍才发现其实那个小男孩说小鸟的时候已经道出了玄机 撒~撒~','f3a3a7df39d58339d75748491807f0dd'),(314,63,'故事编不下去就弄成科幻了。。。','d9c7b7cd98b288140f3b362763ec41a6'),(315,63,'黑寡妇勾引完金刚狼勾引蝙蝠侠，最后玩腻了一走了之','775906ef38915a62e8a46537e45c6663'),(316,64,'全心全力关怀他人 总比自怨自艾来得好','4ccad1a74808beeaa8e4a193dd362d59'),(317,64,'他買來她要的酵母淘氣的躲在門背後，撩動簾子，一轉身，結果是那只可恶的黑貓，於是，她哭了。','1b215959b25f9ac3bec0e3064fc4a96d'),(318,64,'洋溢着法国人的性格风情','e3a6845547c68a0f9db6cc7787630a74'),(319,64,'启蒙片','6c91a2f4cd89ccd2dd0c0e7000c801ff'),(320,64,'看名字就不怎么想看的一部片子，果然片子色彩那么美，女主角长得也不错，性格很萝莉，但就是不喜欢。她整水果摊老板的手段太刻薄了','8abaeffdec8a6641f6fec34b1d7d3986'),(321,65,'关于时间关于爱……后40分钟忧伤到窒息！','62ed8f4ec9477e4d4940df2ebb6512d1'),(322,65,'看了第二遍后，觉得是杰作。好电影就是每次看都会觉得心醉神迷。','fab24ad7fd5a9e7e5397526fb77b6903'),(323,65,'细节成功，但缺乏整体性。','090d6984e94e1e8f908c195a19dcd42b'),(324,65,'我们像婴儿一般来到这个世上,又像婴儿般安详的离去.留下的,也许都在最后与心爱的人眼神交汇那一个瞬间,从眼前飞逝而过的所有故事吧.','eddff403f40be9c1c771105d8116f5ab'),(325,65,'很好,四平八稳,只是没有惊喜.','e87168a75c6d268422b1cea778fd1daa'),(326,66,'看到了人性的丑恶   更是看到了人性的光辉\\r\\n\\r\\n一个性启蒙时期的少年雷纳多   爱上了成熟美艳的少妇玛莲娜\\r\\n\\r\\n那些为了能见到她 为了能碰到她  \\r\\n而骑着自行车狂奔的时刻   像是在追逐自己的幸福\\r\\n\\r\\n那些因为看到别人诋毁   自己喜欢的女人   而去报复  的小动作\\r\\n\\r\\n那个在教堂里   虔诚的跪在圣象面前\\r\\n喃喃自语的说  在我未有能力照顾好她之前    请神一定要好好保护她   的...','22f45a8dcbcb275ed9593106ce8a1349'),(327,66,'有人问我是讲什么的：一个青少年的性幻想和女人美到一个程度就会很悲惨（大概）。','0eb2925241bd64447aec5d50c51a9939'),(328,66,'当你不再年轻艳丽，当你的丈夫回到了身边，那么你就成了那群丑妇的朋友。','a0d666735d54b25287476288d74dfecc'),(329,66,'即使美丽也不能太招摇，招摇总会惹来悲惨的下场。男人在小的时候都喜欢成熟的女人吗？那为什么长大了却又喜欢小姑娘？......','21f917e286e68e1151d71c0ba005a9af'),(330,66,'最喜欢一段：之前走路眼目躲闪低垂的她，在那一夜后将蓬松凌乱的头发染红，低胸黑色连衣裙，眼里全是看破之后的凌厉无畏，姿态轻佻却强韧无比，翘腿，叼一根烟于唇间，四下便倏忽忽如游鱼抢食般凑来十几只握着打火机的手。從頭到尾沒有一句臺詞。','00e5fd7b161be4ecb34878918c107654'),(331,67,'果真没让我失望~频频赞叹1999年人家的思维人家的意识 而咱都2012了还是爱构思古装穿越剧。。。','74111fab86e737eaf5a0dd27ed9e0bf9'),(332,67,'装逼哲学的开始','2ee19701d43e0654bb3eda5092c83b6e'),(333,67,'当时我就黑客帝国了。','c4b497d5f6f416130665c79871f16b15'),(334,67,'这个哲学系列我只能看懂1','2e77ac6102e99955b25e99990bb63110'),(335,67,'就是各种酷。2001.1.12 vcd','7e6efa60e34900fccf67fed986eeefef'),(336,68,'难以被超越的音乐剧经典~~','7701a128a9893d8d267f39a1c1731c67'),(337,68,'还记得是音乐老师放给我们看的，真的好好看，真希望现实生活和剧里描写的一样和谐','d11062c55596be51b17a85f8cb2c709a'),(338,68,'会好看的电影，音乐非常好听，男主角的小孩真多啊！好可爱','0072e752c182093f112a8d696c2ed438'),(339,68,'主题的音乐很好听，但可能是距离现在太久了，不太符合现在人的审美，感觉还好吧。','adeec0a6fba7d279c1ddcb0c963d147b'),(340,68,'剧里的世界太美好太温暖了 所以不时拿出来感动一下 非常经典的音乐电影 值得五星','e03235b123a1a19eadc062b86ce90c54'),(341,69,'你给我翻译翻译，神马叫做TMD的惊喜！幽默、炫酷、西部片，自恋、隐喻、男性化，黑色、血腥、怪点子，卖腐、露点、性暗示，酒神、荒诞、神经错乱，草莽气息、英雄情结、革命浪漫主义外加一分的孤独。','8b7716f3db2e9e56f24a0841e378ed79'),(342,69,'《让子弹飞》，中国史上最牛逼商业娱乐大片儿，没有之一！再补充一句：一部被《新闻联播》主播痛斥的电影十有八九是一部好电影，这就好像如果一个中国人能成为被《新闻联播》点名痛斥的人，那他十有八九是要名垂青史的……','f4aabcfa97d41ea5809c4052411b6cf9'),(343,69,'打一星的，是不是太没存在感了？姜文用力再过猛，桥段再刻意，剪辑再糟糕，也没任何理由只给《让子弹飞》一星。当然不能指望姜文克制，更不能指望姜文隐喻出现代中国的明晰道路，但是横向对比，给这样的中国电影打一星？这逼装得太恶心。另外这其实不是电影，这只是个舞台剧。三星了，别NM顶了。','5dc75c674fb5575a96de3e30c9cf8d4a'),(344,69,'牛着逼！','fa388cf30ab8a45cdf17545a762d7a93'),(345,69,'如果说电影是个男人，冯小刚不中看，张艺谋中看不给力，陈凯歌早泄，姜文纯爷们！','757f49f4cb6bf3f5d710c9e8603fd01f'),(346,70,'慕名观看，发现其实是部长镜头与手持镜头教学片，本来以为会是一部极具深度的绝佳剧情片，结果发现更像个爆米花片，战争场面占了1小时，看得我头疼。煽情部分不仅没能让我感动反而觉得啰嗦。你们都被感动的落泪，像老纸这种看2012都能哭的却连眼眶都没湿。只觉得汉克斯台词功力很赞。失望。','3dead4394aeca0440bc4ebe8bc98da6b'),(347,70,'为什么看中国战争片就感觉high得不行真想打一仗，看外国战争片就觉得战争真可怕和平多好啊。。。。再不在吃饭的时候看战争片了，太胸闷了。','06f845a6c83744edb0766f9611b9a336'),(348,70,'真正意义的大导大片，开场的抢滩和结尾的瑞梅尔血战机位控制臻入神技，牛逼的主次特写像一位幸存的二战联盟老兵啐着唾沫在回忆戎马。瑞梅尔的残破桥头，米勒上尉的身后是无尽残阳，他的面前是这个略显荒谬任务的完结，他的面前也是詹姆斯瑞恩的明天。','6f77a87fe23fe92e9e028285d3ae90be'),(349,70,'找斯皮尔伯格拍，肯定没错，非常正统的美国片','98a328c1ac24485401f87ad73795cdc2'),(350,70,'其实电影非常的棒，但是道理和萤火虫之墓地一样．因为实在太真实，让人难受．看到一半就缩到了角落里，再也不想看下去．','3edf89c8acfef4857ffe6212f40a1f14'),(351,71,'跟媳妇一起看的。看到一半的时候说了句最毒妇人心，指的那个情妇。后来看完，我媳妇特别藐视我，说了句男人都不是个好东西后睡了~。。我一脸尴尬~。。。总之。。。这是个好电影。','07820b7f68e0c9d197ca2f0b3da2837b'),(352,71,'其实这种多重反转的电影很容易bug频出，但是这部完成度太高了，质感和小细节都相当漂亮。导演对后半程的解密把控地相当出色，直接让观感上升了一个level。西班牙的悬疑片总是给人惊喜。（猜到反转并不是多了不起的事，请不要在悬疑片短评区剧透好吗，靴靴。）','df2a69cebab3384012f068c66ba69433'),(353,71,'律师是假扮的这个梗其实倒是不难猜。不过这不是重点。重点在于“叙述”和“真相”的关系。在缺乏物证链条的基础上，男主的每一次叙述其实都是自洽且成立的，但或许也都不是真的。这一点才真的引人深思。我们所认定和掌握的真相，又有多少是被叙述掌控的呢？','1b5d3c431d1b0143718bd16971e1c25a'),(354,71,'西班牙人太热情了 在我们这房间里叫破喉咙都没人理的','aaeb10426228f74fadc0d151ce6133a1'),(355,71,'好看。另外建议豆瓣给「我看了七分钟就猜到结局」的观众准备彩蛋，他们是推动电影业进步的动力，值得满屏掉落大拇指。','05091d4cf8cc453d1858828cb5e4bff9'),(356,72,'太正点了，那妞。。。\\n','31a8a05e8ae0c22cf268974f3c061d84'),(357,72,'忘不了Uma Thurman和John Travolta的狐步舞','916853126aa94df7ea9e46899d5801a6'),(358,72,'低俗小说，故事的高级讲法~','44470100df87ccbee2ee5e41a1bafd5c'),(359,72,'剑走偏锋，成就鬼才','67956bd1a8f32dbf1a728acbf63be66e'),(360,72,'怎么会有人说这部电影不好？五年间我看了至少六七遍，它是这么好玩而且嚼劲十足，开心得让人觉得在读一本好小说，昆丁是个很赞的story teller，这不就够了吗。','a1a80855833f8edbf62f390642bbee5c'),(361,73,'所有的人都会死，但并不是每一个人都活的有意义。','d2d1339aab0eca32ba82a808c3a39f28'),(362,73,'那时候的史诗片拍的多好，90年代的大片就应该是这样的。','e3573fc3435b408703cd3062546a812f'),(363,73,'拖沓，剧情硬伤，一点没被感动到。还谈什么震撼，有的人真是太容易被震撼了。','23341dc84df1c8ebd142e0b830f8904c'),(364,73,'看了三遍，很好看。Freedom！！时间：2003','f409a48f712c406ebe36b09619a1ad8a'),(365,73,'梅尔吉布森自导自演，斩获奥斯卡多项大奖。这部影片从史实角度看完全不及格，但从史诗角度看绝对堪称经典。童年苦情经历、爱情、复仇、战争、背叛、受刑等英雄片的元素齐集，配以高潮迭起的剧情和悠扬的苏格兰风笛，让人即使知道剧情与史实不符，也禁不住流泪。（8.5/10）','12f5c225609b02f884bfd65f866946e1'),(366,74,'除了JohnnyDepp 还能有谁能有那样的眼神？','2b094c94366a8c7f115821556f9ee601'),(367,74,'Adward脆弱的眼神永远忘不掉','445b5fbe8ed22db12e2071273ddbfb72'),(368,74,'第一页显示出来的影评都挺恶心的。滥情。影评的悲哀是写成了剧情介绍','72d6dcb2e8337e030803a6db5d34ade1'),(369,74,'CCTV6，爱上爱德华。从此不改变。','b6fe0a40c93791f34d8f788074492802'),(370,74,'佩格居住的小镇是画笔般彩色的，这里的人们好奇热情也多疑。爱德华获得明星般的关注，也在人类的世界遭遇讨伐。金对于他，永远只能是剪刀下冰雕的女神像，无法拥抱，无法守护。完美的悲剧童话，如同后来每年的雪。 ','4014f15daad8f05dbe44a3af4def9ea3'),(371,75,'不偏袒的好片儿！一个进自己原来的宫殿还要买票的皇帝。','830e72c1f94c5e05f325bb2b8be08585'),(372,75,'有史以来一部最地道最出色的中国电影，居然，Made By Italian～','83e328a96d2215abb1759836412f2ec4'),(373,75,'我觉得对于一个外国人拍的中国人物传记来说，它最可贵的不是那些对比强烈的色彩和镜头，而是他的态度，他对这个人物的理解，他并没有评判什么但是他把故事默默地摆在那里，到结束，你会一时觉得心情复杂，而且更重要的一点是，电影里不仅仅塑造了溥仪一个角色，而是通过细节也讲述了围绕着他的一些人的沧桑，这对于一个外国人来说，我觉得异常珍贵。虽然还是有些次要人物显得有些脸谱化，呵呵。。。CC版本，3小时38分。。。','645ba635080a296e67bb3723cd681c03'),(374,75,'光影，音乐，及每一个具有寓意的表现手法都不用再多作笔墨褒赏，极惊讶导演对溥仪这个人的解读以至于成就这部电影所呈现的态度，把整个故事说完，尔后留观者独自在唏嘘。那个关于\"门\"的意象完全表现了溥仪近乎悲剧的一生，作为一个小孩，他却自幼被禁锢;作为一个皇帝，却沦为时代的牺牲品。','aa7ba295683ce81588bb8bab810cfdcc'),(375,75,'这不是你的错……这真的不是你的错。或许隔着银幕来看，溥仪的人生遭遇令人唏嘘，然而，比起前朝旧史的末代君王们，他这个退位皇帝已经算是得善终了。','77a3c781799287b751aa0371d7f0c7af'),(376,76,'正是因为米国没有卤煮火烧和烩羊杂，就连爆肚、溜肥肠，酱爆肝尖，火爆腰花什么的都没有，所以作为美食家的汉尼拔很尴尬，常常为了一份食材而绞尽脑汁，大费周章，其实。北京欢迎你，大可满足你顿顿吃卤煮的愿望。','663db7df001ade8a8285e3711d0a9d5b'),(377,76,'安东尼·霍普金斯的顶级表演~~','3b00f907ce0126bcd3722c01530a2a18'),(378,76,'面对阴险、深邃、睿智的眼神，面对善良、疑惑、稚嫩的眼神，我同时看到了一丝迷茫与矛盾，对人性理解上的茫然，对自己内心世界与离经叛道的行为的矛盾辩解，他们对自身性格的了解都是那么的缥缈，这也许就是两人吸引对方的共通点吧！ ','a564512645d6bf25a6c7c2ffe5f383f3'),(379,76,'手指触碰的镜头好美！','c4269944e1d51e8e89bc0d6d64b0c008'),(380,76,'喜歡那場變態者在鏡前的独舞，實話說這篇小說真是不怎么樣，但電影成就了奇跡。','370420472e8ef15ab1fb2f25ef995160'),(381,77,'这个猴子是我们国产动画片的骄傲，到了今天依然得指望着它说事儿～','28bc37da051cef6f3fbb13e136844c4a'),(382,77,'向中国早期的动画制作人员致敬！','2e851022882708c9c89997f4a9ab1f13'),(383,77,'一类风格的极致，一种手法的极限与其所能趋至的完美。','9d0f4637fcbd61874e113eb4fd51f1dd'),(384,77,'反抗，反抗，再反抗','849fa32a81f9c1e7e406c18193ac7dd9'),(385,77,'永远的经典','7be493f1dd9c89b074d68b35ac1e7b0a'),(386,78,'我们每个人，都会幻想能够改变过去使目前的状态更好些，或者希望过另一种生活成为另一个人，这部电影反映的就是这种想法以及假如我们真这样做的结果。埃文不停的改变过去的选择，希望能够找到一个完美的未来。可事与愿违，往往导致更加悲剧化的结尾。人类对自己的认识一度忘乎所以，以为自己就是上帝，而最终仍将认识到自然的种种限制，但正是这种限制，体现了生命的意义、抉择和努力的意义。当我们回首往事，自然会对以往的错误感...','e46ea82e6c3c5094654c930c408207de'),(387,78,'每一次的选择已经是最好的选择了。改变未必是优化。','eef605b0ad9b2465875b8a19d4e0451d'),(388,78,'尽管有破绽,但是构思的巧妙和创新足以弥补,不能用科学的角度来分析艺术','c808f58423d34635dda2fa00ffeaff9f'),(389,78,'最后《Stop Crying Your Heart Out》想起，悲伤总算找到了出口，那个擦肩而过也许就是最好的答案，但过去的现在的将来的依旧无法被改变，Oasis的这首歌太绝了！★★★★','ecdc691b0b8c5ede4bf779d89f9e7f1e'),(390,78,'剧情的细节设计过于完美，以至于反而是最基本的动机设计薄弱了些。我也很想像女主角最初质问男主角那样质问一下编剧：既然男主角真的这么爱女主角，爱到不惜勒死自己也要让她获得幸福的地步，那为什么他离开女主角七年，却甚至一个电话都没给她打过（而且似乎性生活也挺美满的）？','602c6f362c65e0b4d20de6129d5cfa18'),(391,79,'光棍节给自己准备的电影《春光乍泄》，根本就是找虐。。。。黎耀辉简直是八心八箭4个9的纯GAY，极品中的极品，GAY中的爱马仕，GAY中的劳力士，GAY中的劳斯莱斯，上下5000年不可多得的尤物！！！我想变男人要这样的男朋友啊啊啊啊','7a3db46f175fa4154c5a098be1f13b14'),(392,79,'梁朝伟加张国荣,简直是挡不住的诱惑.','a56c0bdfad71094db1d52e647d44bd45'),(393,79,'总是觉得，站在瀑布下的应该是两个人。','1b0af2bdf3b83b340aaa915e613f35e8'),(394,79,'不如我们重新开始，爱情纠缠，男女一致','6fde8c24644fdf3b3ae99dbbc8e99a57'),(395,79,'Happy Together，不如我们再从头来过。原来寂寞的时候，所有的人都一样。','516aee397da3fa0831b9ae74abf216d3'),(396,80,'对待死的敬意，犹如对待生的真诚。举重若轻。','dfad76c732992c21f87a7960488dfee6'),(397,80,'很想再继续看下去，很有味的电影','ed921cd21163ec616771d7a629d049f7'),(398,80,'温情美好着','8cd4b44f20ca1ef66d6941a83aa6e769'),(399,80,'奥斯卡最佳外语片，这应该是继黑泽明那部《徳苏乌扎拉》后日本又一次赢得此奖项。日本人总能抓住人类内心的那份感情，而且能用电影语言表达出来那种共鸣感，这次他们对于人生死亡的态度，深深地让世界为之感动，影片缓慢细腻，用最实在的真情打动了人类的灵魂。','f136e05ce2d84b6be1d0be4cf0a8b7b5'),(400,80,'入殓既是生者的最后道别，也是死者的洒脱上路。生死之间，皆是肃穆。','af33c3c691fabd8f1906868bb1da0de0'),(401,81,'经历没有埋没我的才华，却抹杀了我应有的自信，我被吓坏了，成长出一腔的狂妄自大，我赖以这种方式保护自己，终于等到一句：这不是我的错。','756f3fa370ec697fac0be6bc85b2ad69'),(402,81,'我每天到你家接你，我们出去喝酒笑闹，那很棒是我一天中最棒的时刻，只有十秒，从停车到你家门口，每次我敲门，都希望你不在了，不说再见，什么都没有，你就走了，我懂得不多，但我很清楚。 ','01c8194ff331e0ff2b1940c3f314bc6f'),(403,81,'人生中应该拥有这样的一段豁然开朗。','5bd98cfca0345db2b863029c9a09f1a4'),(404,81,'我每天到你家接你，我们出去喝酒笑闹，那很棒但我一天中最棒的时刻，只有十秒，从停车到你家门口，每次我敲门，都希望你不在了，不说再见，什么都没有，你就走了，我懂得不多，但我很清楚。','a4721c1b69aaeb506d3f4fa1842ed550'),(405,81,'这部电影让我明白了三件事：\\r\\n——什么是真正的爱情？\\r\\n——什么是真正的朋友？\\r\\n——成功，不在于你取得了什么，而在于寻找自我。\\r\\n（不过，不太像是范.桑特的电影风格）','4f084dcaa2b1fb90c200c41a30b56b4c'),(406,82,'一整个世界被打开了的感觉啊。','091611011f3f5a84c3baed59c46a8fa7'),(407,82,'作为HP系列的开篇，算是合格完成任务，对人物的交代都很清晰，在许多分裂的HP其他几部，这一部是最忠实表达魔法世界的异彩纷呈的，在交待情节的同时仍不忘学院里的幽灵，会动的画像和楼梯，这在后来几部都几乎没有了。','af1ccbd42e184a6451aa9ce373939a97'),(408,82,'还是觉得很幼稚,始终没有看进去~~','13627ca05774972bb575d6c73bfad66a'),(409,82,'我竟然還沒有在豆瓣添加哈利波特系列啊... 我怎麼當粉絲的我！第一部自然是最引人入勝的。','e271094edd52feb472a44a37612aee1e'),(410,82,'那时候是有多可爱啊，刚接触魔法的种种新鲜和刺激，比起后面的黑暗剧情以及丹尼尔越来越大叔的模样，真是怀念这里啊。','a5225bfccc3ee227861156145330666e'),(411,83,'伤心电影，好电影。结尾告诉我们，网友见面要早。','73f2a475737b81bc10196c3a25379803'),(412,83,'我们为什么需要3D？','f6f353a7e200d3db560a5726abfcad1d'),(413,83,'God gave us our relatives, thank god we can choose our friends.','e3ff0f033e6500978e8487474c96c7a5'),(414,83,'PS,娘的，我看哭了。PPS,推荐给所有的人看。PPPS,可以打十星吗？','62dcaf7a6fca221447304aa8f90752c7'),(415,83,'loser片。只是相比评价电影，现实中的人们会有如此多的宽容与同情？不可能嘛','b77ebb71d0e869b6390b503f7be36d01'),(416,84,'“我的故事总是发生在夏天。炎热的气候使人们裸露得更多，也更能掩饰心中的欲望。那时侯，好像永远是夏天，太阳总是有空出来伴随着我，阳光充足，太亮，使得眼前一阵阵发黑”——电影《阳光灿烂的日子》开场对白','ac6ff46ed6bb64f74db08a0abd8c036b'),(417,84,'为什么你们都那么牛B地看到了时代的悲剧，我却傻B的没看出什么来？','847a7d2e0ca116676dd318023a506848'),(418,84,'理想是用来毁灭的。一句傻逼，喊出青春最有力度的挽歌。','a2740baf50e43cd17ebd1e169a23eca6'),(419,84,'90年代最伟大的电影之一','7f35dc5f366d3d949b8564d57ee8e16f'),(420,84,'姜小军的自传式处女作，回避文革时代的是非混淆黑白颠倒，用丰富的艺术手段和荒诞的表现方式，消解权威、解构神圣，再现成长的喧哗与骚动，青春的梦幻与激情。明明是最坏的时代，却也是他们最好的时光，甩当下青春打胎片一个世纪。','3d17cc3577f551f4797ea74e9d1da5ff'),(421,85,'《布达佩斯大饭店》，配得上太多赞美的词汇，但是电影最后的十几分钟，我内心感到了一股深刻却难以名状的悲伤，想了好久，也想不明白是为什么。走出电影院，感觉就像做了一场梦一样，似乎历历在目，却又难以言说。','06c8c184095d7054be60dde06801ab6f'),(422,85,'非常好。像一杯温暖的热可可，做得如此甜蜜却又不轻佻，好多台词和段子都有所指涉，却又浑然天成，不像在掉书袋。片尾看到对茨威格的致敬，眼泪都掉下来了。自从好多年前看了Visconti的《豹》之后，这是第二部让我对“昨日的世界”充满向往的电影。','cc9bcf573f31f95acb6db5d5f8e74e18'),(423,85,'四重讲述空间，层层递进，宛如俄罗斯套娃。依次揭开，掏出一个如万花筒斑斓的昨日世界: 单线故事情节串起性格迥异的众多出场人物。场景切换如同梦境接力。现实与虚幻交织，严肃与荒诞同存，甜美和苦涩共生。整体观感相当有趣又十分充实。最后必须咆哮一句，满屏的演技帝甜得简直人神共愤！','b393535724209a96f72d0e98cffc7f06'),(424,85,'依然还是韦斯-安德森标志性的复古色调、悦耳配乐，神经兮兮的冷幽默。不像前作那么随意松散，《大饭店》故事紧凑、层层剥茧，而且居然有点“重口味”。也许只有韦斯-安德森才能把一个混合谋杀、越狱、械斗的故事拍得那么喜感。','fc1583cbb61645fcf5daadb4ffacf3fe'),(425,85,'刺激的色彩，独特的人物，湍急的镜头运动起飞的节奏，停不下来的爽与赞。对于这样的导演，不论多么细微的角色，演员都会愿意接受，因为最细微的角色，也有足够的个性，让观众记住。','13190a643fe43d5d82e40e91d16cfb83'),(426,86,'我打4.5星，不能得5星的原因是，电影有些长…… 故事很好，每个转折点都很清晰，故事就像《本能》一样，到最后一分钟揭晓大结局给人惊喜。说不好看的同学，大概没有注意结尾。因为谜题的揭晓，是在影片结尾莱昂纳多说的一句话里。','e5aedf105d26b0833d739efaeb1059ff'),(427,86,'他只是厌倦了，所以将错就错，结束了自己。','d71cf14a63ff23583fbedb2c54a832ed'),(428,86,'这片子一开始就剧透了，Teddy的船舱里那些手铐锁链分明就表明这艘船是押运重暴力倾向精神病人的','aca230bc9e379d3cfebb004d0d97d125'),(429,86,'高中的时候曾和同桌讨论过。如果全班一齐撒一个谎可不可以把班主任搞到精分。','dfe70d7afb8b00e56489036f81a5c005'),(430,86,'这片子整体来说还是很不错的，但可能是大导演大演员的原因，所以争议比较多，自然会有部分人持有不好的评价，但若是普通导演的作品，那评价一定不错。总体来说，片子还是很棒的，leo的演技也是亮点。','fb63969e7161075fd2915319b97b30a0'),(431,87,'事实证明，聪明的头脑永远可以赚钱。','41a21dec25113aa3b48b1083babcff01'),(432,87,'骗子的生活是孤独的，因为你不可能对其他任何人说真心话。','404da17fb06ca9b3e98c2549cdb0203a'),(433,87,'这结局还真是没想到！绝不浪费一个人才！疏忽+牛B this is all','2bf158a821378d13ef85b7991aaaa05e'),(434,87,'诚实的人最自信，所以——我会尽量让自己不那么害怕。精彩绝伦的猫鼠游戏，现实比电影还牛叉闪闪，斯皮尔伯格真是拍传记片的天才！','388ab670038c123f6561503b718a3311'),(435,87,'骗子的生活是孤独的，因为你不可能对其他任何人说真心话','36738548f1467d11d0b601ea4e3ba76e'),(436,88,'宫崎骏的巅峰之作','5b6af6d0d867bf917c6cd6ac21c84c5d'),(437,88,'宫骑骏就是个生态环保大师啊。','e964e6597abf257dae477ac6db32c5a3'),(438,88,'探讨过“反战”之后，宫崎骏把主题直刺人类的心脏——“人与自然的关系”。尽管宫崎骏自己也没有答案，但年纪已高的他忍着伤痛完成了这部触及人类内心深处的伟大史诗动画。加上久石让画龙点睛的配乐，使全片充满了浓郁的古日本风情，奏出了苍凉广阔、荡气回肠的效果。震撼又震惊！宫崎骏最优之作','35fdbc634b2ea563465acd40f1b80d4b'),(439,88,'大家来保护环境吧……','513ce244434e449cd9e9e6ffc803c71b'),(440,88,'宫崎骏最好的作品，在内涵的深刻性、复杂性及广度上都超越《千与千寻》。久石让的交响乐恢弘苍凉，宛如天籁。片中角色都不是善恶分明的脸谱化形象。血肉横飞的黑暗场景与单纯可爱的小精灵形成鲜明对比。关于仇恨与宽恕，关于无尽的冲突，关于人与自然循环往复的角力，没有出路也要活下去。（9.5/10）','2bdff23c814251382d92800867600bc7'),(441,89,'看到最后眼泪哗哗。。的惊悚片。。。','21a419734377ef48af4ba8784995889a'),(442,89,'还好我没知道结局就看了。','d176a62950594db5258de843f9ebc029'),(443,89,'又是一部以结局见长的电影','320ddbdfe01a136ce73579b89a5d317e'),(444,89,'最意外的结局，只有电影能够很好地表达。其中较恐怖的镜头大概是床下看到鬼娃...最悲的画面是布鲁斯威利斯发现自己背上都是血，原来是只看到了自己想看到的，在无意中反而帮助了那个有鬼眼的孩子。个人觉得比《小岛惊魂》要好，但是那是基德曼演的，也有加分了。算一个类型吧','6e5969edda47514105dba8bf21e215c6'),(445,89,'...可惜已经看过《小岛惊魂》了...太早猜到了结局...而且漏洞多啊~','54bbdda31a3bc64e6e05e752a736a072'),(446,90,'喜欢王菲那段.','ff66e7384d8cb931872875f572039297'),(447,90,'最喜欢的一部王家卫片子。喜欢王菲的那种“我爱你与你无关”的单纯，喜欢她把唱碟机开到最大，摇头晃脑地听着mamas&papas的《california dreaming》的样子~~','5027bb266bf8e65a3bac1aaca7b866d3'),(448,90,'重新看了一遍重庆森林。想知道金城武为什么可以连吃三十罐凤梨罐头加四份厨师沙拉薯条汉堡而不胖。因为早上六点起床跑步吗？','047ba222f2492c72cb410fe8451e36a6'),(449,90,'两个故事，似乎梁朝伟的故事更是我的菜。原来爱情还可以这样——梦游。无论是633的家里，还是“加州”，都是相同的地点，不同的时间。空间的距离，最终却都会重逢。“她走了之后，家里很多东西都很伤心，每天晚上，我都要安慰它们才能睡觉”——瘦了的肥皂、哭着滴水的毛巾、寂寞的衬衫','304ee54011a1ed892ffb9abd53864145'),(450,90,'重看了王菲－梁朝伟演的后半段，瘫倒了，太美好太美好！墨镜把爱情中与身体、力比多、占有无关的非物质性的那部分浪漫化到了极致！错位，颠倒，迷失，梦幻，不可触及，这大概即是爱情最动人的特质，也是香港这座城市最吸引人的特质。','8668b1fea9ba59bbfb111a8539bdd91e'),(451,91,'1.萝莉由爱生怨的报复手段又狠又蠢 2.孩子最可怕就在于明明无知，却会本能地以纯真作为武器，让他人深信不疑 3.人们习惯于自以为是，站在弱者角度分发所谓的正义和怜悯心，本身就是一种不公 4.信任和声誉一样，一旦破坏就无法修复 5.你永远活在他人的目光里，而世界本就有太多恶意~结局很现实，好片','cf487d26ddd155382d9bf7d02e5dc055'),(452,91,'极度深寒。很难不联想到韩寒事件、杰克逊娈童案、及阿瑟米勒剧本的<妒焰飞灰>。孩童之恶源于无知。成人之恶却发乎偏见、道听盲从、各种嗜血癖嗜尸癖嗜黑癖，对恶的无反思、不推己、不自知。诬名者往往善假正义之帜，无不高举道德刑具。泼粪杀人的最大恐惧是谁也无法预知，这冤假错何时会降临自己头上。','75aae6c260207e1742373c7d870dea77'),(453,91,'天真无邪才是最大的邪，童言无忌才是最大的忌，天使有时候才是恶魔。能说出口的委屈都不叫委屈，最大的委屈是承受不白之冤还百口莫辩。','9b1da80e2206dc74a935478e3b9d7446'),(454,91,'前半部分悬念铺设出色，后半部分情绪掌控直击人心，点睛之笔的结局让人想起《家宴》。尽管是已经被讲过无数遍的故事，但温特伯格仍然能一步步将你带入其中，所有角色的心理和行为都是如此真实可信，也因此更感可怕，观影体验如身临其境般痛苦难熬，堪称一大虐片。麦德斯的表演依然上乘。','7b81ab7ee94a5eba50944f55ebddffc7'),(455,91,'如果你有个上幼儿园的孩子，就会明白，大多数情况下，通过诱导的方式，成人都能从孩子的口中得到他们想要得到的信息，所以，关键问题是大人们想得到什么，而不是孩子说了什么','82983d75b7b90358e4824674a821561c'),(456,92,'在简短评论里剧透的人去死','aeeda4bfb27cb66fe232d85329750a0f'),(457,92,'其实创意还是有点意思的，就是拍的太俗了','443fe76581c90bceb141980265372211'),(458,92,'吓得我都要人格分裂了！！！以后打死都不要再看恐怖烧脑片！！！！！','f85cc6dbbe64d6b1dac64266d9b6adb2'),(459,92,'没办法不打五星啊，虽然不到一半就猜到了结局。','9327cb874ed923d0520eb7febf0ed587'),(460,92,'本以为是娱乐片，却是一部精彩的悬疑片，和《记忆碎片》一样，不到结尾不见真相。前段或许有些老套，但进行到中段的解谜阶段就很紧张了，后面的真相揭开后，又将剧情推向一个让人瞠目结舌的高潮，难得的是在结尾，居然再次给了观众心灵一记刺痛。善与恶，原本就是一体的。 PS:1.以罪犯幻想之情节名义给剧本许多地方逻辑推理不足找到了借口2.Mhotel又有何寓意呢3.对影片营造的黑夜，阴冷，潮湿氛围很中意last....','74009d3b361bb02a83c7b052284c5b50'),(461,93,'老公哭的稀里哗啦，我怀疑他有隐情，所以我都没看进去……','75e3e4401ec49548be65a0ee3b84ffc8'),(462,93,'【剧透】你有一个挚爱你的人，但我不敢说你也挚爱着他，因为你有太多的怯懦。我当然知道你爱他，你哭着对那两件衬衣发誓，让我也跟着掉泪。只不过我还是会想：或许你更爱你自己。他死了，再也不能爱你了，你后悔了吗？','ab8eb36868d8317968494efce20f6231'),(463,93,'如果一生不能和最爱的人渡过，那贫富喜怒又有什么区别，责任信仰又有什么意义。','6f391545d04260cfa14654acc214fb90'),(464,93,'乐是一大亮点。Gustavo.Santaolallan扎实的技术功底和开阔的音乐眼界用最简约的拨弦即勾勒出怀俄明州广漠的草原景色，铺展出朴实隽永的意象。识了山间的寂寞废墟的晕眩，帐下的寒冷。这世上原没有禁忌，和不能解释的事。你没有获得切身的感受，也就没有体恤。生命是极滑稽的，因为它那样地贴近死。','f0195f415710d6a56bb1cc64cb7a7148'),(465,93,'深邃的大山和静谧的流水，一段如歌的爱情与疼痛的秘密。','58cdfde3aa00e0291611e8e723dac1b4'),(466,94,'无论你之前是什么样的人，在穿上这件条纹睡衣之后，都会变成一样的人。这部电影主题深得我心啊，故事讲得也不错，镜头运用，结局处理都很出色，特别是结尾处那个长达数秒的长镜头发人深省。','c38402479f8e32c3f0424bfaa084b7ef'),(467,94,'这大概是对纳粹反犹最狠毒的嘲讽了吧，通过欺骗，杀害的不仅是“敌人”，还有自己的孩子。','55342ce85346b0222bd358ca237f7730'),(468,94,'纳粹制服真是帅啊~','a3ee809f7cede0b7f250cc1832f8c712'),(469,94,'每一个\"纳粹\"的孩子, 上辈子都是折翼的天使','cef9d83a499827f8d09c8383d4866cba'),(470,94,'我一直以为会有传统电影中“最后一分钟营救”的那种结局，我一直理所当然地认为主角不死的光环会在这个男孩的身上，以至于看到最后一幕后我很久都没法接受。说到底这是一部纳粹电影。','85e7e10f99b06df6177df24f504abad2'),(471,95,'孪生姐妹不是连体，巨人没有那么高，他妈妈在葬礼上穿的是大红的外套','b706c20281ba62f9f92467ad04539b9b'),(472,95,'在这世界上，只有在你所爱的人之外，才需要辨别所谓真假。生活中的事，有种种说法。所谓真相，可能是最令人乏味最让人难以接受的。而在生活外表涂上彩虹颜色的人，他们值得尊重和信赖，因为他们的爱。','9aa0a0b7742696a0ed4a144f7987a033'),(473,95,'感觉挺好，只是不大明白','70bca1d922a540709d5652d98094c1a7'),(474,95,'似幻似真，此时没有真实或者不真实，只有你愿不愿意相信。','d8a91fcf688fae21e340839a84231b08'),(475,95,'为什么所有深深打我的电影，都如此孤独','691a555775870f5c9049450def3bf3d2'),(476,96,'这次重温的感想主要是：准将（伊丽莎白的未婚夫）是个好人。超级大好人。（泪）','3b230b3dfde7b3be558af249e1903f3a'),(477,96,'男二号太帅了','3a3b0083da5d19a33b984406962b374c'),(478,96,'所以海盗不只是有凶神恶煞那类的，还有阴柔如德普型，角色凌驾于故事就是这片了。','3de9a63fcbc733bcb81741f39e7b1da9'),(479,96,'杰克船长你肿么了，整天扭来扭去的……故事线还是弱了点，这片子在家看碟纯属浪费。','85239badb1b879647631cda2dd8929fa'),(480,96,'看第一部的时候感觉有点惊艳到我了，后面的续集越来越闹腾','a6c32069138eb85e6fb28a50678a006c'),(481,97,'都是你爸害的（《松子》），都是你妈逼的（《告白》），中岛哲也太喜欢成长阴影了吧……','534bb06a93719f8ccbf9f056f3dff902'),(482,97,'等本片有下载的时候一定会有不少恶评，与以往的中岛哲也完全不同，大量的特写与高速慢镜的运用，全片好似分段式MV，情节上各种意识流似的拼贴。导演视乎在还原一种心理动作。谈不上非常喜欢，但却仍想赞一下。','ea162147f4568a67d59da27dea627b4a'),(483,97,'这片告诉我们，正太与萝莉都是斗不过御姐的……','e7a9db9fc190b9f09c374cba72436612'),(484,97,'有三个理由给五星。其一，短评前几页充斥着“你丫要是打五星就是十足的傻逼弱智加白痴”，没错白痴总是是很多的，不介意加我一个；其二，没看过原著，没资格对其差异说三道四，但片子的流畅有足够的理由吸引我满106分钟；其三，中岛哲也一次不同以往的尝试，华丽的中岛很好看，阴暗的一样精彩。','43a8fc7639ab91ad23f00d5e78da40ca'),(485,97,'非常喜欢配乐和故事内容\\n\\n真实和娱乐的美丽融合，好久没看到过如此接近艺术的电影了。\\n\\n突然想起2年前的现在秋叶原发生的无差别杀人事件，但愿这部电影能给这个连生命的可贵都渐渐被淡忘的社会带来一次重新回忆，体会和理解它的机会吧！\\n','8504c5263da4ad657922d94ecace8fd7'),(486,98,'年轻的人无法解读的一种电影','7fea2ffd572eb0d484670223f8facff5'),(487,98,'这就是传说中那种我一分钟暂停三次花三四天才能看完的那种无聊电影。','74b8bb09ec89d93618c36c5eeb66244a'),(488,98,'如果电影都是过生活，那我们就过生活就好了','6e6da295b5259ed9ded4f3c3c0a37109'),(489,98,'用三小时去看懂人生，看不懂，活下去就会懂','442c9c48da3ac59a79b7a698308ff0aa'),(490,98,'你说婚姻是个什么东西呢，这种相濡以沫带来的就是相对无言，那我们到底应该找一个爱的人一起，吵架，吵到精疲力尽声嘶力竭，一起尝尽人生百态的呢？还是应该找个差不多的人，平平淡淡，看似完满，因为不曾激烈相爱，所以无从争吵。那么，NJ，你幸福么。\\r\\n我本以为我看懂了，想来最后还是没有\\r\\n','792edd82a2431355af8ad1cd09ad234b'),(491,99,'其实是曾志伟的角色最令我动容。','cdbe0426eb95622db4173ee62edb7ff5'),(492,99,'你们看到了爱情，我看到了背叛。','0267ed765e01fa37f727d64d1f02de7e'),(493,99,'曾经的香港电影多么令人激动与感动。','4dc034a7aad3475500277fea254fb2e8'),(494,99,'这么多人都看哭了么。。。我就在张曼玉低头碰到喇叭那块儿眼红了下。。。这俩人的缘分太让人嫉妒了','785cc9b5aa9da00fb3323a0761edccda'),(495,99,'导演在说自己的故事，我们却甘愿见到了自己的影子。','111d1d6b176b475b5c64ba8009710d35'),(496,100,'有一天,意中人会踏着飞着的大怪兽来救我.然后I see you...','213d0ad15429132a82e92b6313c35891'),(497,100,' James Cameron闭上眼，全是电影的明天。','0971869b12d20840845410f6e0304152'),(498,100,'已经不是在看电影了，是在比谁Wow的次数多，眨眼次数少。','d42cc8291a86620d0d2eed5a588481a9'),(499,100,'阿凡达同时也揭示了女人的悲惨命运，主角与他的空中坐骑即是说明这个问题：选择她，她挣扎，插入她，她被俘获，甘心被他骑一辈子，众叛亲离之时，只有她在身边，魅影出现以后，她消失无踪，他再也没有寻找与过问。','844af8ebc404b20081a0dff8dce84725'),(500,100,'所有3D片给我的感受都是一个样：戴两副眼镜真累，剧情真EASY，随随便便就完了。','f7ff9e69ad31c3dab819d1551251f87b'),(501,101,'张学友让梁朝伟杀他那段，笑翻了','3eb47b9e4e7610f960bd9fcb91b9c3a5'),(502,101,'这样的parody电影，如今已经不可得.......梁家辉叫人吐血那场唱段戏，竟是众人乐得不支之下张哥哥一手编词、导演的，10几年后我才知情......','df8f011873e6135181a9b02983ed457d'),(503,101,'香港缺心眼儿喜剧之最，看100次笑100次～','65746338a3b581fd396150071235137b'),(504,101,'从来不曾想起，永远不会忘记。','98f90194a3aee0ae2989cd845d928c14'),(505,101,'“给我来两根烤香肠”“你不是正在吃吗”“我打包带走不行呀！”哈','56554fe85173b22b1d24ac79dfaaf1cc'),(506,102,'靠，看了才知道，星爷有那么多东西是从这里学来的。','4cbd439d88b931ccee72e1d7b846a0eb'),(507,102,'有些电影永远都有一个别名叫做——经典~~','1e129e89654990c7074610ccdd65e5ae'),(508,102,'开头工厂那段真是创意十足，后面就弱了点了','95b93edde7f196f7e613c7adf41fe976'),(509,102,'永远的卓别林','4a00be176938bfc9d896d54eb7ae4aa4'),(510,102,'大时代里的小人物，可悲可叹可怜。夸张的表演，展现那个时代中苦不堪言的资本主义国家的底层阶段，从笑声中看到当时社会现实，结局时主角相依微笑走向远方却又给观众留下希望。无论是表演力还是影片所传达的思想均足以让百年后的今天羞愧','7bcbf7cdc994e2b26b481ba30994ab8b'),(511,103,'早知解散后各自有际遇作导游，奇就奇在接受了各自有路走，却没人像你让我眼泪背着流，严重似情侣讲分手','05a34f71fdf866de055d52456c9c1273'),(512,103,'一起哭，一起笑，一起疯，一起闹，一起尽情折腾我们的人生，即使老去也有最美最好的青春可以一起祭奠。','7bc614bc37c00e3d586f13fb34e461c2'),(513,103,'同是姐妹片，比《伴娘团》牛逼多了。大有中学不良少女团体史诗片气概','09355133d3723716c6025f0cac70ae8d'),(514,103,'泪水和欢笑可以同时绽放。2011最爱韩国电影。无悔的青春就是和你们一起范2傻笑打闹。我们是永远的好朋友好姐妹。','4cbc311e21944ebcffa577504a8580ae'),(515,103,'最后遗产部分使得这片子一下子变成了童话故事，个人觉得其实完全可以不要这段直接跳到舞蹈部分，好在遗嘱写得还算有趣（老大的语气啊什么的）。阿姨们最后的舞跳得真棒！完全是姑娘时的模样，却也有了岁月洗练的姿态。年少时一起消磨时光的伙伴如果都能有这样再次遇见的机会，那该有多好啊。','f4f1b5fe6e120f1e76b8f8644d2ae1bc'),(516,104,'脸盲症发作，愣是20分钟才把人脸分清。','a88f894d06993e87ea14b2846a0184fb'),(517,104,'可是我们的困难无关紧要，在里约热内卢的风景明信片上，是不可能看到我们的','b321155cad62b74f21719a37e9462155'),(518,104,'离暴力最近的人，离天堂最近。','e00645bdf8095cde09e47ab8e6810d0b'),(519,104,'冗长,杂乱','2adf4e9f3846053db882899fbdb875ff'),(520,104,'黑道和小弟什么的，让我联想到了港片，如果十分制的话，我愿意给片子十分满分，虽然我并不喜欢它，但我实在无法否认电影本身的确是非常之精彩……几乎无懈可击。','76366e28effe567c40d702131ad40174'),(521,105,'全是对白的100分钟，能让你一点都不觉得沉闷，还泛起很多心思。当然是好片啦。','16f7cc300b75bf0b50c66384032965a5'),(522,105,'一天的时限和异地两个因素得以让两人更无保留的展示和欣赏彼此的优点，而忽视彼此的缺点。才会有这么一场新鲜的，完全付出的浪漫故事。','407b6075653cbf7d11c3a1c3d478778a'),(523,105,'难得几乎全部是对白的影片让人看的这么过瘾！','e5551dc3854764bde837811496aa2872'),(524,105,'那个诗人让我印象深刻。','611c78e01885fc6b360cebf2bc42405a'),(525,105,'当年抱着打不开字幕的盗版碟一句一句听写下来台词，一遍一遍读得爱不释手以至烂熟于心，然后我裸考雅思就7分了。。。','c0e097f5ff59d8f96b665db737922b8e'),(526,106,'后半段我一直期待有更惊喜的东西，可惜没有。','616d94bbd5c1a29392fcf66b02e718e0'),(527,106,'原著就是个三流小说，搬上银幕也毫无加分。婚姻的牛逼之处在杀人于无形，如《革命之路》，相比之下，真的动刀动枪反而低级。','801bc39f7903327fdb0e5894595d28d5'),(528,106,'这片无敌了。故事太尼玛牛了。人物状态看得我蛋都疼了。芬奇就是我的神！','1b1b3b02515dcedf636de10e73c3f165'),(529,106,'以为结局会改，但只是比小说延续了一些情节，但本质上还是那种生活。全片越看越浑身发冷，女主角的表现确实是奔着小金人去的，但若不是为了冲击奥斯卡，这片本该是情人节的最佳献礼。','4a168e56cb42d520dd745bbc26ad595e'),(530,106,'大姐让你演Elisabeth她大姐那种无脑美女真是委屈你了……因为你根本就不美也不无脑啊！！这种反社会死变态才是你嘛！！Ben affleck你这么面瘫还真是为演蝙蝠侠做准备吗……','1de0dd346f887bbc96e93003b69dca1b'),(531,107,'喜歡《夢幻街少女》的男孩值得託付終生。','9e55fff3bddcf5d57d359c904855bbd6'),(532,107,'近藤喜文的初啼与绝唱。像我这样的水准到处都是，这句台词当时是不是很流行呢。是否对《情书》有过影响呢。Country Road。','d7793477659ea647cd6d929bbf20a962'),(533,107,'青涩的感觉，美好的青春','7c5504e9e9cc032175fd0b8a247737dd'),(534,107,'侧耳倾听,怀念借书卡\\r\\n','ed663797913d54c3c7050ed2694c31f3'),(535,107,'看的是英文配音版。如果年轻个10岁看到这片我一定爱得痛不欲生。勾起无数回忆的90年代，初恋情怀总是诗。','5fcadd229403183603ecb8c25a948bf7'),(536,108,'相当和谐的主题和世界观，经济与环境的矛盾、保护与破坏的冲突，人类将会走向什么未来？世界末日来临之前，大自然的绿色仍旧在为地球付出，为人类服务。当娜乌西卡公主在黄金色的草原上时，我感动死了...久石让的配乐部部很赞。','f96e95ac8e756558f157b46d417e038c'),(537,108,'宫崎骏的起点如此之高。略有烂尾之嫌，世界观、画风、情节都很赞。可以看看其中的运动镜头，尤其是对飞行的表现。这个主题之前手冢治虫讨论过。另外久石让的配乐怎么听得那么耳熟，这一部好像《花火》……','ab45a91bc41468c2b5e7b35b57d67756'),(538,108,'宫崎骏最爱。动画片的圣经','5d13a8d0825135453548a15083ea308e'),(539,108,'年纪越大，越容易对真善美消化不良','69bd7e49ee6b29601e31e602caed23f0'),(540,108,'宫崎骏镜头下的美都是最自然、原始、野性的。设定大胆，配乐大气，可惜影院放的是英文吹替版= =。。。【豆瓣的大家！为什么都在讨论娜乌西卡有没有穿内裤呢！。。。','841ba1b331b1ccde2de933a625ab9309'),(541,109,'如镜子一样的台词','69288cec572f03ee102d9f2e1d7241fc'),(542,109,'好的不得了的对白','1392e5a2a8d37932886ed100f41e1f2b'),(543,109,'这是我看过的关于男女相遇相爱最美好又最清醒的电影。','709a0f9e77d65a30d72786904a07e744'),(544,109,'最后的结尾，杰西坐在沙发上似笑非笑的看着塞林，他一定在想，这个女人太他妈可爱，可爱的想立即上了她，再娶她。','d23d43d3d5bdc55c606d8a1f5f714503'),(545,109,'哪浪漫了。哪浪漫了。我老了。我老了。我老了。','71135f807cd1474dbc9efa72eac68717'),(546,110,'少年时，我们都自私无知，夸张那些伤痛来当作放纵的借口。只知依赖不知自救，只知索取不知珍惜。打架，滥交，还自以为是看透了生命，绝望的很酷，其实肤浅的令人发指。孩子，什么时候你开始沉默的承受加诸你身上的重量，尊重它并与它和平相处，你才真的能称为一个大写的人。','3d47ee58b1b44f3d9ae6f1fc943972d1'),(547,110,'这是一部不推荐看的好电影。没病的都要看出病的。好的作品分两种，一是发现世界的极美，二是挖掘人间的极苦。这部就是后者。','5102eaad802fe34a86b8de0db8e5a563'),(548,110,'“我的灵魂与我之间的距离如此遥远，而我的存在却如此真实。”——加缪','4d9bc5fe70e4722fecb3312f70edb5e1'),(549,110,'托尼·凯耶这么多年了，拍片仍然是一副死不回头的独立范儿，各种伪记实、访谈与剧情相结合以拉近观众的距离。整部影片始终弥散着一股伤感、落魄的情绪。很多男人都想在大街上拯救一个雏妓吧。布罗迪的表演很加分。','ab109503d53064cfc4341563fbba6ffd'),(550,110,'AB沉默多年，终于重新发威给出有超越《钢琴家》势头的影帝级表演。加上Tony Keye以擅长的纪录片手法给观众挖了一个美国教育灰色地带的大坑，题材不新但叙述角度和震撼力足够击穿经历过类似长短不一的时期的我们的心脏。','484f33deaa47e81a458adf6935e234ed'),(551,111,'王祖贤太太美了，哥哥风华绝代。','4faad3c7e57a1b2e96c5e0314047f745'),(552,111,'小贤之眉宇，没有再漂亮的','3d34df5e3de760a50ed136acdecfa21f'),(553,111,'刚刚看完。电影一开始，旁边的一个女生就哭了。','b61044c8bc65ec36ce78411be48cb4b4'),(554,111,'真美【A Chinese Ghost Story，英文名字真没美感】\\r\\n','b6334455aa7df8a6b3f91db59991e06b'),(555,111,'好吧，经典，音乐经典，片段经典，造型经典，神马都经典，就是那个粘糊糊长兮兮的大舌头太恶心了，吃完饭看的(#‵′)','18101af526b319e8e76af16bb3aa0e56'),(556,112,'黑政府剧情紧凑犀利，宇宙国会看天朝笑而不语：我们敢抄袭你们 你们敢反抄袭么。','ea414976ba5547aab6ab88479b6a7009'),(557,112,'韩国电影中一直有一种东西，合适的时候叫『热血』，过量了就是『狗血』。但从来没见过不足的时候是什么样子。','c084a6e20576da3ad6c46a50a65691da'),(558,112,'河正宇的个人秀，他一个人撑起了这部低成本封闭空间，对媒体政客等各种讽刺黑出翔','557ed90815137acf4adbed88bc810b35'),(559,112,'今年最好的韩国电影出现了，《恐怖直播》恐怖直播，绝对五星。韩国人再次一人之力对抗政府，在几十平方的演播室内，闪展腾挪，河正宇一个人撑起一部戏，身临其境的现场感宛如911直播，悬念绷紧紧张到手心捏汗。韩国电影人用小成本好故事，再次告诉我们故事为王，其余是浮云，好莱坞快去买改编权吧！','e6ee9842f6069a3622dca88aaea62084'),(560,112,'奶娘的，看得老娘热血贲张！！！让你们道个歉怎么就这么难！！！尤其是广播局长说完“刚刚收视率达到了78%，收工后一起喝个酒吧。”然后转身就走的画面，真的想一棒子敲死丫的！！人命如草芥，这电影就是说的天朝啊！！','c89908a915abf8d0c6604190a18d6367'),(561,113,'烤面包，做酸米酒，做伍斯特酱油，做胡颓子果酱，巧克力榛子酱，雨久花凉菜，烤红点鲑鱼，红点鲑鱼汤，西红柿拌面，炒通草果皮，核桃饭，糖煮板栗，烤地瓜干，烤鸭子，煨炖胡萝卜，嫩炒菠菜……全是大自然的馈赠，也全是自己辛勤劳作的回报！','4a52c562c3d4a3e3128f81ab79d8e2bc'),(562,113,'看着看着，突然觉得好难过....','6a982e6d8aa421059b63deb726fc9376'),(563,113,'其实第一次看的时候感觉是完全迎合现在年轻人流行而且很装，但是看完又闷又没有高潮的这样一部电影后，反而会一直在睡觉前想再翻翻，我喜欢这种可以不断重复看的电影。可能是潜意识的对电影的这种生活状态有些羡慕，也可能是因为人累的时候就很想回归这种最基本的需求和生活状态','ca6e373de96285a14aaa052fbbcd1f00'),(564,113,'劳作令人无暇烦恼，片中的人物时而离凡世很远，时而又触手可及。我们有舌尖上的中国，通篇累述奉献、感恩，手艺传承和文化气节，却没人教导我们劳作本身的意义。一屋一田一人食，已是最令人羡慕的事。','fe73d2536aaef5e205ea27a3adb2a44f'),(565,113,'会自己动手做四时农活的回乡，才是真回乡。不过日本乡下的生活条件，又要远远便利于我国啊。','0052125194f9207642d74f293e3bce5f'),(566,114,'张柏芝的演技和她的美同样不会让人怀疑!','411822a2dfc652f0d7426c7bf2f6974c'),(567,114,'周星星电影中最喜欢的一部','cfc94cdb9425211b2379cad842db0506'),(568,114,'星爷最好的三部电影之一。','17d06d08d9a32ae0d6fcca1a9302178d'),(569,114,'“我是一个演员”，我最爱的周星驰作品，笑得流泪','fb73820b1f35af48c2a3115ec94404e6'),(570,114,'失望！太想真诚，倒显得做作了','51ba6ef1fe9810b08e1fb5368621fdc3'),(571,115,'看这片的时候一直在怀疑自己的智商，不敢松懈半点，生怕脑力不够用。看罢更一直觉得身在梦中，久久醒不过来，今敏脑子里都在想些什么。。这片牛逼到可怕，高级到渗人，精彩到傻眼，色彩和配乐也是满分。甩开诺兰的盗梦何止十条街。谎言与真实，梦境与现实，其实一直在并存。我想给10星。','b784210797751783d2ee00d3273b60c1'),(572,115,'好多场景跟《盗梦空间》好像啊~巧合么？。。。','179bc91b41890b7fd0ad0c2a9a0ae212'),(573,115,'相对于深远的梦境来说，科学可能不过是一堆垃圾而已。','7f02d3f9c7f4320e98b2ca36d3275b68'),(574,115,'每一场重刷都有新发现。','34612407fbd6b1e55ea7d4ba0d1245a4'),(575,115,'“相对于深远的梦境来说，科学可能不过是一堆垃圾而已。” ','0793422bff6b685b4b09396bf26a2490'),(576,116,' 北斗七星的来由：一个小女孩走了很久的路为她发烧的母亲找水，晕倒在路上，醒来时看到自己的水斗里盛满了水，她开心地要跑回家，这时来了一只很渴的小狗，她把水喂了它，水斗就变成银色的，升上了天空。\\r\\n  即便自己缺少爱，也带给别人爱，因为头上有北斗。\\r\\n  每个人都在旅行，有目的的，没方向的。有的人一直在走，有的人原地呆着，但我们都会经历很多人事，去遇见，或是被遇见。夏天，就这么结束。','dfafb6a367025bbba7147aacc577c1b3'),(577,116,'相比久石让的音乐，影片相形见拙。电影像是《中央车站》+《完美的世界》的结合，不同是《菊》以小清新喜剧基调和章回体叙事呈现，主角的可爱流氓性格，自始至终赋予影片乐观积极的情绪操控，即便孩子遇见母亲后主题仍能迅速回到积极一面；缺点是一些幽默元素是强加进去的，看似自然却不真实。','043afafb2081ca8c236995a16e9a135b'),(578,116,'其实我叫菊花次郎','0060317350b47bc52153b49dc0c0ce6d'),(579,116,'那种纯粹的感动与快乐.好久没有感受到了。','6e336615d2517be9b1a9b6296813e0e8'),(580,116,'过强的风格化有损叙事部分的流畅度，但反而造就出一种非常奇特的空白效应，与人物的怪诞乖张相得益彰。久石让的配乐为影片增色不少，是一部非常有趣而诚挚的作品。','ca212a6f04b09ed35d280ccd4e994cad'),(581,117,'和谐的生活离不开摸头与被摸头','0a0c62fc3ed68596252a0db6cf256e6a'),(582,117,'“和谐的生活离不开摸头与被摸头。”《驯龙高手》的优秀足以证明皮克斯动画并不是不可超越。','85c1fdb23431446e82ff1ecfa489d890'),(583,117,'“没牙”真可爱呀真可爱~','b7fd116e6d7ad68ce3f7ca29a5f7f940'),(584,117,'梦工厂会讲故事了...','1d02dd5fea741981701ed90aae46c256'),(585,117,'没牙的本质是只狗','62266fef29887ea01c664585156a9a64'),(586,118,'等待让人生更加丰厚和充满期待，人生由无数等待组成，等待迟来的班车，等待一次机遇，等待成功，等待老去，等待死亡。幸福没有终点站，只要活着就总会有好事发生，在逆境中仍然活的如鱼得水才是一种境界。','7659cc6b51317673e161b5e9f750c157'),(587,118,'能让你笑着感动的片儿。很励志。','c694f2f6b7cdf55e580702803e2c999c'),(588,118,'纯净的温暖故事，自由的想象在内心的世界里～\\r\\n\\r\\n纯净的温暖故事，自由的想象在内心的世界里～\\r\\n\\r\\n','497dbc39c9f74406ff47838f89d125df'),(589,118,'hanks真棒。。。一個人在機場如何度過一年，還是爲了家人','391215fe6b9b5941b9307db742119375'),(590,118,'那个快餐店小伙的热情与多情、办理签证的女工作人员的一丝不苟、印度老清洁工的唠叨与古怪，都在影片设置的细节中展现了丰满的情节，给人留下很深的印象，皮尔伯格在电影中对塑造群体人物的功力还是显而易见的。','6e528f379c919a8a50f6d2f42f144cff'),(591,119,'绝对史上top 5级别的动画片！！豆瓣评分不上9没天理','a8183fd1459d19a98ce72d7e94d334af'),(592,119,'黑马,绝对的黑马!太好看了.笑点也太多了吧.','a9b5bbeea7cf749dd7e154f641e7ed38'),(593,119,'这个动画片再次证明了，不怕讲老故事，只需要有颗不老的心。打动人的是里面的小情趣，小可爱，小孤独，坚硬外表下谁都渴望一颗被温暖的心。真的远比toy3得我的心。','d38d88277c9d3d36d74d929dc1a0c0db'),(594,119,'即便再卑鄙无耻的坏蛋终究还是斗不过天真顽皮可爱的孩子。今年的动画片无论从质量还是数量上来说，都能让观者感到幸福。但就剧情而言，还是老套空洞了一点，甚至让人感觉有些虎头蛇尾，不过好在那个黄色的不明生物让人眼前一亮，出周边是王道。★★★☆','8f3d53071eb3289bf712f3153a286536'),(595,119,'上九天揽月，不如给萝莉当爹。','44c6dbaa77cbdcd207d0a7aa284f35d4'),(596,120,'刚去看了回来，音乐实在太赞了！','eb6fb2d19b5659206adff4dc69a5ebdb'),(597,120,'香港首映宫崎峻的借东西的小女孩亚利亚蒂。刚看完出来。观众在亮灯时仍然没人起身，一直到字幕结束。非常唯美，非常感人。我要去下ost。电影给六颗星。','9223c9fa805836272f5676c3e34ffb9e'),(598,120,'“我們要努力活下去！”但願你不要隨便放棄','71e44b30f41f40102708389cfa90da89'),(599,120,'正好赶上跟朋友们say goodbye,各自回国的时期，哭的一塌糊涂。尤其是最后那句，“你是我心里的一部分”和“不要忘记我”，那么悲催。','f2242daed59419acbf6548e4a1dbb820'),(600,120,'她在他的手心，她在他的肩头，她在他的心间。感谢宫崎骏，感谢吉卜力，总是给我们纤尘不染的梦。','78949f2a8430637870b8c36ee5612e7c'),(601,121,'人生总是一日难，一日佳。\\r\\n过去的总归是好日子。','c796ed8b3a66594e771c368287e2a9a0'),(602,121,'它讲述了一个前途光明的年轻人死于绝症的故事……煽情处是编剧精准计算的，但小孩子的演绎天然发挥让煽情真实好多。黄金一样的色调和过去情怀，其实不需要死亡也可以表现出岁月流逝的伤感和来日可追的信心。','088cf16f5e63c716ae2e3cd2038bb274'),(603,121,'哭死我算了。','de626d719561580ffda0cd88e5821814'),(604,121,'并未洗净铅华，却用最自然的从容令人动容','d4cb05d009fc79a3eb59e53f127d866a'),(605,121,'最美的香港电影','977ce81799a96f58eb1e21db919597e5'),(606,122,'又精致又催人泪下。可是二战时期的日本一点也不值得让人那么同情','3a625ca37af518e3cf1b251b6fb686f1'),(607,122,'我发誓我再不敢看第二遍','e538aee15e8a57e52c62fab7edb7b5b4'),(608,122,'“我们做错了什么？”这话应该由日本人说么，即使是平民？妹妹的神态、动作、配音都绝了。','aff9797b4f1c51dace369364bc279a9b'),(609,122,'虽然事先知道这是个煽情的片子，知道它注定是个悲剧，还是哭了。告诉你这是个悲伤电影，在你准备好的情况下，还能达到效果，的确是个好片子','5937c51608cd64e70485065964b515ba'),(610,122,'不能看啊。会流很多眼泪的。。。','484e4029dc6277a8d38882d893662c45'),(611,123,'一部普通至极的电影，竟然能被吹成这样，影评人们忽然拥有了韩国80年代的记忆，竟然还能集体怀旧，请问你们八几年是多少岁？去过韩国吗？说情节扑朔迷离，说心理跌宕起伏，你们看过《告白》么？呵呵，还是不要看了，G点太低的孩子，告白伤你们不起。豆瓣装逼专用片。','94864a54ad2fd54a905c6e2bc3ad141b'),(612,123,'嗨凶手，你也在看这部片吗？送给你的，杀人回忆','c49dfccb420c2aa20ad4ca4c9251c0ef'),(613,123,'电影告诉我一个有良心的警察是如何被逼成一个暴力狂的。','248c686fb3b3e85a526201d8738d2394'),(614,123,'还好柯南最后没出来','58e0fc68aabfa0df2e2c929f04586afb'),(615,123,'这大概是至今看过最好看的韩国片子了。','2b44a8ee9923379cfa5ff8cb810f9489'),(616,124,'看完把我累死了。。。','0a4eb19fd81fe774190e0ac15218851c'),(617,124,'真正的经典，总是让人无语。','147975eb8cb2aa3c848d6c64978d992b'),(618,124,'志乃的发型很时尚嘛\\r\\n','123613d4e345a9eebb9db9c1b2aa6ee3'),(619,124,'谁都没赢，即使是村民。','e8579445386cfed19de20aea91b9ad37'),(620,124,'怎么说服人，怎样坚持，怎样欲擒故纵、运筹帷幄…无以复加的经典！原来经典并不是多复杂，反而更简单。故事线索逻辑清晰，战斗开始后的每死一个人，观众都能跟导演一样明白清楚。','c9f71969418f34b811dff74db867562a'),(621,125,'kitty长得有点像姜文~','d1183834c7f91525b46e0b1d737d3e19'),(622,125,'买了张蓝光碟，再次重看，画质优秀了，似乎离怪物们更近了，原来毛怪10年前的毛发就这么逼真了。再次感叹皮克斯的创意和想象力，最棒的地方也就是这个创意了，皮克斯的动画片过程可能都很相似，唯独创意个个都很独特。★★★★','6382388469df08a0df985927d44aca71'),(623,125,'没忍住，终于内牛了。小倩，千寻，为什么这些小家伙闯妖窝的动画都洋溢这么多爱，都是从哪里来的？从来没有完完整整看全过这套动画，想想皮克斯以前智囊团们天天头脑风暴是有多开心啊，今非昔比。','a6801788b4c73a294693fdcc3bab7052'),(624,125,'和女儿一起看的，她比阿布还要可爱。','f62154ea53ebbd12b5e5fd7cd0f327a2'),(625,125,'很好笑。比我想象的好多了。。。。。。。。。。。。。','d1a4c9f099772e692b3c4739a4c5edc0'),(626,126,'COOL到一塌糊涂！','9a1a74417de70028c02f9b6fb5443d87'),(627,126,'谍影重重三部曲，一部比一部好看，有“倒食甘蔗，渐入佳境”之感。难得。','d8e5d4101f4644b42f75605b84e09703'),(628,126,'Matt各种有型','94eba00a96f4668cee9ddec7a7db4bb7'),(629,126,'一夫当关万夫莫开。虽然有点神化，但伯恩真是这一行的大师啊~','0cbf3137b1a3ec1c0cb6d7cfa26d11e1'),(630,126,'浓缩版的《24》，回归版的Jack Paul。细节非常到位，情节紧凑到没时间上洗手间。滑铁卢车站那一段经典。','09ba0ecd4347c2dbab669c065078f28e'),(631,127,'“妈，同性恋的人能够在各方面合得来凑合在一起生活，非常不容易。所以我跟赛门都很珍惜对方。” 李安总能在边缘和传统之间找到恰到好处的平衡点，然后双双将我们击溃。','7f1cffd4b12b89d0cbb49be43cb09ce5'),(632,127,'李安总是善于在西方的文化背景下表现中国文化的细枝末节。被放大致喜剧形式所表现的那场中国婚宴，反讽了中国文化中对于性的压抑…而中国最传统的家庭、家族理念，也在这一场假结婚的风波中进一步深化。隐忍的情感，家庭中的冲突，最终在爱与理解中得到化解。接受了一切向前走，这终是一场喜宴。','ea25de69d1fd36bda59f64c1cbdf7122'),(633,127,'赵文瑄处女作这个程度，让人惊叹','ea5f5c841a02a920d9f62c467ae255c3'),(634,127,'能把直男变弯，弯男变直的好片子。。。','2c29210d2196b5a7b15b6aa0c1beadbb'),(635,127,'李安自己在里面演路人甲划重点敲可爱！“让你们见识一下中国人五千年的性压抑”哈哈哈哈哈哈','2327bf97926ec18f499bdc82a56d77ab'),(636,128,'最后五分钟让我全身发抖！','c8496b6e35fc3da060ff11eb9ebd492d'),(637,128,'这其实是个励志片好不好，杀手先生告诉俺们即使在生命的尽头还是能干成很多事情滴~','a880388ea2fb35ba92b8b916b58e9349'),(638,128,'硬伤多，黑人警察傻到爆炸','21d9b8659d2928b419421e2631fec500'),(639,128,'看第一部的时候着实被他的情节设计给惊讶到了。','044bf13ce1d624ad4f68fda9d42649f4'),(640,128,'第二次看，感觉着仍然是一部顶级的血腥电影，结构和叙事都很牛逼，叙事张弛有度。','e7a3a146efb2f1197dc25dac20f10796'),(641,129,'他亲吻着她脸上的疤痕，那是为他而受的伤害。这片子挺感人的，可是，现实中又有谁能如此坚持，等待命中注定？','1eed8652dec72373074e4153bc6d82c9'),(642,129,'想了想，还是给了四星——其实我觉得它没有那么好。动人的音乐，流畅的节奏，美丽的画面——纵然肮脏也是美丽的，自始至终都充满了那种顽强的，不可遏止的生命力。\\n但还是觉得……无论如何都有着欧美导演看东方那种猎奇的意思。这种“猎奇”对我们来说其实也是一样——繁华与污秽并存的孟买，阳光尘土中的泰姬陵，黑暗的街巷，垃圾堆上的贫民窟……包含的元素和符号太多了。固然有着野心和足够的手段，但同时也会冲散很多东西。\\n...','d26d2b278bed01fab85a1c700ac47596'),(643,129,'深刻体会到命中注定一词的含义了。怎么那么多人打5星，我客观点还是给了4星。没办法，最高就是5星，我觉得这片子不至于最高，要不然猜火车该往哪放呢！','ae32b10cd7619b9fd67fc9f88fdc81d0'),(644,129,'很好的题材，但还是少了点什么','e5d4eb2fe4e175515546b4da167af30b'),(645,129,'这片太··唉','45546bda0916ee25344be2ee1f5fa76c'),(646,130,'在我最美好的时间,我最喜欢的人不在我身边。如果时间可以重新开始该多好。','a4846e221dbf0496fb9e276f00daacd7'),(647,130,'090331美嘉——这样的片子还是不适合在电影院看——人多的时候看这样的电影，就是一个旁观者。','49f3a38faaf9902d50d19527ef96ee4d'),(648,130,'当一个人没有办法拥有的时候,最好的办法就是,让自己不要忘记....\\r\\n因为这句话喜欢这电影.','4336daab9d60c4dc17d65f35314f6ab3'),(649,130,'已經好久沒有這麼NB的片兒出現了……我懷念那個NB的時代……','a2694f3cbcf4196221005297a7835a1e'),(650,130,'你以为谈的是武侠，其实谈的是爱情；你以为谈的是爱情，其实谈的是人生。','536468ec13122897bfb7586a652b4bd6'),(651,131,'寂寞的圣诞夜一个人看这种电影，看完觉得更寂寞了！','cfacf7a4b94f5cd96ff967e7b81c0214'),(652,131,'至少能干掉几十部《全城热恋》吧','42207db953bf36c17242c7ef3666d0b6'),(653,131,'我不明白,如果导演早就决定给个皆大欢喜的结局,为什么又不给得彻底点呢?','d3afc63598e9ef74644f9fba6c967fec'),(654,131,'从第30分钟小男孩说自己fall in love 开始，所有的感情都美好起来','03d6bc0869b4164fa2bf6542fa2dac09'),(655,131,'群像電影之巔峰，居家良品百看不厭…最當中的中年夫婦讓我想得最多。結婚多年總有視覺疲勞相互厭倦之時，你辛苦為他持家，最後卻落個他千方百計買的項鍊是給小情人，而這你也知道，拿著每年一樣的禮物，只能默默在房裡開音樂痛哭，而為了一雙兒女，親情大於愛情。最幸福浪漫是葡萄牙那對(*￣▽￣)y','4dc3b9422e6c01d85f43245edb0ccf41'),(656,132,'你可以连看5部烂片 然后忘掉他们 或者用同样的时间 把《记忆碎片》看上5遍 然后爱上它','ecd96158d502b1f79bb499c5c13be46e'),(657,132,'那个不到半秒的画面。。。另外请问一下楼上那个“短”评是怎么做到的！！？','e01d4e948d97ba4ad06c2c51e2e6b2bc'),(658,132,'神奇的剪辑让故事内容呈现出了光怪陆离的多种路径，在记忆的初期，只需要烧掉两张照片，多加一个注脚，命运就会像一俩失去了刹车的悍马一样在历史的胡同里横冲直撞，莱纳在片刻清醒时的自问自答讨论存在感，需要多看几遍才理解','f7fe8e4d745025730475c8065e452614'),(659,132,'如果还没看过，那么现在最该做的是千万别看任何有关的评论，立刻飞奔到影碟店，买张带导演评论的D版，然后开始失忆之旅。','ffab7a7200c09ddb71c87720d103ee82'),(660,132,'在六月五日的前一天特意看这部电影的，想了解一个没有记忆的组织，是如何确认自我的，在开头的时候还真以为没有记忆也是能确认自我的，然随着电影延伸，最终仍旧证明一个没有记忆的组织是没有自我的。一个没有自我的组织，在这世界做什么呢？复仇，杀人？','8e55dd425494db5b31c7a718147602e4'),(661,133,'那一颗星星是被吓掉的','8d0a934ac1f05363e0975f8aa725db9b'),(662,133,'舞台上那段黑天鹅太惊艳了！！！！！！Natalie这牛逼演技！！！！！！','c019415b06a039f1192dce2a045718f2'),(663,133,'“我感受到了，感到了……完美。”一段用走火入魔来成就的完美，亦真亦假、亦实亦幻。影片从始至终都弥漫着黑暗的色调，很惊悚，很压抑，无论配乐还是摄影都极其吸引观众。娜塔莉·波特曼颠覆以往，奉献了一场精彩的演出。★★★★★','a98cad7bb4e72f9a6259c150c6f01f09'),(664,133,'娜塔莉·波特曼的演技啊！达伦·阿罗诺夫斯基的黑暗啊！','7d18437fca3236beeef34bcc54018acf'),(665,133,'這部電影真酷！ Natalie Portman太棒了...好幾幕看得我眼淚都快出來了太難過了嗚嗚嗚~~','430e3b556dc3d053bbb34e1a197cb11f'),(666,134,'很不错的合家欢动画。故事很简单，工具，使用火等道理让孩子也能很快理解，然后又植入亲情和勇气，结尾还略感动。整个故事又有很多惊险与搞笑的场面。第一段找早餐的段落真棒，即很精彩，又介绍了主要人物，性格特点及生活环境都出来了。这是编剧很常用的手法，却也很好用。','d992258115bd953bff867994f2d291ae'),(667,134,'「疯狂原始人」说的是一个地震高发以及pm2.5老是超标的地方只有中科院的男朋友才能拯救你全家的故事。=3=','6ce3e4dc0d8987f802ae6b7a6c8c7366'),(668,134,'看的时候莫名的期待结局是一场空...','b9f7a0d782cb49f0323932eb93ef6ce2'),(669,134,'全程萌翻  小树懒 \"Da da daaaaaaaaa\" 激萌！','ca6b43469b731242fa8de2d64e456146'),(670,134,'全程都在大笑无尿点，已经预定下届奥斯卡最佳动画一个提名了','9c6f8110e4d4bfce0d8b7ab97c06ad4f'),(671,135,'不认为这是部文艺小清新片，反而是让你懂得如何脚踏实地及敬天爱人。尊敬他人，尊敬你生活的这片土地，明白孤独是人生的常态。','3ced55665a166db421d90f127a5a6c2c'),(672,135,'“她这么辛苦种田就是为了每天这么吃啊？”“对啊，人生不就是这样吗！”','e7d0395edbcabfeb5b15ab2bfc9ff556'),(673,135,'有人说装逼呀什么的 我人生就得加一味装逼','4ed386e0979504d3a2fe0f0390d98f20'),(674,135,'嗯，要细心，要有耐性，还要要守得住寂寞。当然首先，你要有块地。8.5','3af236f1dd6dc23ee18d20af19650994'),(675,135,'舌尖上的日本啊。非常治愈，尤其在刚刚看完《疯狂的麦克斯4》之后接着看这部。这个世界上，可能也只有日本能拍出来这样的电影了。独立于地球的自我。一日三餐，周而复始，春播冬藏，这就是“日子”最好的解释。','7e82767aa18729f0ead8906260a57d2d'),(676,136,'当年读小说的时候，就被最后老爹那段话感动，是那段话的态度，让整个故事变得不一样了。一个意大利少年和一个美国青年渡过了生命中的六周，他们之间不仅仅是同志感情，最后成了一种超越爱情和友谊的美好东西，告诉你要学会去感受生命中的一切，在年轻的时候拥抱所有感觉和情绪，就像一种修行和成长。','f5d28ea6c8a3b3d059688d5f65091f6b'),(677,136,'刚刚在苏黎世电影节看的，导演一直坐在第一排。结尾的提问环节，他回答关于电影名的意义，他说：I think in love, when you call the other by your name, that means complete surrender. ','c0407a0f90aa0f0539ab6b6a16ea41ee'),(678,136,'中文译名：跟你姓','e52353ab677e17db36e60f955af6e101'),(679,136,'我知道读书，知道游泳，知道改编乐曲，知道皮亚韦战役是最惨烈的战役之一……我什么都知道，却不知道怎么让你喜欢我。','ae4ec04a4e52228d529f7393e2c27e74'),(680,136,'相对于这样一场爱情，我更需要这样一栋房子。','4735e2a79fdd78f1dca6eb3687ba81c4'),(681,137,'电影的质量不重要了。每一个打五星的人，都是在谢幕前向自己过去的十年致敬。十年，足够让它长成你的血肉呼吸。Like never before. Like never again.','d9623ac0486f13ea11170ebbe21f16f2'),(682,137,'这绝对是David Yates这闷老头的巅峰之作了，虽然大部分场景3D效果非常不明显，但是仍有最后boss灰飞烟灭之类的场景充分体现了3D的美感。剧情安排相当紧凑，终于可以不必在太闷的过场掐自己大腿。结局的列车发车时的轰鸣声让我仿佛又回到了第一部，当时的我和小哈利一样依然很年轻。','7fd9ae4d92e787e96da5eb0e5897e938'),(683,137,'我就想问问，年轻的格林德沃和邓布利多在哪儿？！都是坑爹的噱头啊！！','5d9eda89866f403837d09df37bdecbca'),(684,137,'终结篇还不给满星的人Voldy不会放过乃们唷！','ce5b9d9b4a084785d1aae52885c72529'),(685,137,'3.5★ 不談感情，這是我看完HP7.2的感受。如果你睡得朦朦朧朧的去看早場，也許會冷靜幾倍。HP7.2給我的感覺是結構很鬆散，簡略帶過、細節位少、3D失敗、配樂還算可以，有炫酷的特技、奈威和露娜的出場成亮點，說到笑位應該屬於最後成老爸、老媽那一段了。最後只能說：我們長大了，電影沒一起長大。','76049ce185d1305b391d58b56a7dbd35'),(686,138,'ray……听上去很像rain，愚顿的哥哥曾经对心爱的弟弟说，我是rain man。直到生命进行到成人的阶段，弟弟才突然想起，童年时，他的生活中曾经有一个爱他疼他的雨人……','a0e38c76abfca7994bb74b242219468e'),(687,138,'年轻帅气的阿汤哥，让人眼前一亮的霍夫曼。故事简简单单，配乐大气，并没有特别煽情的段落，不刻意讨好，不哗众取宠，让人看起来十分舒服，让人感动在不知不觉中。★★★☆','7bd835d2191a8dc2e722bd1690f00dc2'),(688,138,'公路电影差不多，讲智障人士没有I am sam讲得好，写情感又缺少细腻。','e8d5de50d2646502dab918007105735b'),(689,138,'剧情真的好赞的，没想到自己一直寻找的人就是自己最亲的人，查理从一开始的不接受到后来的分不开，也让人看见了他的成长，哥哥最后没有跟他走，却能得到更好的照顾。有的人觉得结局不好，但我觉得这就是最好的结局。','8cfbda868c9b565c87eeeccd5938282a'),(690,138,'任性是缺点，坚持任性就是自闭症，我不过是病的稍微重一点儿而已，就已经很难被世界容忍了','cb364d9ec65710eba806a57d3770dadb'),(691,139,'小孩子跑不好就不要跑好伐？！摔个什么摔！摔！','eb52464812e6b0abf94a115c9a90ba41'),(692,139,'动画表现平平，算是很平庸的还原了原作，而且……好你妈的短！！','d17983e2d98e710213fbc8489eedf772'),(693,139,'有些故事，就算早已烂熟于心，再看时也还是忍不住要哭的','81d705c0bbaac3655bc1a2784c6ba4cf'),(694,139,'我这个泪点低的人又。。。TAT 又萌又忧伤。。我所剩不多的少女心啊~~','65ceb005af0dbe40a4405d791be9691d'),(695,139,'银发的狐面少年 夏日 花火 浴衣 隔着面具的那个吻 终于能够拥抱到你了阿金TAT 内山的声音好温柔 从开始就等着虐心的结局呜呜呜我又得内伤一天了 ','b69fc7c54039f40dbed63826be5fab6b'),(696,140,'看完之后深深希望2012快点来，大家抱团死，剩下的生物就可以好好活了。','957184cae7191bf1ea03b21c2bad0647'),(697,140,'摄影加一星。影片本身缺乏凝聚力，几乎为单纯的影像展览。','65d0ec0b0ed763c23145036a40f4a636'),(698,140,'有些中国观众的素质和耐心，真是不配看这部杰作，我都想给他们倒贴电影票钱，让他们滚蛋。','ddb9574f97b2e3483d239ad46e8bd57d'),(699,140,'这个剪的确实有点歌剧感觉了','5c4fc9962bc88c651c8191324b5dbdd5'),(700,140,'如果可以给更多的星星，我全部送给这部如诗一般的电影。一个法国老头和他的团队，花了５年时间，耗资５０００万欧元，１２个摄制组，采用蹲点拍摄的“笨”办法，只为你我能够感受到梦一样、诗一般的海洋。７年后，这部电影来到中国，还亏损９００万，我想我们能做点什么，比如一份尊敬。','0a364f5df45a864314d13c0a73758d37'),(701,141,'Leslie这个萌娃。据说有次Leslie在电影院看午夜场，他跟盆友说：要死了，观众那麼喜欢发仔，而我却是个要抓发仔和我哥哥的警察。 第二部的时候，他开森的说：这回有人同情我了。看我演得多好！我的妻子怀孕生子时，我死佐~','01a2782d86b53aba5a96e9a6eb813ced'),(702,141,'香港黑帮电影的代表作！小马哥，那是一个神的样子~~','aff78ef8b437e68903a39641cae076da'),(703,141,'“做人有原则，就什么都不怕。” 真的不敢说这是我第一次看《英雄本色》，并不需要多么复杂的炫技，好电影从来都很简单纯粹。怀念最好的港片年代。“他有勇气去改过，你有没有没勇气去接受？” 上海电影节4k修复版。','17a25467fc700612e26b4e57da6978e5'),(704,141,'我親愛的小馬哥，時至今日你讓我感嘆英雄遲暮更是種折磨……','bd1b836c806aecd0a85be88a43f0570b'),(705,141,'早年录像厅模糊印象 夜里被和某人重温了下 大叹原来当年主流片也这么恶心啊！ 张国荣还略显稚嫩 当然这也和面具化的人设不无关系 和十三少 风月 阿飞还远不能相提并论。兄弟情义的问题么，这叫人心慌，这叫人心慌。一向不怎么待见吴宇森的，“我已经倒霉了好多年”令人笑场。','0aac568652d17c978a13a4e35290ee7c'),(706,142,'又一颗韩式催泪弹，亲情总是泪点，让你无法躲开。影片套用的是《我是山姆》那样的人物关系，而在情节上则更有戏剧性。冤案加亲情的双重催泪保障。监狱里的温情更感人是因为，相比善人做好事，人们更喜欢浪子回头，恶人行善的故事。无论我们怎么吐槽韩式催泪片的套路，但是真的很有效，也确实很感人。','20363a87aae9f78b241f047dec64b2d6'),(707,142,'只有真正法制化了民主化了的国度才能出产这样的电影，而不是整天抗日和建党。哪怕在貌似事实确凿的时候也要依靠证据的合理逻辑去司法，而不是人情。本片温暖人心，同时更多的是对法制的反思。8.3分','85395cdbf5fb62fee90fb9e479172e8f'),(708,142,'智障果然不是我的菜。整个故事哪哪的都不真实。虽然煽情确实很扎实。','3acc064972e6ea93cf348ae75769d7be'),(709,142,'里面有太多不现实的地方，故事的结局却又那么的现实。童话般的影片，让我大半夜看的哭到抽搐了。','be5f4636dde50b4c9744cab4c0ca52c3'),(710,142,'影片的核心是亲情，包括父亲对孩子的照料，孩子对父亲的反哺，虽然存在过度的煽情，但是影片不仅是亲情片，通过狱中的亲情和友情营造的温暖，与现实中司法不公媒体跟风权力滥用阴暗面的对比，起到了鲜明的讽刺作用。','56758e0aaaff78638accce3986c802bc'),(711,143,'我们看了那些屠杀的镜头 然后继续吃大餐','f4905ca8ed71a4a5aea3fe59699652e5'),(712,143,'当这个世界闭上双眼，他却敞开了怀抱。','257678d0e3dfaefc2a751d298bdf3908'),(713,143,'我所听过的最美的片尾曲，震撼心灵的人性故事，愿真善永存，苦难和邪恶远离所有人','1843373f7591214b917b1d8788ec2a04'),(714,143,'电影没有什么花哨精巧的剪辑，有的只是质朴之中最撼动人心的真实。一个真实的故事一个真正的人间炼狱。当世界遗忘他们，国家陷入疯狂的时候，一个比辛德勒更加艰辛的男人在一个人人力求自保的环境下敞开了他的双臂。记住他的名字——保罗·卢斯萨巴基纳。★★★★☆','0b23ba0fa6035635ed66ffa00980bd8f'),(715,143,'     记者和保罗对话，对于外国观众看到图西族遭受的惨象后所可能的反应作出的揣测，令我想起《关于他人的痛苦》，苏珊·桑塔格在书中提到，我们看多了反映苦难的照片，就会在某种层面上以为自己真的帮助了那些身陷囫囵的人。当然这是一句题外话，但与我们切身相关。','ca1d32af8abe4a920c7917f8778981b0'),(716,144,'剧本挺有趣的，没有让三段式沦为中国电影常见的山寨故事。电影化处理上有所欠缺（无论一眼可见的演员表现还是画面处理），不知是不是受限于制作成本，不过，作为第一部，确实不错了。中国电影的未来，依然是在乡村和县城啊。','1fec50f1a0825198116fbc5daec0a117'),(717,144,'如果你认同电影就是好好讲故事，那这部电影在讲故事的层面上非常出色，故结构编排，细节铺垫，剪辑与主题都打磨的足够精致，这些方面甚至可以说没什么瑕疵，虽然它的结构也不新鲜，但这年头能遇到这种带着脑子的导演处女作简直就是一种幸运，但愿忻钰坤不会立马下海拍什么卖IP的商业大片。★★★☆','89c5cb644471aba5fb81e9c85f7f9931'),(718,144,'平顶山版科恩兄弟，作为处女作，看到了新一代年轻人的追求','47ee1b15beaf4560cb60cafa4a05d16a'),(719,144,'四星半，《罗生门》架构+《怪尸案》讽刺。麻雀虽小，五脏俱全。第一幕铺垫很满，后两幕循序渐进嵌套在整个宏观的时间体系内，体现了剧本结构的匠心。尸体的几经易主令人哭笑不得，也折射出社会的荒谬与生者潜藏的兽性，罪过只得靠祈求神灵来寻求庇护。父子鸿沟也在尸体的挖(进)埋(退)两难中找到了答案','90369f3ff75203353918d5c6915b38d9'),(720,144,'看了忻钰坤处女作《殡棺》，惊喜！从容缜密，会讲故事。看片名，容易误以为是闷蛋文艺片，其实是无巧不成书的三段式“乡村怪尸案”。成本太低，演员略逊，但也带来了陌生的乐趣。和拍《光棍儿》《美姐》的郝杰一样，忻钰坤，绝对有实力执导更大制作的类型片。这种会讲爱讲故事的年轻导演，是稀缺资源。','acd9f9863def3d046527b571744a6003'),(721,145,'同样展现社会暴戾情绪的阿根廷版《天注定》，但要比后者艺术、幽默和高级很多。可以从中胡乱联想到马航、反拆迁、药家鑫、T3爆炸、深圳车祸顶包，外带一个巴尔干谅解式的合家欢结局。','d633bf72b251a9318121dc33fd54abb4'),(722,145,'人生的大喜大悲实在是太TM刺激了。8.7','7f8201ed39e4dab8737aec6e985d1a72'),(723,145,'如果硬要和贾樟柯的[天注定]相比，那科长的叙事节奏就像赵涛那张“演技派”的脸。片中6个小故事叙事包袱一抖再抖，这种一波三折的黑色故事确实很招人喜欢，它们的惊与喜、讽刺和无语都是显而易见的。我在想，大家都别整天想着抄《黑镜》了，这样的黑色操蛋故事整成一个剧集同样会是神作。★★★★','dc670fb876a8c3e877d1d2ca77d7b061'),(724,145,'拉美人民多奇志，拉美导演有邪活。年度最值得期待、最超出预期的荒诞喜剧，劲爆黑色邪典幽默调侃社会弊端人生百态，猛打鸡血笑中带泪。视觉语言极其娴熟。喜剧版《六个道德故事》。《断背山》《通天塔》配乐师桑托拉亚拉美风情吉他电子音乐燃爆全场。','3ccec8f329dcc8fc657c700b721cceb3'),(725,145,'除了ICBC植入广告外感觉可以满分，片头出字幕那段+全片配乐太牛逼了，bombita这段开始随着灯闪听到gustavo santaolalla标志的吉他声我激动到浑身打颤全面炸裂！喜欢台译片名，感觉抓到了精髓。阿根廷电影绝对西语世界的良心，想看的演员都看到了还这么充满正能量太开心！！！','938697bbbd5fe04d5516d592fbb1b8ea'),(726,146,'这达西先生是痴呆不是傲慢吧……','cdd1a73755dc4a6769fc2fb637539958'),(727,146,'乔·怀特对长镜头有种奇怪的迷恋，总会用那么一两处调度极其复杂的长镜头。美术真棒，布景超华丽，外景也漂亮，摄影很美。情绪很饱满，有几处细节很用心。当然，对于原著党来说，她们是永远不会满意的','1065e5d589549c13053d560a87f173a6'),(728,146,'那个傲慢的人在溢满雾气的晨曦中走来，用最卑微的姿态求你爱他，甚是美好','c15475a92bb533dafe3b22ba14e0bef6'),(729,146,'喜欢导演对光线的运用，很多时候特别唯美。那个时代表达爱情的方式含蓄中有热烈，两人间保持着礼节的距离，目光却可以表达纯净、真挚的情感。片中温馨，平和的氛围，宛如一杯午后红茶，音乐也相当不错。但始终更喜欢BBC版。★★★☆','2e59c41fb632a604a8e1df55fd3379a1'),(730,146,'特別喜歡 看很多次了','774162ebf1ece6b5db868c79a4b515c9'),(731,147,'大胖胖终于将瓦力拱下了机器人萌货的头名宝座，日漫元素和迪斯尼风格合体开出了一朵大奇葩！故事其实就是“蜘蛛侠”1+2，但想象力和细节太挠人心窝子了…','d55f724072a3b6dac5013455348b7b6e'),(732,147,'又是一个故事平平只靠细节讨巧的动画，但是没办法，就是超级吃这套啊！！','5604fd377aaa34b292fafec29d9f3d44'),(733,147,'迪士尼最新的Hyperion渲染器，渲染旧金山全景，几千个光源，无数的precedural shading...碉堡... 剧情的话Hero\'s journy，感情带动很好。动画感觉比Dragon2有看头~ 忘了说一句，记得看彩蛋~ Stan Lee的哏儿~','ae8c7e4492ee7d094e19533ea7f59cb0'),(734,147,'【大白，卖的一手好萌】一波三折，妙趣横生。悬疑和温情，搞笑与动作，即使拍成真人版也绝对是一部好题材和好故事。大白呆萌可爱一逗比，细节刻画真实有趣，放气如放屁，警察局撕扯胶带还有低电量时如同宿醉一样。最后，“I will always with you ！”绝对催泪。开年最佳动画！','92d5401bd6b7559e00975f019a70d080'),(735,147,'漫威大法终于烧到了迪斯尼动画！全程钢铁侠x战警变形金刚瓦力等超级大片附身，虽然2.28才在大陆上映，不过资源已经出了，本片可比肩乐高大电影成为我心中的2014年动画电影最佳，另，大白终于撼动了瓦力的影史最萌机器人的地位，在此立帖为证，要是三月份不火你打我（片尾彩蛋亮了）','407ce01bf764ae9a79ddad748b1ced7f'),(736,148,'永远看不腻的喜剧！','f9bddf4d07d13f87157db8aa24090e6c'),(737,148,'娘的,这就是货真价实的喜剧片','8582dde57ca2add3201a1b0d77773b62'),(738,148,'虽然不合理，但能够娱乐。','11458b1f856923c4d015632ba6091819'),(739,148,'应该是我看的第一部电影，标记一下。','c3a93ec3886664f408c566758afcf3f9'),(740,148,'永远都记得在浴室里唱着“鸳鸯茶、鸳鸯茶”、对眼打飞机，经典喜剧','8034dad05192799cc93d48a2ac662946'),(741,149,'可以忽略秋香……','3a0e4b6efc85a68d18d5ef90ff459fe2'),(742,149,'巩俐真难看','100506a6281c60c6aeaaa4a745f7d130'),(743,149,'只为了“比比谁惨”那一段，就已是经典。\\r\\n还有FLASH的经典《阴天》版，','4c66fd2450d52f10fc5e768898ff162c'),(744,149,'N遍','684491460b90ce3e1992f02345fe8e07'),(745,149,'老少咸宜的经典喜剧。巩俐好美啊。','f1b277e34a5c131d5cb408ba1ca2e286'),(746,150,'我和我不想要的后半生，我和我不愿意和解的自己。你们都朝春天去，就留我在破碎里又丧又美丽。','cd4e9de97c3144d66b3fa717b9e58bbd'),(747,150,'葬礼进行的时候，他听着宝宝的哭声，与那个试图安抚婴儿的男人共享着眼底羞为人察觉的一丝焦虑。他想伸手接过孩子，用他或许尚未消散的那种魔力让宝宝平静下来，又旋即意识到自己不能，也没有理由去为旁人阻止这种连锁的消耗。他累了也尽力了，相信所有人都是一样。','e0af22d6101ebe92fb3b4b9d9523459d'),(748,150,'惨啊，太惨了。来美国以后第一次听到有人在影院里哭。剧情和感情之细腻简直是日本电影。完全可以脑补是枝裕和导这个片，由ARATA或者龙平来演男主。','ba17bb466b852a99e706cf54968c1f01'),(749,150,'又名《回忆杀》。有遗憾和失望，二刷后感觉对角色的好感甚于电影，卡西的角色写得演得太饱满了，让我对这个角色产生了依恋感。','5e0fa41296c1546fe22f1a832a0ab7aa'),(750,150,'这么多年看电影教会我尤为重要的一点就是独立意识，不要去迷信什么口碑，自己的感受是怎样就怎样，怒我直言，真没看出这片子好到了什么程度。','e864bbec4d299c974f3e94db00dc22e8'),(751,151,'好看。但这么多明星都盖不住上一集中希思莱杰的光芒。部分场景令人联想到文革，并很明显的隐射了社会主义者与资本主义社会的矛盾。','55bf8e00175a418e8c457f0dbade05a6'),(752,151,'超过TDK不敢说,但永垂影史是扛扛的.','95b518e22000418b97f3e6c18d8194ed'),(753,151,'英雄挥别，正气永存；史诗落幕，传奇不朽。漫长黑暗过后，终迎黎明曙光。','793659370ead5bec14eebd621e96810e'),(754,151,'难道我是第一个看的吗？墨尔本crown village cinema， 所有人都鼓掌了，绝对是今年最伟大的电影！','43c031b899e45bb9854cc48befa07d59'),(755,151,'疯，诺兰究竟把蝙蝠侠系列拍到了怎样一个高度啊，弥漫始终的黑暗感几乎将人吞没，我甚至觉得其它英雄电影可以不要再拍下去了，复仇者联盟二剧组也赶紧解散吧，即使你搞来一万个超级英雄乱斗，也不比高谭市大楼顶上熊熊燃烧着的巨型蝙蝠那般凄美孤傲。四年的等待值了。','4f45609c63370b318e30ede1c72ea3ab'),(756,152,'又臭又长的电影','93dcb1b67b998ab7bc688ba40202540d'),(757,152,'看这片时我有一半时间在哭 哭到虚脱……这是美国片 商业片 心甘情愿的被煽情至此 还有它的配乐 放烂了没错 但实在是好 这么通俗入耳的交响曲 当年的彼特真正性感 如骏马 2003，7','9813e3dc576335671a30d1a165cbd35d'),(758,152,'这颜色，这画面，这岁月，这情怀，这曾经，这男人，这爱情，好痛好痛','09209b499a1ad4d89ece0c41ce764305'),(759,152,'传奇，不是每个人都可以拥有。','64107552bfa8985bfb4e42c8d4716a87'),(760,152,'“有些人能清楚听见自己心灵的声音，并按这个声音生活，这样的人，不是疯了，就是成了传说。” ','3fe7493b3251777d37aa1bd8f9eaa97a'),(761,153,'本来冲着索菲亚·科波拉要少打一颗星的，但是看到她被杀死了好开心啊！！！！','a621bbf041ad7860728b78857eca6d25'),(762,153,'对政治的结露辛辣精确，对Michael的刻画终于成熟，影片氛围观感均保持一致，但韵味上留白欠缺。帕西诺的表演令人难忘。','380b35f7de878e966e3fdf22bd68cbe2'),(763,153,'《教父》系列完结之作，表现力和深刻性绝不亚于前两部！阿尔·帕西诺老了依然魅力十足，演技更无需赘言。片中依旧是很多一针见血的箴言，另外相比前两作这部感情和家庭戏份增多。影片配乐太动听了，高潮部分那段歌剧演出与腥风血雨明暗平行剪辑的场景真是美！（9.0/10）','ef1533514fda626cdef8558f7c03230c'),(764,153,'教父们的遗恨。江山易主、风水轮流转的苦痛。怒火蒙蔽理智。麦克：“文森，你将走向不归路。”暗藏杀机的歌剧音乐会。宗教的介入是一种心灵的救赎，一种精神的寄托。玛莉的死去  阶梯上的红地毯浸满了鲜血。悲剧就是把最好的东西毁坏给你看。','ea8e251e7bff2b840e92133cfcd432fd'),(765,153,'三部曲终于看完了，阿尔帕西诺一直都是灵魂，影片保持了前两部的格调，节奏配音画面都一脉相承，而故事性却从第二部的文艺回归到第一部的黑帮，也算是三部曲的一个轮回。但与前两部相比，不免有些流俗，教父三代的人物性格也没有把握好，转变突兀。但那种无法排解的孤独感却一直未曾改变。','777c9eac3a9f876ea9408b581d530cc8'),(766,154,'你们都知道我的性格，我喜欢西逛逛，东逛逛，我喜欢流浪，其实爱一个人并不是要跟她一辈子的，我喜欢花， 难道我摘下来你让我闻闻，我喜欢风，难道你让风停下来，我喜欢云，难道你就让云罩着我，我喜欢海，难道我去跳海？','c048420a2fa05c186473cea4e0444190'),(767,154,'三个主演周润发、钟楚红、张国荣的表演都太岀色，明星魅力无法阻挡，在他们充满活力的青春年华相遇在一部影片中，给观众留下美好的回忆。','02397e0a4821dc196c294a1735269035'),(768,154,'五星，人生挚爱！哥哥、发哥、钟楚红，所有人的表演都太惊艳了，哥哥在桥上自己的画上签名的洒脱，还有俩人配合偷取宝物的情节和动作，喜剧而不失张力。整部电影综合喜剧、浪漫、爱情、动作、情义，多种元素于一体，奔放而不失细腻，带给人深深的满足感和刺激，太给力了 ','3a836e75da41b5c2eaba8652d795e762'),(769,154,'除了力贱，没别的了。哈哈','2dcef1dde0369ee2e98f89cf525134f0'),(770,154,' 红姑息影了，发哥老了，张国荣走了，香港电影的辉煌远去了。这些陪伴着我们长大的电影也要被遗忘了。\\n  真是“春梦了无痕”。','a4f467c15e3f289ea00ab338b8ec98ba'),(771,155,'对于我们最爱的人，不说永远，只说珍惜。差点在电影院哭断气','4c198a591f9b196fa39fe924a1054c3c'),(772,155,'最大的亮点应该是豆瓣分数了，高得吓人。','84d6a25744d93adaa73c6cd2a6a24b86'),(773,155,'1、三观够正，道理积极；2、故事想法很有意思；3、原声配乐很好听；4、剧本有问题，过度弱化冲突，故事本身除了舒服外没有说服力，life is much harder；5、太多旁白只说明剧情推进的乏力；6、镜头不时莫名其妙地晃；7、片子质量有三分，给到四分是私心','82ec0197255647a6769c9f216204f4b3'),(774,155,'“我试着过好每一天，就像我已经穿越回去那天一样，去享受它，当它是我非凡却又普通人生的最后一天…跌跌撞撞和摔倒都造就了现在的我。” 扔掉可反悔的《人生遥控器》，过好每一天！50%的浪漫爱情+50%的家庭亲情和人生感悟，不如《真爱至上》《海盗电台》浪漫的彻底，却也直抵人心。打个俗分4星。','bb09f5a4430425312a234b2c708aba89'),(775,155,'\"How long will I love you?\"情节退后一步，把舞台留给家人、生活，留给错失爱人时的惊惶、表白时的笨拙不安，留给最后一次海滨散步、最后一次拥抱、最后一个吻。每天过两遍，会发现被忽略的美好；孩子养三个，万一某个太聪明笨笨的两个可以作伴。片名有点误导，画面美歌好听，一家人在一起真好。A-','21b427d3e330f7a77b59fb83b5459565'),(776,156,'让我笑已经够了，居然还能让我哭，nice job！','356a199f00794b8ef2152f6b2b15acd8'),(777,156,'最有爱的搞笑+最真挚的感情=完美','c0831fe87c60edc4f8179b51ef590acc'),(778,156,'话说讲到草莓熊被抛弃那段，前排一个五岁大的男孩侧头问妈妈：“妈妈我想哭！”最后十分钟，直击本人泪腺。我想到了我家的玩具，上百件的玩具。他们还在我家后院车棚的箱子里，在我学会打飞机之前，他们是最纯粹的真谛！','0cbc1dcfbb6cc9cbbb26d0920d19a0c5'),(779,156,'它对于我已经不仅仅是一部电影那么简单，而是代表了对于童年时代的记忆与怀念，整个电影院从头到尾笑声不断，但我相信，更多人会被影片的后半段打动，相信看过前两部的人都会很感慨。★★★★☆','3da5e377fff9892d47ea0107dbe15e49'),(780,156,'感觉很平淡呀，难道童心离我而去了吗？no...另外，3D效果不如驯龙高手。','a95a9ef79ca5d589eba7a8128e34f27f'),(781,157,'飞屋环游记前传','e63ac869d4a3f75670163f663cc349e4'),(782,157,'爱情没有那么多借口，如果不能圆满，只能说明爱的不够。 ','1d1c0d45005707ffbadfb8491dad6b61'),(783,157,'俗套的好看。“爱情没有那么多借口，如果最终没能在一起，只能说明爱的不够。”','7e7dc98c81d42637c5c009f1e4c5a5ee'),(784,157,'倒霉弱智片。如果你觉得这个就是浪漫爱情，我觉得你在吃屎这件伟大事业上还有可提升之处。浪漫至死的马卡维耶夫等一干导演平心静气完爆你','0c97b90677453812e4f9a3b0dced530e'),(785,157,'老人不是诺亚，那是最感人的一笔','2b208cba8eb20e0a89bf1b9f26e3cc82'),(786,158,'遥远的记忆啊……每次看的时候都想如果Kevin要我做人质，一定张开双手欢迎，然后收紧两臂学足无尾熊的样子抱住他的大腿死都不放。有他当爹，再有Eastwood当爷爷，就是一个perfect world了。肚腩长在有些人身上莫名地就成了一块萌肉','68e04534d83c91bed6341104cf8e39d2'),(787,158,'哭了 小孩可爱，大叔也很会煽情，烂漫的骨子里还有一颗梦想的心','fa3f70d0b957ab34fc88faa7ad066d2a'),(788,158,'我童年时期最刻骨铭心的电影,今天终于找到了','3f7f3722effa62bdf2c62bc94d1fb80c'),(789,158,'潸然泪下~','1b76b34e07453051451d9e8dc5e4e7a9'),(790,158,'标准的有点像是教科书里的故事','1199a5f5c34050974083a5eae5f76ef0'),(791,159,'张曼玉比梁朝伟高，但他们站在一起那么协调。想来，是穿了高跟鞋的她，懂得委婉地低头的缘故。','b52de5c4f0c18ac4605df4d0ab9d78ae'),(792,159,'隐忍的中年激情。＂我一开始只是想知道他们是怎么开始的，后来我发现原来一切都是在不知不觉中发生的。＂','7c92bc11a60592444a256ad7b0409912'),(793,159,'They are in the mood for love, but not in the time and place for it. 剧本很有意思，设置了一对在电影里没有任何镜头的偷情男女，却又无时不刻地提醒着周慕云和苏丽珍不要做爱，所以王家卫镜头里沉闷的男女，空荡的房间里充斥着一种不可得的情欲，极省略的叙事，舒缓优雅的大提琴曲配乐实在是太到','514818eae8f7d4d23ebaa3748761a2bd'),(794,159,'在梁朝伟喂到第二声的时候，我的眼泪突然就下来了','f4dbfcf700ad3c18d71a60e2907778f5'),(795,159,'第一次看，觉得也不晚，年轻时恐怕也看不懂。拍这部片时，王家卫42岁，梁朝伟38岁，张曼玉36岁，的确是要过了盛年才能领会的感情，带着中年人的自制与含蓄，而没有了少年时的热烈。可为什么要叫“花样年华”？也许对他们来说，这时才是最好的？没有鲁莽，但也还未衰老','1c1dbe292863120c7e172dc3847f6d69'),(796,160,'家中早已经没有了妈妈，生活早已经很拮据，水电早已经停了，今天吃过的泡面汤要留作明天拌饭，喜爱画画就画在水电停用通知单上，从公园偷水饮用，把摔死的妹妹埋掉......这一切，都没有人知道','7c59c3e1a672f9496e7202de878d9438'),(797,160,'真是可爱的孩子啊。从《距离》之后，是枝裕和的电影就越来越生活化，有些纪实的风格，琐碎的生活细节，两个小孩甚至算不上表演，即兴发挥的表演也让这部电影充满了生活气息。更难得的是，面对这种狗血的题材，是枝裕和却并没有煽情和大喊大叫，只是让所有角色一起忍耐、承受着，连同观众一起','fc2ef63622032d71a865e336ec42b320'),(798,160,'对于成人世界的不信任在电影中几乎无处不在——妈妈，爸爸们，房东以及房东太太，便利店的店长，援助交易时的男人……','6d7a3e2da8554b67c1c7559dfe9bb6a6'),(799,160,'初工作时认识一位同事，有次一起出差时他忽然对我说起，他从小是被遗弃的孤儿，曾在垃圾堆捡废品为生，那是个夏天，他说话时常走在我前面，白衬衫上有星点的汗印。昨夜看此片，明在午夜霓虹中奔跑的身影，又让我想起他那件刺眼的白衬衫，一瞬间心酸莫名。这些，都是在世界的某个角落里，真实的人生啊。','ec5faaf2d886806b9af21de268954d78'),(800,160,'为什么一部如此沉重哀伤的电影，要用如此平淡甚至轻快的笔调来描述？无法上学、无人疼爱、停水断电、缺衣少食，甚至最后面临死亡。但是不是日复一日的生活会让我们变得麻木？亦或者是变得坚强。一人でも生きている。','c2bf07610ff9712b26ae429b88e21568'),(801,161,'Jared Leto的腿比女人还美！！！Jared Leto的腿比女人还美！！！Jared Leto的腿比女人还美！！！Jared Leto的腿比女人还美！！！【说正事，这热血抗艾片真是百年难遇地好啊，仔细想想，能把life outweighs money这种俗道理包在热血的外衣下讲得这么动情深刻。fuck yea cowboy!!!!','f399eb7dc29feb6cb2f5accfd3ead43e'),(802,161,'绝症不可怕，绝望才可怕。绝育不算难，绝欲才叫难。','199c7f66cc42df963d166c69ad0a55e6'),(803,161,'本片最打动我的地方是杰瑞德·莱托的那一句：“I don\'t wanna die”那种在垂死边缘挣扎的痛苦蔓延了整个电影，原来再堕落的人也有求生的欲望，而且他们比我们更痛苦，因为他们用玩世不恭来伪装自己。马修·麦康纳和杰瑞德·莱托的表演让人潸然泪下，他们值得一尊奥斯卡，直接五星送上！','32704ca195ee1e1ab2db097275f5cee2'),(804,161,'“药贩子的故事”只是个吸引人的题材，其实这部电影和去年的《瘟疫求生指南》一样，描绘了80年代的美国，多数治疗艾滋病的药品还未合法的时候，病人的生存状态，尤其是，LGBT群体的状态（还是用一个非常直的直男的故事来说的）。电影的开头非常好（后面再主次分明点就更好了），演员们非常勇敢。','18a0bc33495c00058628a97f9762a9d8'),(805,161,'jared太屌了 T.T','7b00d3f43411a27fd628299214e92aea'),(806,162,'去年上海一处“慰安所”被强拆，周围群众说那是妓院，对小孩不好，应该拆。我们在犯我强汉者，虽远必诛中集体高潮，却不能正视历史的疮疤……','92b9d65d05e3a6c4f7d6d57c813c8322'),(807,162,'关于应不应该拍这个问题，没有记录，最后真的会变成从未发生过。记住并不是为了带着恨，只是有一些东西不应该被遗忘。','b4955931d7d615396a3973df6f862b1a'),(808,162,'被将近结束时的一段话打中，大意就是，早知帮她们跟日本政府打官司不会有结果，就不去打扰她们了。其实，不管是去打扰她们，还是不去打扰她们，我都能理解。只是记得尊重她们，尊重她们的疼痛。她们不是被八卦的对象，也不是国家间唇枪舌战的武器。','35ce0e1ab72d104609980eb9fd21552d'),(809,162,'对她们的正确称呼是<二战期间被迫充当“慰安妇”的受害者>。','ce543d42d7b96723863543514ea9b166'),(810,162,'我不认为影片的哪一帧是浪费的。愤怒是一个点动的情绪，没有人能持续愤怒70年，最终一切的情绪都要归于生活，归于平淡的一分一秒。被迫成为“慰安妇”，愤怒过后沉淀下来的是什么。我很欣赏郭柯的镜头语言，因为那才是生活。太多的事都太难，而她们很美。《阿里郎》很美，知足很美，友好很美。谢谢。','cc9ed3c14ef93c1a606ee25b0ff66e45'),(811,163,'老电影总是快乐得那么纯粹','c88f430d5298d358a6194f840c74891c'),(812,163,'我曾无数次从《发条橙》、《AI》、《如果爱》、《WALLE》里看到对《雨中曲》的致敬 今日终于承认：这就是人类歌舞片的巅峰，超越《音乐之声》，秒杀一切，无与伦比。当然 刻画、节奏、布景等等有着非常多的毛病 还是搁置下来 好好看看吉恩凯利俘获美人心时的那副小样吧 这绝对是影史最珍贵的片段之一','759c598adf4ebb701807f38c5053130c'),(813,163,'永远记得他在雨中高唱“I\'m singing in the rain...... ”，一下雨就常常不由自主就哼起来。','9145879768de758a107e9b9656174aa4'),(814,163,'无声电影向有声电影过渡时期，着实废了一批无声电影明星，一部分是因为嗓音，一部分是因为表演，无声电影演员的表演，效果夸张，类似戏剧，而在有声电影里，这种浮夸的表演显得十分的刻意和做作；这部雨中曲，一直都是影史的经典，搁在今天来看，也只剩下精彩的歌舞了。','e4d8289a0d39da6fd6fe742f6807b40c'),(815,163,'除了那个多余的”百老汇旋律“的唱段，这部片儿简直完美啊。重看时发现剧作上有一处颇具匠心，片头唐讲述自己的从艺经历时的现实与故事的反差，结构性地提示了本片最重要的有声电影/配音的剧情。（不得不说那个音画不同步的梗实在太好玩了！）','eeee4a637f65996a34de04aa6f96da72'),(816,164,'那恶心的厕所。','e1df9e02f3ebe11423204630bc71faa6'),(817,164,'开头：Choose your future, choose life, I chose not to choose life.\\r\\n结尾：Getting by, looking ahead to the day you die.','d31ea78af48d9f682b6e6586ea860a16'),(818,164,'就一点想法，而且与电影无关：外国连个吸毒的流氓都知道和未成年发生性关系是违法的，即使是人家自愿的，但在天朝。。。。。我就不说了。。。','61ed806567c46d83cb035efa73e2a1fd'),(819,164,'马桶原来里面是海洋呀。。','61a8e5601d4ff0eb8ff7a904aa37613a'),(820,164,'作为一个烂人走出堕落青春的故事，《猜火车》里的毒品和《皮囊》里的性一样，拥抱虚无又渴望存在，英国孩子们的这一类青春文化就是从带着叛逆与不屑的粪坑里爬出来，走向他们曾经鄙视的平庸，与狐朋友狗一起阳光灿烂的日子只能是粪坑中的臭味相投，而脱离了粪坑以后自然无感于那些曾经一起蠕动的蛆虫。','a9fb021324c047e6c3a28913aa27796b'),(821,165,'真正的经典电影绝非是口口相传，继而跟风装B，而是即便过了那么多个时代，如今看来依旧让人发自内心由衷地喜爱它称赞它。此片真的是经典，费雯丽的表演震慑人心令人难以忘怀。尤其是从她极为迷人的大眼睛流露出的眼神里包含着的各种情绪（而不是像如今很多女星那般眼大却无神），羞涩甜蜜幸福绝望绝决','49aea74d2057aebeeff55f923d212cf2'),(822,165,'早期的剧，译名那叫一个经典，一个快狠准，那个时候有匠人精神。','a2f24ffc246a5fa50ae86b249590376b'),(823,165,'说实话有点失望','942fa1bcf9731b0433acfd86062da325'),(824,165,'“我爱你，我从未爱过别人。”经典的爱情故事就是无论发生在什么年代，无论是在什么样的文化差异下，都能够唤起大家共鸣的情愫。★★★★','b20b4a9e9376ee5c97e0de3b49e39723'),(825,165,'超级经典，女主最后的悲痛和绝望，真的太让人心疼了','92913861ab6dfcbb201223b2a1e6c5f7'),(826,166,'打多少星都不够','51919d352685dfe9a446aebee58e4e19'),(827,166,'我在未来等你...','5395ef74d3f24319e50f2c0a0095b567'),(828,166,'情节未必值得推敲，但那份有关青春懵懂的情感十分真挚，令人感动。','a356291c89fc371e0a82d7e8e4849391'),(829,166,'画风蛮喜欢。不必去深究时间穿越这个设置背后凌乱的逻辑，片子其实只说了一件事：Time waits for no one ，做自己喜欢的事、爱自己所爱的人，都要现在就去，跑着去。倘若对方姗姗来迟，你就要跑着去迎接它。时不我待，只争朝夕。','2d6107bd7387b3ff3ac893737784cff5'),(830,166,'好想回去啊，那时候的一件小事，都是眼前的“灾难”，不会应对只能逃避，心里默念“快点过去吧快点过去吧”，就真的这样一下子过去很多年。再想回去，次数用完，谁都办不到了。','0507a53d555467f3bfd5f854ac3c2060'),(831,167,'队伍配置中奶妈的重要性','b34481d3326d68aa55228785d3027998'),(832,167,'救人75命，胜造525级浮屠。','8649a082cc1ebd741d3ad30f1c7b0f6c'),(833,167,'“每个人的信仰都值得尊重，这就是最真实的我们” 我操，好久没看到如此热血经典范儿的电影了！复古老派，却看得老泪纵横。继上一部导演作品《启示》后，阔别十年的梅尔·吉布森依然出手不凡！恍惚在看2016的《地心引力》《勇敢的心》《拯救大兵瑞恩》《辛德勒的名单》…（短评也得老干部一点','f3e2b9ec76afbb4a1454ac2d8f4287c2'),(834,167,'真实故事非常值得尊敬，但是这种满屏飞肠子的宗教狂热/主旋律的抗日神片风格实在不能认同。槽点多到数不过来，加菲主角光环大到可以徒手接手榴弹，队友捡回来的圣经可以直接穿越成入党申请书，日军智商战斗力全程不在线，没烧悬崖边的绳索，也不知道往下扔炸药包，啊…还有那迷之展开的感情戏…','1d43c6b05c60ae00fcefafc387bfdc9e'),(835,167,'3.5 前半小时和爱情戏俗得发指，从入伍开始才走上正轨，上战场就很好看了，虽然时不时出现的槽点还是会让人出戏，但最后成功被煽到。Bromance基友的存在感和感人程度抵十个女主告诉我不是一个人。对加菲的印象也大有改观。','3110149aa5a8be781a3a4b08af32dd77'),(836,168,'哭啊 一直在哭……','4d113c03ec8e5745a62fb7435bc95bb4'),(837,168,'哭得稀里哗啦~','844ec9cee1e81d0003500d638b8a980e'),(838,168,'还是很感动的，虽然很多人物都比较脸谱化，但是依旧感动','5bf589599841ac925fbdfea151479483'),(839,168,'人与人的爱，不是被任何一个条件所限制的 而是出于本能。','11d6059032bba89a06e5a92f8a0bfec0'),(840,168,'这是一部集合了感人故事和演技超强班底的影片故事','6428206a3cd09e0f733da90484e278f4'),(841,169,'我纯粹是喜欢那抱着松果的小倒霉蛋儿松鼠，哈哈……','6173921a1e8bbf6cc1abcbbb18cc70f2'),(842,169,'啊啊啊，我能为那只松鼠打十分！！！','85091bf337f42555e2652a2f1e0e1537'),(843,169,'整个电影我最喜欢的是那只松鼠，真是太可爱了','d587fd519d06c9a44d00471dae6f9e60'),(844,169,'这是一个人类和大自然和谐共处的年代','66c9ae109cffb3a343d827e7f34f8151'),(845,169,'很喜欢那只抱着松果的小松鼠，很有趣。','b023cde505b3592956cc9552161d3265'),(846,170,'那只熊在自己缝自己！！','b4858d41b86379ed4e5ea9e3a254b266'),(847,170,'我要一只泰迪熊和一个舞男乔。','a9165de3eb290c0200058ff3b8c104fe'),(848,170,'这是库布里克生前一直想拍摄，但因当时技术条件有限，终究未拍摄的作品。斯皮尔伯格继承了他的遗愿，完成得如此精妙，可惜最后与影片格格不入的结尾，还是向商业作了妥协。','25cfd0bd8ff70d47937c2c724aa455d3'),(849,170,'让我看哭的都是好电影','52ababcfdc50e8bceda0fb3932ecbb57'),(850,170,'如果不能爱我很久，为什么要启动我爱的程序？','5eb0fafaf287a1dc23b124854bf81375'),(851,171,'如果你还有空去琢磨片子里的不人道行为和思考扭曲的人物关系，那么你也许错过了其中最美妙的部分：节奏。整个电影的剪辑踩着每一个最扣人心弦的镜头行云流水的推进，两个主演的表演也是每一帧都没有跑调，片中所有的轻重缓急都似乎是浑然天成的组合，推着人随节奏进入到只属于艺术人生的不疯魔不成活。','6da98980e022145ceb1f51f5eb2ed087'),(852,171,'我不否認在觀賞度上，這是部精彩的電影。剪輯犀利，節奏甚好，男主男配都有優秀演出。但是我不認同裡面所肯定的價值觀。亦即用肉體/精神虐待逼迫出來的人才是真天才，並認為這種\"犧牲\"是必要。我只能說那是終於找到男主可以互殺互陰配一對，但在那之前毀掉了多少個喜歡音樂又有才能的學生?','005efdf454eb8edc2c0d0bae4668fe70'),(853,171,'J.k.西蒙斯应该能拿下男配！这片子的节奏感实在太棒了，爵士乐和剪辑简直融为一体了，还有西蒙斯机关枪版恶毒的台词，脏字就像鼓点一样密集且激烈，几场打鼓的重头戏在镜头上都是细碎古怪，靠剪辑重新赋予整体戏一气呵成且不断加速的节奏，可惜整部电影还是碎的，否则就真成大卫·芬奇了。★★★★','49bdd791702a226e2856947cf4b52102'),(854,171,'清晰果断。……另外这部电影真是不错的试金石，看看短评就知道了。只从中看到痛苦，而看不到痛苦之中挟裹着快乐的人，大概从没认真追求过什么。','0a2c59b999587143bf836d9ea25ad38a'),(855,171,'第二遍看的观感落差略大……之前那种在紧张气氛下的恐惧感不在了，单靠剪辑节奏创造的强度也就少了许多魅力，倒是因为过于戏剧化的情节在心里不断减分。况且对这师徒俩哪个都没啥好感，真碰上这样的老师和同学大概恨不得一手弄死一个吧…','7add0c8245264631947d08dda4bd32d8'),(856,172,'由个人魅力领导 不平等社会因素推动的独裁主义遏制除领袖外一切个人主义 妄图以集体的力量去对抗所有不平等 逃避现实 忽视个体的重要性 只要还有贫富不均 那么法西斯主义的民众基础永远都会有的 ','a7854573d1bd0d7374b8704dc5c6678b'),(857,172,'（真实事件是发生在美国的）','5c20653761ac50bad638d76ec1a50ffd'),(858,172,'他们入戏太深,而我们连演戏的自由都没有.','b78c1efcda622307320f2020fd8a3671'),(859,172,'君子朋而不党。保持每一个独立思考和人格。这是我反对任何机构和活动“党同伐异”的基本原因。包括乐迷、包括观众、包括粉丝，狂热的、无理性的、邪恶的、革命的、红卫兵式的、党卫军式的群体爆发。这不是游戏。后果不堪设想。你知道我在说什么。 ','1b1e6f6c06a16be23018615b70368115'),(860,172,'如果把背景放到我们天朝，除去发传单的反对者会被悄悄处理和不会有结尾外这个电影就成纪录片了。','83b1af87335a7bb760522ae86fe0a974'),(861,173,'人因羞耻感而保有秘密，却又因秘密而困锁，但又因坚守秘密，留有一份尊严。难以言述的电影。','13801cd1669a619bb87902325e72a09d'),(862,173,'这片不用德语就是先天性第一大败笔。改编没做好，知识分子气十足的小说被TMD改成了情色片，sigh，书还是很不错的。','92bda677fc5f1748cdce912f273f0ffe'),(863,173,'上、下部跳tone太厉害。影片末尾真是累赘至极。\\r\\n有一个镜头很美，汉娜离开后，麦克在湖边，他脱了衣服，把脚放到湖中，幽幽的湖水裹住他苍白的脚。这个镜头很独特。(为什么独特我说不上来，我只能感觉到。应该要把抽象的感觉化为理论的东西，我仔细想想。)\\r\\n\\r\\n还有，汉娜到底有没有罪？虽然良知薄弱，但片中教授说到，主导我们生活的是法律，法律要的是证据。\\r\\n道德虽广，但毕竟抽象；法律狭隘，但约束力强。\\r\\n在...','cfc88d766e001bc8c0cb19051ab92f3c'),(864,173,'2008剧情类年度最佳！“我什么都不怕，越是痛苦，我越是喜欢，危险只能让我更加爱她，能让爱升华，带给爱趣味…只有一件事可以让灵魂完整，那就是爱！”肥温演技的完美之作，史蒂芬·戴德利没有让人失望。一个如此简单的故事可以讲述的如此曼妙与深刻，爱真的可以超越一切。','4963799114bd080f699933b2ff55a040'),(865,173,'这种影片放天朝早他妈被禁了','cd6306169c65d8403640735a0bdc1739'),(866,174,'看不下去啊看不下去啊女主角太丑...','4a77f8a6d3f9b2407cdb863fc00abae1'),(867,174,'倒没见着大的恶，只见到了人的软弱以及在他人面前掩饰这软弱。。或许软弱就是恶？片头还以为是中国片呢，林中那段光影很不错。里面的笑声有些做作。。。','7130b5ee02c30b6274c8736f3bfefbce'),(868,174,'人，不需要任何理由就要说谎','e0756f6ff0799d08b115dc5ee0159bb6'),(869,174,'如果早看便会早明白一些事,但有些错仍需不可避免地犯.所以不必费劲脑子想那些没亲眼见到的事.见到都未必与对方达成共识,何况只是听说只是异想.','647d77807cc392715a9ef7513d1fc305'),(870,174,'凑合，跟芥川龙之介的原著没法比','1bd99b50133388841bf0787dfa767e29'),(871,175,'片子结尾将一切坐实为留美所为不能不说有丝遗憾，其实我个人更赞赏影片60多分钟时的那个剧情构思和说法，即，之前所发生的一切只是一个名叫高仓阳子的平凡女子的人格分裂，把自己幻想为偶像歌女雾越未麻，把自己不堪回首的遭遇幻想成在演戏，藉此得以解脱。','4801303284f3ffc366ce7ccbf544c7a4'),(872,175,'够黄够暴力的高智商电影，97的电影，今敏的确牛逼。','61c0261567e0dc12977b7dad99d80d70'),(873,175,'惊艳，这片子夏天看可以降温。','662355e7e876d9980791e5ed3ff090e0'),(874,175,'日本人真会扯，日本偶像文化之变态写照。虽然今敏这部动画各方面还算可圈可点，但由于悬疑类书籍阅览过剩，这个结局在片子中段就被我猜透了。','d86551d9e92e1d6a7ab6a9ece39394c4'),(875,175,'高度写实，心惊肉跳！','a200333869fed651a4ca277e7ad6288b'),(876,176,'这简直就是一部资本主义发展史，出生于最肮脏和腐臭的地方，却追求最纯粹的美，通过杀戮得到迷惑人心的力量，就连最痛恨他的人也甘愿俯首称臣，最后犹如寓言一般消失于这个世界......','676e1f90ef91631f5676845ec5caab81'),(877,176,'有人曾告诉我他不顾一切寻找的其实是爱情的味道，爱情也有香吗？他试图拥有世上最奇异圣洁的香水，当世人在广场狂欢，以达爱与欲的颠峰，他却在最后发现他已失去爱人的能力。没有爱情，香味消失了。他仿佛从未存在过。','3b19134076fde63e4260c0ce8a4a7786'),(878,176,'是的 我不懂艺术 我就觉得这是一部大烂片','2d4ffe7108c7b05e4c044db7450c0897'),(879,176,'如果当作一个犯罪片来看就大错特错了。对白不多，但镜头美的像会说话一般，万人发春的场面堪称经典。这海报跟东野君《变身》的封面有什么关系？','4c876db24a98b8c9dd812fba38db6749'),(880,176,'胶片群裸就是不一样。。。这种从故事到情节到化妆到道具到一切细节的精致，才能让人丛大银幕上嗅出香味。离这种精致，我们还差多少年呢。','81e2d8b9cc909d9e4415c4feefd86be2'),(881,177,'舒尔茨大夫不远万里，来到米国。一个德国人，毫无利己的动机，把强哥的解放事业当作他自己的事业，这是什么精神？这是国际主义的精神，这是基友主义的精神，每一个好基友都要学习这种精神。','46ae8b9ac048b9518701f3b130b949fc'),(882,177,'感觉比《无耻混蛋》都要好看啊！','b783b88892cad9732189770fddeae38f'),(883,177,'4.5。1.痞子昆就是这样，见你犯困了，他就来场重口味强心剂，于是，你又屁颠颠精神百倍。2.头套突袭那场笑喷了，炸平糖果庄园后的示爱也超浪漫。3.遗憾，姜戈痞气不足，沉默期与着魔期的跨度可以更夸张些。4.配乐及部分诗意输出不如[无耻混蛋]讲究，但台词更见功力了。5.同以解放黑奴，与[林肯]暗合。','53cac40f471658f793707bde6d05f523'),(884,177,'@时代飞越~ 2013.05.18 其实说起来有些小失望的.','f58371b347f09e9171500cef1317aa65'),(885,177,'一部很high的意大利通心粉西部片，就是那种影迷们期待的痞子昆电影，竟然片中人人都觉得奴隶制很正常！诡辩的话唠神逻辑，绝不吝啬的番茄汁，类型杂糅的舒心配乐， 克里斯托弗·沃兹和塞缪尔·杰克逊神棍级的表演，最后故事又在失控中走向疯狂了，唯一的小遗憾就是影片剪辑的节奏始终慢半拍。★★★★','a830f2aee321f0e50e3df397c630edf1'),(886,178,'果然想象力爆棚！最惊喜的倒不是五种情绪的互相作用，而是对影响性格与情感的个性之岛、核心记忆、抽象思维、造梦工厂影像化的呈现。记忆废墟的设定太催泪了，那些被遗忘的曾经和所有崩坏的岛屿，就是我们成长的代价。','49a866aed3e9bca0f848dd1cb3baeba5'),(887,178,'不止是卖萌的画面和天马行空的想象力，看完电影后会重新审视自己的情绪，记忆，甚至梦境。BingBong消失的时候我哭得和Toy story3结尾时一样……','0ee133a429d478baa8aab94cdcd0678b'),(888,178,'好看，想不到一个动画片竟然看得我老泪纵横，从头到尾多处泪点。并不是说有多悲，而是从心底的感动。它会唤起你诸多的回忆，那些亲情与爱，难忘（或已经忘记的）回忆瞬间，一切都是这么真实又细腻，又是在这么一个充满想象力的故事基础上呈现。最终仍是成长与告别。真是服气。','0cf07fd38d235f53cb6a7d8be1a29611'),(889,178,'简直不得不佩服这把各种情绪拟人化的想象力，超乎想象的完美诠释！各种情节人物关系的转变，到成长后懂得的复合情感，简直连最后猫狗的头脑都描绘得太形象，那个曾经第一的Pixar终于回来了。','a5a6c2c034f7f1ac1005207fccce18b3'),(890,178,'这部探索“脑洞”的动画新意十足，重回最高水准的皮克斯用它成熟而独特的叙事节奏牵引观众的内心，成长道路上的阵痛与迷茫最终迸发','9c63df1abdfde032b4327f15c46a825b'),(891,179,'梁朝伟在阿飞正传中的登场令人匪夷所思.这也使得王家卫超越了一般的闷骚.（180630影院国语）','1df08c2c338e600c60090fe2c2fc480e'),(892,179,'虽然看不太懂，但片中张国荣实在太让人着迷了~~','9036873aea3fef746801bde913f3d46a'),(893,179,'“我听别人说这世界上有一种鸟是没有脚的，它只能够一直的飞呀飞呀，飞累了就在风里面睡觉，这种鸟一辈子只能下地一次，那一次就是它死的时候。”  “以前我以为有一种鸟从一开始飞就可以飞到死的一天才落地，其实他什么地方都没有去过，这只鸟从一开始就已经死了。” ','7304973caf09e46ef77bd36ae3cc84b6'),(894,179,'他最终还是没能飞起来；她最终还是忘却了；他最终还是没能接到电话；她最终还是割舍不断；他最终还是卖掉了车；她最终还是去了美国；他最终还是踏上了2046；他们 最终 还是……','86695c880febd84d4cc6bc7b9b5637a2'),(895,179,'愣头青假装小资青年','328e77778135e0bad8febdbde6ffd2d3'),(896,180,'在中国最傻逼的问题就是：“县里不给你们解决经费吗？”。最耐人寻味的回答的是：“我们没有编制”。众所周知的是，有编制的从来不管这些事情，因为组织没安排。','dfd3c492928a537709e48e96070abdd9'),(897,180,'看了陆川近年的作品...觉得这片绝壁不是他拍的','0508c95ed4813da5a0be821750bd3d2a'),(898,180,'陆川的寻枪之前看过  没啥感觉 但是这部可可西里 应该向他致敬','7e1f68a270f613429d96d3d1b6d94e19'),(899,180,'当和你一起出生入死的兄弟死在你的面前，可你什么也做不了，甚至连安葬的能力也没有……','2f3eee59a3bbbb1668f94278d43a12d7'),(900,180,'中影史：这是一部反映生命历险的故事片，它通过猎杀藏羚羊和阻止猎杀藏羚羊这个载体，讲述了人在绝境中的生存挣扎和人与自然的相互抗争，讲述了可可西里巡山队从诞生到被解散的悲剧命运。这本质上是一部关于存在的电影，是一群人为了活着和另一群为了活着的人存在的故事。','854ef493974a45633b1bdb1021833c84'),(901,181,'我看过的最好的悬疑片，为了严谨，加上之一。。。\\r\\n一个循环的世界，西西弗斯的世界。。。\\r\\n看完给人以警醒，我们总是在说，如果给我再来一次的机会，我一定会怎么怎么样，但是真的是这样么，电影给了我们一个很好的答案。。。\\r\\n最后再说一句，看懂了这部电影的人，会毫不犹豫的给5星。。。','b997012eb6ba682c7e60a4e9ac7ba098'),(902,181,'不要企图在重复中寻找已经失去的爱','0a0ec8796f38548b40904b63e3eff963'),(903,181,'好吧，Triangle，多好的名字，谁TM给译成《恐怖游轮》这个标准的B级片片名的！？','08a55a0b12b6a59c2ced82401ff89d28'),(904,181,'一点细节都不浪费多余的精巧结构型电影～把循环轮回的结构发挥到一个及至～女主的美腿穿梭在N次的命运交汇过程中～层层推进又把细节先后安排滴水不露～导演功力真的很厉害～为结构型命运电影又增加了一个辉煌～','c018a8719b3d64f5badacfd0b3135ca9'),(905,181,'有小聪明，少大智慧~详细一点说：导演有一定匠心，但是全片看太注重一些边边角角部分，整体结构上显欠缺，解释不合理，主线力不从心，细节再装扮的故弄玄虚也算不上上佳之作，姑且三星','5c83070a9910f5b64694ef627278147d'),(906,182,'这一次要给新海诚打200分，在我鄙视他不过只是纯情小清新的10年前，没料到有朝一日会在电影院里哭到断气。恍惚看到了穿越时空少女时期的细田守。为所有的少女心和中二病鼓掌，青春不死就能相遇，就能拯救地球。现在我抹着眼泪走出影厅，看到后排的少年摘下眼镜，嚎啕大哭起来。。。','8960a51f65878cfa017606f58ef13bd1'),(907,182,'除了画面都很一般，还有大家是不是真的没看过触不到的恋人？','2efde39d2770b3822989e01a7d1a8982'),(908,182,'错过和努力才是爱和青春的墓志铭','d477a484b9739f9655b85a81bb5be399'),(909,182,'新海诚终于会讲一个复杂故事了，真不容易啊！当年那部搔首弄姿、无病呻吟的“言叶之庭”差点让我转成终身黑，“君之名”却轰出了我睽违已久的少女心。彗星降临的末世情怀，穿越时空的灵之绳结，只有7秒钟记忆的鱼...星空、爱情以及所有遇见都是注定。','7b8eed94c02e7c43036645909b8cc7a6'),(910,182,'你我相逢在黑夜的空中，你有你的我有我的方向，你记得也好，最好你忘掉，在这交会时互放的光亮。','41dba1588cc44fb6572cb6d97431a887'),(911,183,'一个教育女儿坚持写正确答案，哪怕为此开罪老师（权威），哪怕为此失去分数和成绩（利益）的男人，却手按着圣洁的古兰经流利娴熟地撒了谎。而一个没什么文化，艰辛挣扎在社会底层的女人，却在向古兰经宣誓之前，想到自己说出的可能是难以确证的谎言，而瑟缩崩溃地说：不，我还有疑虑……','3a1036df26048d4c4ef4ad313ab6f29e'),(912,183,'伊朗人至少有信仰','33a2abcc0a460c509fabb3d35a97dd93'),(913,183,'真心好片，基本可以给五星。肯洛奇（重叠对话）+达内（手持摄影及剧作）+基斯洛夫斯基（道德故事）却不失伊朗本身的位置，基本超出了东方主义的规定。故事做得很复杂（只是因为拿掉了两个关键镜头！），拿捏“政治正确”真是精到舒服，可怜之人必有可恨之处。空间设置很精细，剪辑风格大赞。光糙了……','c48b1c20b23e9866a1c5f33f60db2780'),(914,183,'四个字：好！看！到！爆！全片只有最后的一点钢琴声作为配乐，但是跌宕起伏得揪心，人性信仰深刻得刺耳！','4ebaa2f3fc618e4183b15bd0b5ad6fbd'),(915,183,'一个战争与宗教包围着的国度奉献的一部佳作，可以称之为实至名归的金熊奖最佳影片。大量的手持镜头，用客观而冷峻的镜头讲述着两个平凡家庭的琐碎与冲突，人物刻画入木三分，故事的悬念更是凭借着适当的掌控丝丝入扣，直到电影完结仍使观众处在情绪当中。★★★★☆','8d392bf3b3b478aa9e471faa68026c3d'),(916,184,'电影开场一个半小时：卧槽原来这孩子是男的！！！','91132146c7f65fbce7cec7b8af736d47'),(917,184,'确实好电影，低成本，无炫技，本以为会很无聊，没想到俩小时里基本没有走神的时候','4217315b86ef47e927f832c38ef87ad1'),(918,184,'获救或创伤治疗的故事本身俗套，杰出之处是对那个孩子经验的世界的展示，我们都曾独有那个先验的经验主义的特异时空，却最终被这个符号的单一世界取代，有人温柔告别有人没有告别有人甚至忘了它的存在。问题不在于world解放了room，而是我们应该将room扩展至world，如果这真的是德勒兹的世纪。','00dbb08ca0d54d0d9e77200595458c25'),(919,184,'女警察询问那段。。热血沸腾','5165a2f58ed0ccc369fe5c0362e51200'),(920,184,'目前看到的年度最佳！在相对自由和绝对自由之间，电影让我看到了人活在现代社会究竟是一个什么样的状态。虽然空间的转换让电影表面上画风突变，实际上不同空间里人对周围的反应没有变，时而压抑得令人发抖，时而被温情融化。爱让人安全，为了得到安全我们开始占有，占有又毁灭了爱。','b1660f2494d1e16352a809996445c750'),(921,185,'“虽然你行的是鸡鸣狗盗之事，但也不用摆出一副鸡鸣狗盗之相。”区区6000美元的成本，克里斯托弗·诺兰一人负责导演、编剧、摄影、剪辑，虽不及《美国丽人》、《肖申克的救赎》那样的经典处女作，但也绝对可称之为传奇，短小精干，非线性叙事的佳作。★★★★★','6696cd6332a59961f5d4099c85796f88'),(922,185,'虽然你行的是鸡鸣狗盗之事，但也不用摆出一副鸡鸣狗盗之相','54e9f56fce4ccf821b70ee54cfc74c31'),(923,185,'两个发现，一个主角叫Cobb，另一个主角房门上有个蝙蝠侠标志。','a9305181ff62f059b3d6284f02797152'),(924,185,'在走入社会之前看，很是及时——这是场充满残酷美学意味的游戏，最致命的陷阱就是自以为是！','f9047b35fc4835bdad2b80e8f548b319'),(925,185,'处女作总是惊人的。','03a42615c8da8dd6a4bf9bd0890fef81'),(926,186,'多走线接近完美的剧本在美国其实并不少见.但仍旧不理解为什么断背山会输给它.','dbff6e843c8f12b43099572927471ff2'),(927,186,'這個奧斯卡贏得值而且贏得漂亮！我愛隱形斗篷那個故事，太棒了！','8cdd147bfcd17ab2aace2fc4a2614df9'),(928,186,'当导演有些用力过度，当编剧非常称职。如果我是评委也选它是最佳影片，不是因为最好看，而是因为最反映社会现实。','12fc7018d4a9e67c9b17b86a5da341f4'),(929,186,'奇迹、正义和爱皆无处不在..先说缺点：收尾相对较一般，加入中国人稍有做作感，父亲是糖尿病的警察的那条线，主轴上稍微有些交待不清，奥康纳那条线也有些不够力度..除开这些以外，通过各种犯罪来探讨种族与隔膜并非新鲜事，但仅仅那双隐形的天使的翅膀，仅仅那一组镜头和铺垫就已经值得五星的评价','48a3330d91025cb95c93a0efaac2e49e'),(930,186,'有点太假的感觉。','b6d9ee1daf501fd1b49c7335560f8404'),(931,187,'记得住的几部片子之一~很羡慕主角~并不觉得他失去了什么~','f2a311a5fdc7c17e0a5ef2e93b892d37'),(932,187,'他弟死得毫不合理','78b9b034688aec4ab16de23e141add38'),(933,187,'记得罗德岛战记动画版最后一段是这样的...\"有一个梦想成为英雄的少年...他以光明为目标...坚信通过战斗可以驱除黑暗...但有光明的地方也必有黑暗存在...两者的斗争将永远不会停歇...当认识到这一事实之后...少年踏上了成为神之英雄的道路...\"','19de7c365935a368104f2ed63733c855'),(934,187,'看多少遍都可以找到新的感觉','5e444344c78faaaa308ef3394f9436aa'),(935,187,'还行吧，记录了一个超级军火商的职业生涯、生活、以及心理状况等等，其实这些东西主要还是为了讽刺世界上的灰色政治与背后的政府，归根到底，说反战也好，说晦涩的批判也好，最后都看明白了，就得了，算比较平铺直叙的东西。','634e0f320d1231f602cc8f2e599a05fd'),(936,188,'太惨了，做人怎么能这么惨，惨得我和女士看完电影坐在椅子上一边擦眼泪一边思考了五分钟人生，上一次哭成狗的lgbt电影还是断背山。现在终于感觉，一个很厉害的人过得很惨，比一个很惨的正常人丧多了。','0c8ee7eab3c7485c9f41ca7a86beec60'),(937,188,'看完之后才理解为什么学校的数学楼叫alan turing building，为什么工程学院的咖啡馆叫enigma cafe','ed843ab0734efd0ca236b4ec66c1d379'),(938,188,'什么片子配上Alexandre Desplat这种学院派的煽情配乐都能让你感动，更别提这片子还有讨人喜欢的腐国文艺片气质，还有男女主角优秀的表演和一群熟脸配戏，背后还隐藏着一个伟大的男同爱情故事。不过将图灵的一生编排进这样的颁奖季类型片，时代背景，无名英雄，天才与自闭，没什么惊喜。★★★','e77670b3221defab962079b3d6cb26c0'),(939,188,'现在这种精致的人物传记都大同小异。尤其是天才式的人物，他们大多呈现出同样的性格特质。不过过程中设置的层层障碍，让解谜成功的激动还是很振奋人心的。而影片最终还是把重心落在了同性这个话题上，一个伟大的天才，终究才是要毁在那个时代对同性的迫害上，确实非常可惜。BC表演确实不错，不过影帝难','108185d633ac3f180686ad45dc4a9c43'),(940,188,'1最佳soul mate是去掉性吸引力 你仍是完美伴侣  2唯一爱你的方式，是建造一部解决人类所有问题的机器，冠以你名。 卷福又上升了一个新高度，演绎淋漓尽致  结巴天才四星半','ba401f6e1e89ac29e66e27ae1196032c'),(941,189,'节奏太慢了…','850b00c0b4258ddaded9d72522b8a82d'),(942,189,'太感人了，泪水哗哗的，歌太好听了，印度电影真牛！','5bca4fbf4c257b6e68dacb8a6dc736b6'),(943,189,'看了三个白痴以后很喜欢 Aamir Khan，为了看他才看的这部电影，结果没想到看到他之前先得忍受50分钟的死孩子。。。虽然这个孩子有阅读障碍，其实叛逆只是一种反抗，但是死孩子就是死孩子。孩子他哥美好到有点儿假。PS：配乐不错','720c6ab3e8c70397edb685df817663c9'),(944,189,'这是我看的阿米尔汗的第一部电影，其实每一个孩子都是一颗星星，都有自己的闪光点，我们应该去发现。','d76aa663e9e208b15d99251c27ce1a52'),(945,189,'应试作文材料必备片！①极强的细节代入感。②童年印象：街犬、风筝、水坑、棉花糖、蜘蛛、小丑。③希特勒万岁：秩序、纪律、用功。④歌舞传统虽屡遭外世诟病，实而却予影片节奏以强化。⑤水彩如流动盛宴，泼染于画端。PS：想起我幼儿园时爱用彩色水笔写拼音。','5632c23e9283bf90e8c5f326a6a6204e'),(946,190,'气哼哼的人要是爱起这个世界来，真是一把鼻涕一把泪啊。','992d665db68d7edf6a3ce9767140fc5a'),(947,190,'忧郁蓝为构色基调，适当的黑色幽默略显温馨，亡妻回忆杀构建出老人高大的男友力max形象，毒舌暴戾的外衣下是颗极感性的心，所有的抱怨均是对这片土地爱的深沉，古板和偏执让人格更显真实。当然，作为北欧片少不了提下环境与人文问题。北欧的天和一个一生爱你的男人，这就是女人一生想要的了吧。','0266d2a097951c60bdbc579267d5d5d5'),(948,190,'笑了哭哭了笑。人老了真的很容易变得“讨人嫌”：我奶奶八十多岁有一次不小心滑倒骨折，之后她每天都在说，我为什么还不死，活着简直就在给大家添麻烦。那时候我回去看她，被她念得头疼。现在她九十好几，以为我还只有十五六岁，她好像记不太清年月，但有时候我又觉得，她其实什么都清楚。','a1dbdc10dac6122e67e3d2581844f85a'),(949,190,'看天水圍的時候我想，生活就是這樣了。但發現後面還有陪伴。看這部劇的時候我想，生活就是這樣了。但發現以前還有惠及一生的美麗。心都是柔軟的，只要有適當的觸及。','0baac73c54d23852781901d707a4cdbc'),(950,190,'让人想得到美好过往，又想象得出失去所爱的愧疚与遗恨。寻常情节，但在悠扬乐韵浸润下，Parvaneh对Ove生活的介入，总显得特别舒适美好。她太可爱，聒噪霸道却阳光灿烂，有些坚冰，只能由这类人消融。太像相伴Ove一生的Sonja，让人相信命运在悲剧后会作出奇异弥补。而当明光重现，静候感恩便是。','2d9001bccc79295a4e0459e66fb24867'),(951,191,'结尾仓促，情节简单','1d2c578bff334106b6380c47b7769b86'),(952,191,'虽然设定都?????满点可是结局是怎么回事儿好突然……突……然……………………','e3b8dec02b789c041e4aedf250576dce'),(953,191,'看电影最能触动你的时候，就是电影的宗旨在你最迷茫的时候告诉你现在必须要做什么！KiKI成长了，你呢？KiKi又能飞了，你呢？','c0fd1f4f3f7a35063937813283d113dc'),(954,191,'  “成长是一笔交易，我们都是用朴素的童真与未经人事的洁白交换长大的勇气。”','5f20614db9bce70588cca7ad002814f7'),(955,191,'与外表相反，宫崎骏的“核”一直都蛮硬的。观众其实只是想消费一个可爱的童话故事、浅薄地感动一下而已，但宫崎骏总要讲一个大道理，因此故事总要讲得残缺，叙事留下一些豁口。匠人精神所在，不过优劣就掺半了。','3e582ca4d2f7dd2483a5234a64cfe33f'),(956,192,'美版的才是忠诚，日版的看到是凄惨和无奈，无家可归，忍饥受冻，被人遗弃，追打，如果给他一个家，像教授一样爱它，它也不会这么凄惨，只能在车站那苦苦的等待那个唯一爱它的人。','024d1159ab0195565df281fe26759034'),(957,192,'日本版比美国版好多了，有一种悲凉感。人情凉薄，八公在主人去世后，实际上是被主人的整个人际关系网无视了，狗与小社会的对立更显出主人的温暖。看到最后，不掉泪是不太可能的吧。以及，是人就会感动，那些动不动就讽刺人“哭成狗”、“吓出尿”的“高级影迷”们，揣着你的智力优越滚回粪坑去！','6e89e5b6a6d39bae87391103880cafef'),(958,192,'阿八，为何要等一个永不回来的人呢？？\\n\\n','fc7efa45f5ccc86105ca405ee888cb8b'),(959,192,'美国版的更偏童话一点，日版更贴近事实','a33dfbaa7a8b476409061c00826507b4'),(960,192,'反复叮嘱家人：狗狗也有狗狗的权力，要保护狗狗权力的教授，台风天担心阿八着凉所以淋雨把阿八抱进屋取暖的教授。给阿八抓虱子还要整齐排列的强迫症教授。和阿八一起洗澡的教授，看到阿八在车站接自己，满足骄傲的教授。想到这么温柔的人一会儿就要死了，我的眼泪根本止不住。阿八啊，你久等了。','f28eb83e9db88cf2174ee756e3d0348b'),(961,193,'个人感觉外界评价过誉了~~','29148722a5fd14f8d0b8211afea10537'),(962,193,'一个系列的开篇，干净利落的手法，没有任何一点多余的煽情或者莫名其妙的拖延，无论是人物关系、整体的感染力还是极具代入感的电影节奏都做的十分出色，细节也是做到细致入微。★★★★','777a4e2432ade30dfd59436375f847c7'),(963,193,'没有想像中精彩，国外版本的“我是谁”……','92181f733184674b39f07d8bc0082a79'),(964,193,'Clive Owen在本片完全沦为路人甲！','7a2eb3fdee097fb162a276b91af54345'),(965,193,'最后一个杀手内忧郁的眼神呐~~~~','234312f6e7fd5e692581f2378e163589'),(966,194,'那一霎那我什么也没做，只是捅了你一刀。“原来你跟他们一样，对我好就是想改变我。你好可笑啊，你以为你是谁啊？我和这个世界一样是不可改变的…”','f872ce0f045172f75f5dd3abb57f319c'),(967,194,'我怎么都不会想到杀的人是她','e0a7ba1a2707edf8ca2db405877261bc'),(968,194,'从那一刻起，我爱上所有类似张震的男子。','a67c0918767f8bfdad0ddee97b6edf37'),(969,194,'如果小四最后听从姐姐而去了教堂，也许结局不是那么悲怆……','21e527f9434fe45256cacb0a208db198'),(970,194,'哈尼在国歌中缓缓穿过僵硬不动的人群，让人感到这是一个氛围诡异的政治时代寓言。黑帮冲突下是本土与外省的尖锐对立，面对“不要脸”的权力存在他只身求死成为本土命运的先知，无奈彼时无人理解他的行为，只有小四在环境的钳制下逐渐堕入没有出路的深渊。杨德昌超越自己水平的发挥。','85d022745248dace06ad10aee3f2c845'),(971,195,'扫把星来的那一夜。','1f434876fb01ebf880c9d98305230c00'),(972,195,'“这是你人生中一个重要的时刻，是你会铭记一生的事情，不仅是你明天和朋友聊天的谈资。如果你以后想起，无论何时回想起来，这件事都会让你嘴角带笑的话，那就去做吧！但如果你并不这么认为或者不太确定，那就忘掉它吧！因为你还有大把的时间” 被推到绝境的真实，破碎而深省。预定2016年度十佳','9f370d98a9a68fa6bbf047b9913318a4'),(973,195,'人和人的关系有多么的脆弱？你甚至不能给同床的人多看几眼你自己的手机。然而，多少人以亲近关系的名义，忘记了什么叫做界线。人生在世，怎么样才能让感情长久，四个字：难得糊涂。','89b72b63a39c58d2f7162d5e1d165937'),(974,195,'结局怎么可能是和好，是没有做游戏的平行世界啦，彗星来的那一夜姊妹篇','e46c542e6a44018d5ff4684d70b194ff'),(975,195,'人应该学会如何分手。没必要这么凄惨。','eb0f88369b2ea06f5b4aa78287e8bb3c'),(976,196,'伯恩在水下亲吻玛丽的那段，真是又美丽，又悲伤，唉。','c0460e50745f9c66e29eed862e28dcaf'),(977,196,'Matt Damon纯爷们，纯的','b48ea6e494dec4107215a46af0abe9c7'),(978,196,'拍摄手法牛哄哄的！无论镜头、配乐、节奏都无敌的!!!!!','77cb3734d948256fc8e8a3508148a234'),(979,196,'环游欧洲风情片..','47f8dc46915b4d4be37d1816fd5aacf1'),(980,196,'《谍影重重》1~3是我看过的最棒的动作惊悚片了！这三部比碟中谍、007什么的更刺激、更真实。没有美女帮忙和高科技道具，全靠观察力、DIY和身手~ 导演和编剧功力不浅，马特·达蒙把动作戏和感情戏都演得宁静自然。毫无多余的煽情或莫名其妙的拖延，代入感极佳。（9.5/10）','11b2babea11e8d1d732a5245cbff7487'),(981,197,'我操 真他吗黑色……不论你有多开心 看完这片你就感同身受了……','27d5982d89161df3d912ff710594ca3b'),(982,197,'一部极好的反吸毒电影……','c2c5a13c2657790a70fefc7ab6d52e66'),(983,197,'一场没有春天的噩梦','50faab176635eda4699d19de7debddea'),(984,197,'生活都是谎言，只有梦能带来安稳；爱 健康 快乐 都去死吧。','152cd0f060d2e4779fdbc3d14c63552a'),(985,197,'高速切转的画面让我精神紧绷，是佳作但不是我的味儿。','324d4bc7aeff74bf0d9f9eea1d3a2146'),(986,198,'~~想你时你在闹海~~','7122bad116d8eef642bfaac02f053bf0'),(987,198,'哪吒要是搁现在，就是一少儿精神病患者：躁郁症、暴力狂、自杀倾向、逆反心理……辅导人员要密切关注他看什么书，听什么音乐，玩什么电脑游戏，业余时间从事什么活动，必须定期参加心理辅导，服用抗躁郁症药……比美国哥伦比亚中学枪击案主谋更犀利的家伙','6558a25fcc601e94a0b8a8f3cdacdf50'),(988,198,'一个红领巾少先队员粉碎四人帮的故事。58min版本','ddfb09b47c2a072aa5e4e17fa2b19f79'),(989,198,'我都看哭了','77880158328e87242bb86b04702a5e9c'),(990,198,'很经典的老动画片了！那个年代能做到这样这的很棒','30e739d16cc369106af7129b7463075c'),(991,199,'如果有六颗心我就打六星，如果有十颗星我就打十星，别问我为什么！','7da342c5034a62e52b961f0cf1d5e011'),(992,199,'每个女人，也希望她生命中有两个男人：许仙和法海。是的，法海是用尽千方百计博他偶一欢心的金漆神像，生世位候他稍假词色，仰之弥高；许仙是依依挽手，细细画眉的美少年，给你讲最好听的话语来熨帖心灵。','7259d7a695f7cb2b9082ed0f825f37c3'),(993,199,'姐姐，你为了一个许仙放弃千年道行，值得吗。\\r\\n','272178af9fd830a0fbb12e5d51b775b8'),(994,199,'真正觉得不辜负原著的一个电影','6bce5769a9c44894b54a04440ff54086'),(995,199,'徐克最好的片子。','5f082a4b5fa9c08530482c6f8684cdfe'),(996,200,'且看诺曼的last smile  毛骨悚然！','8bfd44c1b6c34690c9698b435f0d37d6'),(997,200,'最后那一抹笑容堪称经典。','d84d1cf0396b132c5851955dd7bd68f5'),(998,200,'老希让人最意想不到的悬疑经典之一。将故事串联起来，本来以为会是与这件事相关，但最终却变成了旅馆中的凶杀：对母亲话语唯命是从的儿子。然后竟又将一切推翻，转变为警局中冰冷的表述。经典的镜头：雨中行车（这里迎接了转变），浴室谋杀（唯美），早已死去的XX的骷髅孔洞的双眼（最大震撼）','d7073568136e9aee7ee40c263556e728'),(999,200,'细节部分处理地相当细腻，特别是母亲房间和儿子房间的对比。这片对于几重人格及犯罪后心理创伤的运用对后世影响颇大，犯罪心理里有一集也是杀人狂儿子将母亲的遗骨保留到发霉，韩国那部老师的恩惠也是。','ca22916f8814ad09d989b973feeae9b3'),(1000,200,'完美的黑白电影，女主角开场不到1/3猝然死去就先让人小shock一下，后面Perkins的表演几乎是完美无缺，有点神经质但又那么惹人怜爱','04df2ffbd6fd9c76dede82251643517e'),(1001,201,'Keira Knightley的衣服真好看，穿出一种闲闲的、不用力过猛的精致。平胸果然是王道，轻盈、削薄、纤细…像未发育起来的小女生，又像清秀版的小男生。只要不用那著名的下巴颏演戏，KK也不是很讨厌嘛。Mark Ruffalo这只卷毛，每次出来我都想让女猪脚跟他滚床单否则不能尽兴究竟是什么心理。','ac9bef4679d5689bc8ab866264bf640d'),(1002,201,'无论从故事、表演还是音乐上，都明显超越了7年前的Once，说不如的无非是出于怀旧罢了。Keira Knightley的唱功是唯一的短板。OST必入。','81fde559963ed2eeb75c979dc87ef299'),(1003,201,'一部好听的电影，来自《曾经》导演新作。由音乐串起来的电影，音乐密布全片，角色的快乐、难过、愤怒、释放，所有表达感情的方法都是音乐。由于原声非常好听，观众也很接受。影片关于一群音乐文青如何用他们的独立音乐对抗世界，虽然很理想主义，但愿望是美好。音乐从心开始。','7583a07e1407f9577dea8f62df548d7f'),(1004,201,'我知道它不完美。我知道爱上和音乐生活的人是什么感觉，也记得他开始给其他女人写歌时，是什么感觉。KK比我想的好太多。Mark和Adam是两个阶段，别做谁的fucking缪斯，记住这一刻就够了。分享歌单踩街曾是我年轻时的恋爱法则，现在都不再重要，想到这，又哭了出来。Mark演的特别好，我爱每一个瞬间。','8ba13dfb38e423f855e97c88477523ce'),(1005,201,'用音乐写给城市的情书，不算新鲜但很讨人喜欢。','93493a710100388abcdc641a575ef0fb'),(1006,202,'近年印度神作频出。三傻，印式英语，偶滴神啊，地球上的星星，贫民窟的百万富翁等等等等。每部都让人印象深刻。此剧主题是爱，穿越种族宗教国家争端，三观正都到不行，满满正能量。很美的萝莉，一脸正气的男主，创意鸡肉舞加上令人惊艳的巴基斯坦雪山美景，绝对值得159分目不转睛的观赏。','86ba3dddf6efb89e4dd59b747b5cea35'),(1007,202,'中国电影 相形见绌了， 印度电影早已经完爆中国了。    全方位，完爆！ 电影本来是有艺术 与社会功能的。我们的现在的电影，与之相比，惭愧、','ea5299864c20ec725064acfb07a6211b'),(1008,202,'推荐！推荐！推荐！\\n理由一，宗教、国家、种群冲突，人性美与规则法律的碰撞。小事件大主题。\\n理由二，有血性，有情怀，有毅力，有原则，有大爱。\\n理由三，男主表现极佳，小萝莉笑容极甜。\\n理由四，片长159分，但看着轻松愉悦。','e5d22cce95497a903df0077fd70076fa'),(1009,202,'《猴神老哥》用心推荐，小孩是人生最难的副本，没有攻略，没有外挂，如果运气好可以组团，最难的BOSS是自己，最好的buff是陪伴。','f1a41d5d2279067910cd9400803a8b76'),(1010,202,'在真正深切的爱意与人性的光芒之下，一切由于偏见和狭隘而被塑造出来的障碍——不同的信仰、对立的政治、分割的土地，都不再重要。','41ecf738bff869ad9551a767126dffed'),(1011,203,'严重被低估的好片。我走到哪里都为它叫好平反。','5bb82d204ce0ef921c9cb676e1971381'),(1012,203,'第一部概念铺设完毕之后，后两部都成了标准的视效大片。','bd8de2165170a6805f95cb6a0299aab0'),(1013,203,'不关别人怎么说，我觉得这就是我看过最完美的系列电影。','8cbf37c5cb99f66d13f76136c79c5282'),(1014,203,'第三部主题升华了，华丽丽的锡安大决战','ac1e3a8100466f9ee9e6ef1ebaba3b24'),(1015,203,'见过太多的才子，才发现都是膜拜的傻子。\\n到底有多少的电影有你的影子。','d80157032b6ce6e39e77d6f4927fa5cf'),(1016,204,'东京那么大，如果有一天走失了，恐怕一辈子不能再相见……','cd49d4700f95c366623854778ac3fd1f'),(1017,204,'经典作品是这样一些作品，我们越是道听途说，以为我们懂了，当我们实际读它们，我们就越是觉得它们独特、意想不到和新颖。','83b28cf68bb5b595ded90f361652d059'),(1018,204,'刚开始的几幕，觉得极做作，哪有众人说的这般好？再耐心看下去，方发觉，在表面的客套和微笑下，内心深处的悲凉。“其实我们是很幸福的。”“是啊，其实我们是幸福的呢！”等到我老时，也会这样和老伴相视而笑么？','50e14a0e4abf87edc662b08c3f02b8b4'),(1019,204,'小津用他的奇特装置拍出他想象中的日本家庭，害得温德斯跑到东京去寻找所谓的日本，而那早已不存在了，或者说，从来就没有存在过。','b0de9c4bcffa51cf926447069238ae6c'),(1020,204,'寒假的一天，父亲出差，我和母亲一起窝在卧室看电影。她想看热闹点的，我坚持看这部，后来她看睡着了。\\r\\n当我看着电影里慈祥的老奶奶时，看着熟睡的妈妈，我觉得这就是天下母亲的模样。\\r\\n','c0073a68946197d9a3c6b97e7630b556'),(1021,205,'大漠孤烟直，长河落日圆。感觉这才是中国的西部片。茫茫大漠里一间小客栈里面各种势力的冲突纠葛。话说原来那双刀鞑子男才是扫地僧般的存在啊。','2178ba98359d12f31e9e63fad75f671f'),(1022,205,'我不像你一样，有勇气面对这片沙漠','cb4929ef016057848173d3f42779cf8e'),(1023,205,'中国版的《卡萨布兰卡》~~','c3de354dcf36be8a75353cc064fccc6d'),(1024,205,'张曼玉真是风骚啊','ce0a32cd7cfd3ac5d5ffd7b5a719a938'),(1025,205,'昨晚看完就去睡了，一觉醒来，脑子里还全是林青霞抱着缸子喝酒时的一滴泪；张曼玉不穿衣服唱歌，裹着“龙门客栈”的旗子从屋顶跳下来，亦正亦邪的眼神让人看不透，只甘愿被她电死；还有梁家辉一句“我没有你那样的勇气面对沙漠”。有些电影就是这样，一切都恰到好处。话说一直以为是徐克拍的啊?','fd998cdc376b5c550c7492c242a96aa0'),(1026,206,'平行世界理论一定是真的，我坚定不移的相信着','b13bada295946bbe9d36711a54db4e3d'),(1027,206,'太憋屈了，不是太空舱就是火车厢，幸好他最后出去了，要不得憋死我','dc4c00f0a8811e8dc4a3bad3889e2dab'),(1028,206,'Inception+Groundhog Day，现实和记忆是相辅相成的，只要能生存的有意义管它是哪里，何况这本身就是一个平行宇宙。结尾定格在静止画面时才是真正完美的结局，之后几分钟剧情完全可以忽视。','142f6cfb3fd72da89958f24400fe9928'),(1029,206,'不赖，但是看着没什么心潮澎湃的感觉，激动不起来','35dd20e644ab73c312389073753411ff'),(1030,206,'继《月球》后，导演邓肯·琼斯再次带来的精彩之作。情节紧凑，逻辑合理，想象力毋庸置疑。作为科幻电影，虽然动作场面少，特效场面少但却始终引人入胜，牢牢抓住观众。唯一有待商榷的就是结局，如若停留在那一吻，或许会更棒。★★★★☆','b3fc5dafb435574cdc226321e3d6087a'),(1031,207,'日本的家庭电影已经是世界巅峰了，步履不停是巅峰中的佳作。','a1ce0421b388a96465cf88a871cd2062'),(1032,207,'9.5；和解总是慢死亡一步','7b70a5e783089c2c6b2efaf19af9c886'),(1033,207,'是枝裕和说，《步履不停》是一个什么事都没发生的故事，除了细节别无旁物，因为，细枝末节累加起来即是生活。回想那一部看了无数遍的电影，不是什么事都没发生过。最喜欢一个细节是一只蝴蝶，宛如哥哥的亡灵飞过，平实的妈妈立刻狰狞如同疯魔，追逐亡故的长子的幻影。一个平常家庭的创口顿时撕裂。','7633267b8ece1a6702a670ce46f6fc71'),(1034,207,'东方人的日常生活中就是常常上演这种迟到的温情、无奈的残忍，并且自觉地不知悔改地步伐不停。秉承着同样的嘴硬和含蓄，他们塑造了家，捏造了国。','a8f5e40e7070a160c24cacf937baee9c'),(1035,207,'喜欢沉缓而日常的日系电影，但不知道为什么，还是觉得影片稍过平乏寡淡。','a975a519bf9ef7b3491d0f0f8f3b4739'),(1036,208,'少见的超越首部的续集，动作片中的经典~~','7632b51c66c923b496b53bc739f96210'),(1037,208,'金属狂躁！！！T1000的空前绝后在于一个机器人居然真的具有妖气。','f7c1ef196a10e1c5a9d7a061a3505e07'),(1038,208,'I\'ll be back','fca677ac43b4c700520c2441e19b239c'),(1039,208,'液体机器人好帅','f248b6f9ea708f18ae399ad39b3d9433'),(1040,208,'谁知道3D版大陆何时上映啊？','ffe6c25ac4bd36f04d982a5ecfe7d61a'),(1041,209,'娶大姐为妻，和二姐谈恋爱，把三妹当妹妹，生一个四妹这样的女儿。我爱这温暖治愈的四姐妹，像爱我用心写过的四首诗。','1e98b9dbbccbb4a1b1788f63bcefd436'),(1042,209,'简单、干净、温暖、治愈，海边的风与阳光，又一部是枝裕和亲情剧。难得的大牌云集，虽然在导演最近几部作品里，算平庸的，却也足够感人与回味，何况，还有一群养眼的妹子','40cd1c8c4120b698d6b6146f92d04247'),(1043,209,'5.0。1.一部让人想努力活着的电影。2.六月的镰仓满是海街的水汽，才回新宿便开始万分想念，也终于有幸在东京看了场是枝的电影，我想，那样的美好恐怕以后都很难再有。电影里并没有紫阳花大片盛放的空镜，但四姐妹的和服烟花戏真的好美，我想，那是一个梦一样的乌托邦才对。','da372b7e3d26a7c5d0e2f29f0808936c'),(1044,209,'镰仓，小镇，海，房子，家，食物，四姐妹，是亲情和生活的美好。有死亡，有别离，有苦乐参半的记忆，四季的风景轮回，小镇的生活点滴，食物是生活的态度，吃就是活着的一部分，很温暖，很治愈，是枝裕和导演越发有大师风范了，这个世界上也只有日本导演可以拍出这么细腻美好的家庭剧。★★★★','4434921ed3f808aa4a1ccd76a7fee62f'),(1045,209,'不能以过去的眼光去看是枝裕和了，发行从艺术院线到东宝，五十多岁的是枝裕和才第一次拍摄人气女优主演映画，一来还是四个，“压力”确实不小。电影虽然剧本和剪辑上都有些问题，但“女优美，长腿美，镰仓美，日料美，生活美”可以掩盖了这些问题。四姐妹几乎都完成了自己最好的表演，年度推荐！','5962a9f8f54bbd6f62750b182323a0d0'),(1046,210,'看完第一遍不想再看第二遍。','79f95b0abe48c0206d6ca12195caa820'),(1047,210,'带着满脸的眼泪和鼻涕泡儿看完的','ae18a836a09351b33c23c70509755019'),(1048,210,'天使也怕黑暗。','ac031f1a86c45c3e249316aa8940ed9f'),(1049,210,'感人.汤姆 汉克斯的演技很牛～','26f97aecc7edcaf879f816c69cebc179'),(1050,210,'虽然很长，但真的好看','8e52208b7a4039a41f99cdfa87d185d7'),(1051,211,'上帝死了，女人也不再是男人的肋骨了。','c6005c8afa2ce0689c4bea674c7fe838'),(1052,211,'这其实不是女权电影','db8ebd83d77ad737b7b1f03c86195665'),(1053,211,'当年是神片，觉得放在今天来说，依然蛮神的一部片子，在A站看的时候，不停地有弹幕骂塞尔玛是贱人，不由得觉得，人家91年就有这么女权的片子，而我国男青年，依然认为，女人跟男人调情就是贱人，哪怕被强暴也是活该。（微笑','b87bb67b99224a1bf9f3c8d304c63d28'),(1054,211,'你知道有多少女人在被别人欺负。你又要知道有多少女人在独立，在反击。','a6af69464a3fe5dc7da37e3c9f0e545c'),(1055,211,'请原谅我土鳖了现在才看过这片，但我觉得特别特别好看！！！！！！！！','0d1bd71d4a309a1d9b9df6675c04503c'),(1056,212,'每一帧都细到能截下做桌面TAT','eb31855a1922c30486a74103d64ae2ce'),(1057,212,'好多壁纸……','af0f27c9bbe7d814bce9bf29eeef2f96'),(1058,212,'总是看着身后比你更远的地方。不知不觉那就成了我们的距离。可即使我只看着你，你也变成那些距离我越来越远的事。','ae591e21309b978c686024a873edf2e1'),(1059,212,'这就是新海诚带来的心灵之旅，带来的我们灵魂身处的某种感动。这个故事描述的是这样一种青涩而又真挚的感情，它甚至远远的比缠绵悱恻的爱情珍贵，那是人间最为纯真的爱，不需要任何基础和依靠的爱，不需要停泊和追逐永恒的爱，因为它本身就是永远。','d294e1bee5421e5243c35faea93c67d2'),(1060,212,'我们的感情像一盘凉菜。','37a79a6648f8f640d3c0e885b37783cd'),(1061,213,'你有几个最佳损友，她们陪你分享你心里的小秘密。你在初中小心翼翼的喜欢一个男孩子，你收集关于他的一切消息，你在你们共同上学需要走的小巷口左顾右盼，你记住他的每一句话，你为他做了让自己可以变得更好更美的所有事情，那些好长好长的岁月里你只是想让他看你一眼而已。','1687fa7c287f2db01b177a68e8eba885'),(1062,213,'要不是这狗血的结尾我会打五星的！最让我感动的反而不是初恋了，是这群丑小鸭之间的友谊，让我想起我初中时候的那群小姐妹，“朱古力跳跳队”——谢十三、吴玲、杨秀丽、徐星云、拉链、吴美，还有我，一共七个，傻妞！十二万分怀念那个时候的我们……向青春致敬！','ef9e1c0282cd2e494f5a9a6c56bfb5aa'),(1063,213,'是前面会让你沉浸在熟悉感里会心微笑，最后又能让你潸然泪下的片子...一定一定一定要看...','d0101af5e8c22b437868c3da3e212773'),(1064,213,'各种狗血...我被评分误导了...','9a8728ba169a1a40900ad567374b02c3'),(1065,213,'“我喜欢你，我做的一切都是为了你。”一部很纯情很清纯很阳光的泰式爱情电影，故事本身并不多出彩，甚至让人觉得狗血过头，但我相信这是一部让几乎观影的每一个人都能在电影里找到共鸣的影片。能够回忆起曾经自己初恋暗恋的那些小事，回忆起儿时朋友间玩闹的趣事。btw，“凤姐”蛮可爱的。★★★☆','e6cd8150faa6670352961617c2f1f34c'),(1066,214,'最后一个眼神的特写，直指人心','1d35bb4384c7b4e59a80db10c3ef3b10'),(1067,214,'爱情是光，将城市点亮，笑的最后却是感动。卓别林竟然是爱情电影的大师……','27ba2cfb3a5f9eefa207cf77cf39687b'),(1068,214,'哭哭笑笑的小人物传。里面的爱情可有千百种解读，就不赘述了。但爱情的确能让人变瞎，也能让人复明啊。拳击那场戏大赞。','53acf57b94d55a7a5c9bce6073590621'),(1069,214,'笑中含泪，悲剧的最高境界是喜剧。','078b8ddc6ac776e5f47dd4450c5ce87b'),(1070,214,'You can see now？Yes，now I can see. 那些总爱戏弄（吹小弹子砸）流浪汉的报童，那个一旦清醒就不认得流浪汉的富翁，都令影片真实有趣悲伤。最后的相认却也是美好与真实的，善良的人们终究会穿过贫富、滑稽华美的外相看到内里看到爱。','420c111f752e43af200fe77c6a6e854c'),(1071,215,'你知道怎么才会遇见美人鱼吗？要游到海底，那里的海更蓝，在那里蓝天变成了回忆，躺在寂静中，你决定留在那里，抱着必死的决心，美人鱼才会出现。她们来问候你，考验你的爱。如果你的爱够真诚，够纯洁，她们就会接受你，然后永远地带你走……” \\r\\n看了很难受。你无法进入他的世界，他是你的世界，他的世界里没有你。到最后，you did it alone.','7c1c314005e75e6e70e05a1dbf7319af'),(1072,215,'可能是片子看的太投入了，看完后气不打一处来。笨女人，这样的男人也要得？？','964dae29522ad721949ec30f291a8991'),(1073,215,'我想我可以回答那个最爱的电影的问题了．．．','7621510d7719600163cb7f8a3dcf8e64'),(1074,215,'这是一个关于梦想的故事。做一个理想主义者，是一种幸福，还是一种悲哀？吕克贝松曾说这是他最好的片子，因为那个时候他还没有去到好莱坞，他只是简单地写自己的梦想，然后给我们瞬间的空白，正如他所说，电影，不过是一片阿司匹林。\\r\\n','ed0ed328b29c0a271d3b3853e1352a19'),(1075,215,'现在再看，感觉还是有点装的 ：）','4a0f846f202c907fb1701b26cfe7c0e4'),(1076,216,'即便今年的动画电影整体水平偏低，也不至于把这样一部作品推上神坛。','4554960d8e7223d9024599145722dc8a'),(1077,216,'突破的迪士尼，有回忆却无情怀，有佳句无佳章，设定、创意不错，但讲述方式一路下滑。开篇惊喜以为会是游戏世界的《超人特工队》/《超级大坏蛋》+《怪兽电力公司》，没想看完感觉是动画版的《极速赛车手》…无个性，满满都是其他动画片的影子。 “如果那个孩子喜欢我，我还能坏到哪里去呢？”','73ccc988c3614242c646d518c4a150a7'),(1078,216,'如果说人设制作配乐什么的是动画的血肉，那创意和情感就是动画的魂。而为什么当初说《勇敢传说》让人失望，因为它虽然将前者做到无可挑剔，但它的后者却弱到爆。《无敌破坏王》游戏机内世界的设定之巧堪比当时的《怪物公司》，而对于主角心理的描摹也令人叫好，小机灵更是遍布全篇。最后我有泪啦。','91f85747fb0f42ae0b0f7fe0ce0f554b'),(1079,216,'如别人说的，确实有点皮克斯乱入迪士尼的意思。靠回忆赚分数的电影。像素游戏、街机回忆，尤其是“上上下下左右左右BA”这种，让我这种长泡游戏厅的人实在无法防御。故事简单有趣还带些温馨感动。角色也可爱，特别是那个小女孩，又萌又坏，萨拉·丝沃曼的配音也棒。今年在影院看过的最喜欢的一部动画。','d24bdec9d56120867689486394a6be6a'),(1080,216,'给这片子差评的多半曾是班干部，他们去游戏厅也都是领着老师去逮人的。所以，我认为打低分者才是真的无敌破坏王。','a67ae9c44d38344b0fa5f3584aa29a07'),(1081,217,'希特勒死的时候我傻了','6233ec1e85fe6e116c5fa78e84571c40'),(1082,217,'引用某影評人曾說的話：「一些得令的導演，由於創作泉源枯竭，只會從B級或C級垃圾片堆中覓食，美其名說向它們致敬，終究下過是垃圾再造垃圾而已。」','b2518c20de18d10015f77a40eddb9521'),(1083,217,'电影的魅力，他用电影创造历史','66a552883ed0a0dedc14321b9a1d9b67'),(1084,217,'塔伦天伦回光反照之作。《杀死比尔》时奄奄一息的他，竟然还没死。片中有让人久违的怪鸡幽默，都通过愚蠢的对话表现出来的。这是他的招牌菜。其他的乏善可陈，割头皮是大败笔，黑色有余，幽默不足。','640511a9624aeb6d011c8036cd719692'),(1085,217,'冲着皮特和昆汀去的，结果被德国太保给迷住了','16875abd6e38fd4be81c6b4d50841ba2'),(1086,218,'“我虽努力，却难于去亲近自己心爱的人”经历了平淡、争吵、否定、相濡以沫所有最真实的感情状态，18年过后，最难的是仍对彼此保有激情。上一次看到这么纯粹的爱情电影，还是九年前。伊桑朱莉理查请你们9年后准时回来，哪怕拍不动了、聊不起了、原地静坐90分钟，也好啊。','de29babdd7c74c7321eb0ccf377e1a16'),(1087,218,'夫妻生活间的微小细节，无边无际的烦恼和烦恼中也不肯放手的爱，美中折射丑的侧面，丑中映射美的光辉。18年前的浪漫，9年前的真挚，终于走向今天的真实。Bravo！To the imperfect, self damaging, self redeeming, utterly twisted vulnerable yet brilliantly beautiful and strong, ephemer...','d71248bfe4cd77ae8762c3230900811f'),(1088,218,'真实的不像话。换在9年前，我会看不下去两人婚后的絮絮叨叨、不断地吵架及和好，放到现在，却“心有戚戚焉”。互相折磨、互相伤害、互相妥协、并肩前行。爱人只不过是“经过”了你生命的那个人，而这份“经过”也请好好珍惜。','66ae28fbc00b7c90d81f28bc16dffce9'),(1089,218,'第一部时还愿意有更多的转换场景，更多的配乐，更多的更像电影的呈现方式。到此时，电影本身就是生活本身。这是导演的野心，也是自信。交谈、争吵与和好，争论与妥协。其实，他们还是18年前那一对年轻的男女。抓住人心的不是电影，永远都是生活本身。','46d9f26e903fc82704f5703abdfeb84c'),(1090,218,'这一系列看下来，我觉得我完全不想结婚，而且也不想找个话多的男朋友，这电影 应该 改名成：叨比叨。','44e6b29af3af82eba3fb823afb35b16f'),(1091,219,'我想大多数人都是搬沙发的工人。','a0535823b8862fc78c4f788356ddbec1'),(1092,219,'典型的密室谜案，只是没人找到破绽。不过里面的观点却很有趣。有几个问题是动脑子的了：1、玛丽亚是你亲妈？2、你会多少种语言？3、可以测一下基因吗？如果您存在了14，000年，基因能证明。4、你怎么辨别配偶是不是自己的某个后代？5地球一半子孙出自你门下?6、有多少存款？定期转存应该也很吓人了吧。7、你怎么伪造档案？','ea3794674e570a76571274e30f63e87f'),(1093,219,'这部所谓给人以思考的电影, 有哪个问题真正能让你看完了还能记得还去思考的?','cc3e562befe4f153825776d514a0d9cf'),(1094,219,'要么就更nerd一点，要么就别故作高深.一帮美国科学家们的将信将疑就只限于如此肤浅的问题：一点点梵高跟黑格尔.少许耶稣和穴居人就让你们折服了么？医生确认父亲后死去，这一段落太舞台剧化（虽然单一场景本身也已经很独幕剧了）.总之是一部拥有好点子，但却不拥有好细节的片子.三星之','bdd21ec44bd01d7aecd602e015ef4287'),(1095,219,'骗子！我还以为片尾会是一群外星人把“这个来自地球的男人”接走！','0a32c137ee3b3df83e10a8c076878038'),(1096,220,'一群讨薪民工的血汗史','8b16beb3c2c5a44695823bbeb2435832'),(1097,220,'這世上本沒有恐怖份子，有的只是政治的犧牲品……','061dcf224154dc9f7e0d2de0aac973b0'),(1098,220,'美式动作片的代表之作，情节紧张刺激，高潮迭起，并且一气呵成，不拖泥带水，整部影片可以很好的诠释两个字——“过瘾”！','ead4817047d8c4932d37f4de12c63204'),(1099,220,'我没懂，那些该被补偿的士兵死了。','b29901739fbc3173c77d178be87deb12'),(1100,220,'真是极致了，你无言可对','4f3374c08c1348b47cbbf1f4ebf21afb'),(1101,221,'中国最nb的片','06979134975c4f5a474163aa82befb1b'),(1102,221,'聪明的宁浩，能走多远？','287fcdaba166c957ff3f9cfb1778041a'),(1103,221,'真大很有趣','08b9b98126aec753451662326bdfb531'),(1104,221,'重温。别说，这片还真能经得住考验，也不是简单一句模仿盖里奇或多线叙事就能概括的。特别里面几组的人物都不仅仅是作为结构故事制造笑点等功能性的存在，而是几乎每位出场人物塑造的有头有尾性格鲜明紧扣主线笑果突出，还贴近生活反映现实，这就很难得了，在这方面石头其实做的比烟枪还要好点。','f74861a6fe4b642aa63337a179cf6dda'),(1105,221,'故事情节环环相扣，演员都特别棒！黄勃真是，太抢眼了！','45813aced3d96267b9f2ba779c1b5d0e'),(1106,222,'在一个特级还不够发达的年代，只能依靠更多的温情和笑料，比如最后ET对德鲁说be good，他临走带走了他们家的一盆花，这是最后的唯一的纪念，然后就一别三十年，只留下天空一道彩虹。','3082a3243994a08c66f2a54c3aa1ea13'),(1107,222,'断断续续看过很多次，而且都是很多年前，看完整版还是第一回，自行车突然飞腾的时候多少有些激动。童心与童年爱做的梦，属于童年的故事。','1e612aea2a128f68caf95b33c9247f18'),(1108,222,'每看一遍哭一遍','660ce629aa9c0beba6a87dc6a0fe8580'),(1109,222,'到现在为止说到外星人我想到的都是这里面的模样','0bd5415465dd56343eab32670f2203a2'),(1110,222,'艾里奥特和E.T.一起划过月亮的那一段无限地复活了观众们心中的童话，自行车飞天等场面效果真实、华丽且富有童话的梦幻色彩，特效在这里成为了实现人类梦想的工具。','d6937fc5b40b60bc0b3419da0ea7b152'),(1111,223,'世界上有那么多女人那么多酒馆，但她偏偏走进我的这家。','b4abd0bca710feaf76aa0ec0cc23b9e7'),(1112,223,'小时候看《卡萨布兰卡》没看出什么不和谐来，最近重温，却发现结局实在太基了：永失所爱的Rick和被Rick大义感化的Leno探长双双亡命天涯鸾凤和鸣采菊东篱下悠然见南山……这实在是……喵啊！我现在看什么都不正常了！','d24ae5f1d0a7a9f466d8105b73d5e89a'),(1113,223,'“世上有那么多的城镇，城镇有那么多的酒馆，她却走进了我的。”若干年后重温已经少了许多感动，但字字珠玑的台词仍是经典。永远记得那首好听的《As Time Goes By》，也记得英格丽·褒曼有那么一对迷人的双眼，即便是黑白电影也掩盖不住特有的光辉。★★★★','62d91398806f1ecc26f231d4e34bd106'),(1114,223,'对白实在是经典。卡萨布兰卡开创了黑色电影的先河，其中许多经典镜头体现了导演超强的功力。\\r\\n','dc38bb2147e2c5833fbecb3361c810c1'),(1115,223,'其实我越看越喜欢警长肿么办……英格丽·褒曼那令人出戏的柔光近景和特写啊……尼玛还有个镜头是她柔光鲍嘉硬光，要多别扭有多别扭……','1accd1352789d255c7c3a76dc6ac47ca'),(1116,224,'原来是吴宇森作品，看的时候还奇怪外国人是怎么想出这个复杂的事情的，而且还能看到《英雄本色》和《喋血双雄》的影子。。。','37cf21fd3627a8de39479046f3197d7e'),(1117,224,'看过7遍……','55b0d579e0f8e0806388c37e7bdc0c35'),(1118,224,'确实好看呀，我喜欢特拉沃尔塔~','69f009c4b2ba300e3a656c54b6ef5f6d'),(1119,224,'说实话，换脸变成另一个人是一件很可怕的事，想一想在变成另一个的时候可以无视道德和法律的约束，会不会在变换的过程中迷失最初的自己','6263c5a7315de2f13ec4d1ebeab939ea'),(1120,224,'概念不错拍得一般，配角选得很烂，华裔女探员，男女黑人探员，气质农民，做派乡土，很难看。','7da759e199b973c2564d1eae86d2a50e'),(1121,225,'这船真乌托邦！！！','2fcc2cd11326c498d78d485a8317e3aa'),(1122,225,'这几年看到的最牛逼的英国片 什么叫海洋文化 什么叫海盗精神 什么叫世外桃源 什么叫摇滚 什么叫怀旧 什么叫英式幽默 什么叫男人帮 什么叫Dream','8e5feca48b079321ea913b2e3d3c9a06'),(1123,225,'啥叫牛逼？牛逼就是逃命的时候还用仰泳。。。。。。。','5520bb463c787b51b7879429c6ac8a9d'),(1124,225,'摇滚、毒品和性永远是吉祥的一家。','2c0e20ad4d4f1a7fedf4559bd52c6743'),(1125,225,'这是一个给人们梦想和欢乐地电台，这是一个乌托邦的电台，这里有爱，有梦，更多的是音乐带给人们的欢乐。是那些嬉皮士们 的DJ带给了人们这个只属于我们的电台。音乐很棒！摇滚万岁！','94598021adabfa72a3754c1affdc1674'),(1126,226,'看的差点儿吐了~~~','0f4ceff0ed17224f89a06923d4c8040e'),(1127,226,'“我完全康复了”','21fccbcde0e25c35dc3da106d3646051'),(1128,226,'影响我太多的启蒙电影','0f9a62e42f6c50d74d84cd354c3057d8'),(1129,226,'Stanley Kubrick竟然用《发条橙》解读贝多芬，开头至今令我心有余悸。','dfbed138b9a619bf810f51e888c59e09'),(1130,226,'第三遍看生理上的不适感减轻很多，在英国骚乱之后更能理解文明社会下隐藏着的危机原由，库布里克尽情展现在乌托邦神话下所能发生的丑陋一面，又转回手痛击倾向于将人符号化的国家机器，最终把世界交给暴力像永动机般循环的开放式结局，正义在人被剥削掉道德选择权后沦为了贝多芬第九交响一样的背景音乐','4ced3e5ec38e55c75208cf27c7738a90'),(1131,227,'电影院看了加长版，我都没有形容词了，真是坐在那儿激动的坐不住，看完了死活不想走，回来的路上还是回不过神。简直就好看的可以让别的导演都去自杀。。。我要是个导演我对我的人生都没有指望了，完全没法超越这了','1e4a671330637fcbd506b46d52f23eeb'),(1132,227,'哎，瞧瞧人家故事写的，现在这种经典的传奇式电影快绝迹了','cf7f105de5964256f8f33bd09630346b'),(1133,227,'The good loves the ugly. laf','9932ed90028a96c82ccb7892c793c9c4'),(1134,227,'the bad 也太象刘德华了。。。><','7a374e0d8fd501bd0b08082c717d4538'),(1135,227,'按“一部增加一个角色”的惯例出场的Ugly形成了三部以来对剧情的最大推动力，平纠纷，讨赏金，寻宝藏，利用报复要挟挽救互相依靠，反复反复又反复的三人行造就了系列中最丰满的结束。','2559a7b42a6755edd175f00dd387acbc'),(1136,228,'直男癌自己就是个同性恋，绿茶婊其实是处女。叛逆女喜欢变态狂，变态狂其实是文艺青年。编剧脑洞太大了。2014.11.21成都','745f0f18403ac1e467f0b8d3ebbc8c38'),(1137,228,'美国电影最接近悲剧的处理，可惜还差那么一点点，因为好莱坞不知道什么叫做悲剧','affd2c29526c75bab99fffee1f32c88d'),(1138,228,'犹如深度透视镜的电影。\\r\\n如果一部电影可以成为一个人生转折点，会不会太神奇了点。','ea32811cd6a74590f989c147d0e69773'),(1139,228,'2000年看这部片就像做贼一样。','cc622bfeee03299f6d2fc089c139d945'),(1140,228,'关于中年危机里同类题材的翘\\r\\n楚。把\\r\\n绝望写得妙趣横生，把黑色幽默玩的炉火纯青！','8643eb27d2fd6f6ec495f8f92add1a97'),(1141,229,'镜头晃啊晃啊晃啊晃啊八个人叨逼叨逼叨逼叨逼停电了继续叨逼叨逼叨逼叨逼卧槽多重世界还是叨逼叨逼叨逼叨逼死人了杀人了昏倒了天亮了完全疯了~~~引入薛定谔猫实验，借着平行空间，用混乱叠加的时空展示量子力学理论或揭露黑暗人性都显得过于牵强。','758d5ca211025311f2daa8bfbbcfdddd'),(1142,229,'没觉得有什么“烧脑”的，有的只是人类共享的对未知维度的震撼和恐惧。结尾毫无防备地从科幻硬是升华出了人性。强烈推荐这部画面烂到不如DV短片却出奇有力的作品。','b8d924ede15a4da4aea53a91085592a0'),(1143,229,'不知道我还是不是我。睡一觉，过一晚，说不定旧我早已被此刻打字刷豆瓣的我杀死调换，因为据说梦是平行世界的记忆显现。把自己敲死挖坑埋了这种念头，估计谁都有过。总觉得会有个更好最好的自己，也是种心魔吧，得治。反正不管有多少个平行世界存在，我敢肯定，那些我不认识的我也都爱涮海底捞小肥羊。','bb69e6fa457b094c4765e4293b51cf27'),(1144,229,'极低的成本，靠对白和设定竟然构建了一个还不错的故事，手持摄影比较克制，家庭DV的效果正合适本片想要营造的氛围。最后那一通电话，比较多余，其实停留在两个戒子的画面，会比现在这样好。','0868700c0e81314a93229571c31c2225'),(1145,229,'叨逼叨叨逼叨叨逼叨卧槽停电了叨逼叨叨逼叨卧槽那些人是谁叨逼叨叨逼叨卧槽多重世界叨逼叨叨逼叨死人了杀人了昏倒了天亮了完全疯了的片子设计感很重但是巧妙，不过最后居然是部女性心理研究片。惊喜稳步送上，最后几分钟简直超乎想象。【卧槽怎么有人抄袭我短评啊】','3be8fc412e42349cb3451e55c4e51ae4'),(1146,230,'假如爹娘不用我养活。','433652d082e507f871b7934535858b6e'),(1147,230,'为什么没有十星这个选项~~~~~~~~~~~~~~~~~~~~~~~~~~~~~~~~~~~~~~~~~~~~~~~~~\\r\\n这电影是我心目中境界最高的人生之一．','2e9051f99df4dfdf9de8bb28656cfbf9'),(1148,230,'看的时候我就想背着相机去旅行了，看完之后我就睡觉了。','f1fd55a05501872e8f3c34b778e96ea7'),(1149,230,'看本片的目的来自于身边一个朋友的真实事件 这个电影影响了他现在和将来 也许我们应该放弃对别人的顾虑 考虑自己真实的目的地在哪里 这也许不是自私','5829a6601323a92945f741012bb7b829'),(1150,230,'0320 是适应社会重要？还是追求纯粹的自由，寻找真正的自己重要？看完后难受极了。','b7d08eb7da82c4535cc9b0828731122d'),(1151,231,'又是一个Leonardo适合的角色，彪悍的小混混。“几内亚，100万人的非洲第二大难民营，但在电视上，最多只能播1分钟新闻，在体育和气象之间。”','17a3165ec7f57add514f00c381cdc43d'),(1152,231,'基于背景值得一看；丹尼最后的选择有点突兀','d618e67fe252e183baa8448cb4bdbad4'),(1153,231,'如果早拍10年并换个更有质感的女主，比如年轻时的梅里尔斯特里普，这部片应该能成为另一个走出非洲。除了探讨血钻主题，事实上影片也探讨了很多其他的宏大命题如战争、儿童兵、不绝对的正义与邪恶、生命的意义等。且并不显得突兀，很好的融合在剧情里。剧本有张力，Leo表演很赞。后半程配乐不错。','aea48543325102e3afd6b51fd4b49c10'),(1154,231,'没有买卖就没有杀戮，这样的非洲是我不曾了解的！','b24da2ee640bb7e113276e45390a354f'),(1155,231,'小李一直在努力，非常非常努力，虽然冲奥之路很坎坷，但是这些历练一定不会白费。期待你的《胡佛》《了不起的盖茨比》','7d38d25e00efafc6b1b7b2c824c411cc'),(1156,232,'明年的奥斯卡最佳影片和最佳改编剧本的最大热门，不仅三观正，片子的完成度也非常高！片子的拍法和这群新闻人很像，客观冷静理性，干净利落不煽情，剧本是非常传统的类型片叙事套路，既扎实又踏实，剧组的团队精神就像精彩的群戏表演，没有任何主创抢风头，凝聚到一起却力量十足，让人敬畏。★★★★','731c1afaa438f484c685b7d08c381748'),(1157,232,'本来想打四星。然后我问了自己一个问题：“如果这个题材让韩国人拍…”不由得虎躯一震，赶紧改成五星。','a92c0221fe2bf765b8007d6c108040ce'),(1158,232,'“有时候我们都很爱忘记，大多数时候我们都是在黑暗中磕磕绊绊，突然天亮了，而人们却开始相互指责。”那一天早上，报道发出后，“聚焦”小组办公室的电话突然被打爆了。对记者而言，揭露真相永远是第一位的，可是这部电影在记者调查事件真相之外还讲述了“沉默的螺旋”机制以及囚徒困境，同样值得深思','426df77fcc4a6bc2f563ad441a6b59c2'),(1159,232,'中规中矩。温吞开水。','611e59e086e3aed5f798aaa222ef3a64'),(1160,232,'国内记者看来更像是一曲纸媒悲歌，近年国内调查新闻环境每况愈下，传统名牌报纸、电视调查栏目纷纷衰落，不仅仅是舆论环境持续收紧，未被政治打败的，也被资本击垮了。对我们而言，这是一部屠龙之技的鸡血片。','38003abc50f3d1dcb6219bfd97813d0a'),(1161,233,'这不是国王的演讲，是国王的演技','5cad55858dca3e32fc55e75a77ffe001'),(1162,233,'Darcy and Lizzy十年后重逢，可惜不是演夫妻>,< ','b284c5597b5a84e5179add2d974de39c'),(1163,233,'@Charles Rosen说：这里面有：莫扎特费加罗婚礼前奏曲，单簧管协奏曲第二乐章，贝多芬皇帝钢琴协奏曲第二乐章，第七交响曲第二乐章，（还据说有）勃拉姆斯安魂曲。当国王做完演讲，在阳台上面对民众的时候，背景音乐是皇帝钢协（！！！）','6397c6bc63210c499431bfc6513ad85c'),(1164,233,'沉着大气精密讲究呕心沥血，Colin Firth奥斯卡之前唯一需要担心的就是礼服和演讲词了，你找不到这样的演员了，海伦娜王后也实在太可爱了，贵族身上哥特全无，你找不到这样的女演员了','355bb1822b1bd52d760fbc49beeb4748'),(1165,233,'一流表演、剧情、台词、配乐，这就是最好的电影，比盗梦、社交什么的都好。','18267e53aabd5564b703d20a9447e182'),(1166,234,'我能三天长出 Ralph的胡子，却及其可能一辈子遇不上Catherine ','2e1938691c73b35b43866cb3fa6730fa'),(1167,234,'In memory, love lives forever... 一直以来最爱的电影，没有之一。-“你一直戴着它？” -“是的，我一直戴着它。傻瓜，我一直爱着你。”','f4d3776de4d5b75c0b5b3fb6aa193cd3'),(1168,234,'延绵的沙漠里，不曾决堤的爱欲。','1d2d54ead0fcc18655d1bd1031c1e5d0'),(1169,234,'一直都忘不了当年CCTV-6播出此片之前的预告片的广告词：“拉尔夫·费因斯主演，安东尼·明格拉作品。”还有大美女朱丽叶·比诺什荡秋千的那个场景，昨天看到正片时才发现是如此的浪漫，浪漫得让我直接想起了《新桥恋人》，她咋老演这么浪漫的角色哩，好喜欢啊，好喜欢。费因斯举手抬足都让人赏心悦目！','3b0c7a610678fd3242d41ef5a07690c1'),(1170,234,'喜欢这段台词：\"I once traveled with a guide who was taking me to Faya.He didn\\\'t speak for nine hours.At the end of it ,he pointed at the horizon and said,\"Faya\".That was a good day.','c311f7402f1e3fe92a7f166100e67143'),(1171,235,'Kint那句声泪俱下唱作俱佳的“fucking cops”真是让人五体投地。','41a597bddc1456905ab87cce3b033efd'),(1172,235,'虽然猜到结果，但办公室现学现编也太牛了~~','2967803b80464ecd255b43e7b82a7c5f'),(1173,235,'全靠结尾点睛啊','06ea9d8c657ef1d83197e7934740c25a'),(1174,235,'I dont believe in god, but im agraid of it.','b5661a8c6d3459fb40979393702d50f0'),(1175,235,'影片完全推翻了观众的惯性逻辑思维，将一个剧情复杂的故事拍得戏剧张力十足，自始至终扣人心弦。','19dc7ca7d180f03031892932e0d67214'),(1176,236,'应当感谢人类，这种心胸狭窄历史短暂而丑陋的暴发户物种，还没有在他们那些“神圣的领空”上也拉起铁丝网，尿上国旗。而陆地上那些没有翅膀的生物就没有那么幸运了。“万里长城永不倒”，还好我是只飞鸟。','9a8d1c7a63232a86df6e7aeecf020d21'),(1177,236,'镜头化身为鸟','dfbfbd3f9a8dbcfc772836b18a8bc187'),(1178,236,'最美的飞翔。','01f109ede2a12a6cf44283a592ccd7e0'),(1179,236,'这是一个巨大的工程，历时四年，跨越七大洲40多个国家，消耗460公里胶片，动用450多人，其中包括世界上最优秀的飞行员和科学考察队。这一切都是为了捕捉鸟在无尽长空翱翔时的千姿百态。能把一部科教性质的影片拍得如此完美，如同一首优雅的抒情诗，一支美和力的芭蕾作品，堪称奇迹。','fb3c5b88fd7656e781603275e3d58bb6'),(1180,236,'1.仅仅只从配乐都能看出导演的用心，更何况那些真实拍摄的每一个镜头。2.一次回归，便是一个承诺的实现，影片细心的表达。3.纪录片中的文艺片。4.我渴望成为一只可以自由翱翔的飞鸟，只是我是否会忘记那沿途美丽的风景？','2084f5c984a56cb77f73852e763dacd2'),(1181,237,'这里没有《拯救大兵瑞恩》的煽情回忆，也没有《现代启示录》的痛苦反思，有的只是战争，真实而残酷的战争！','621db5bcd245a75c20c879aa3cf8ef3f'),(1182,237,'是想当作一个任务如何失败的案例来看的。。战斗场面够多，信息量还是不够全。。战争残酷狰狞自不必说，只是只有美方士兵单方面的人性化描画，至于那些发狂的索马里士兵却只是默默而生，默默而死，成不了一个相互沟通的契机。。背景音乐很不错','b7e5065677bde15d5e64949ac9c2cd33'),(1183,237,'电影成功告诉我们：任何正义或非正义的战争，带来的只有“残酷”！漂亮的剪辑，紧迫的音乐给了我们最真实的战争场面','07d27faf4f7e639b4b7fb3341ddeb1cd'),(1184,237,'背景乐配的超级赞！！。。动作和阵容十分强大，但是这样的战争，感觉美国多管闲事害了自己。。经典台词：不是我们想去做英雄，只是时势造英雄。PS：华丽丽的hugh是医官（就是满脸是血那个，和josh一起抢救别人的医官），orlando刚出来就坠机，ewan猥琐的倒茶兵。汗颜。。','2e8a86e0ab5c3b4ee7889c6dded4bf2d'),(1185,237,'16年之后（2017年）再看这部电影，更能体会到它的伟大——它开创的现代战争片电影美学，迄今没有人能够超越。','9acc586d0109a354aa8054e9815fe03b'),(1186,238,'I love you.Tommy','a963cab5f72d5dba8e5a2c6ed9689ba5'),(1187,238,'尼玛这才叫鸡血电影，后半部分我觉得全身的细胞都在燃烧，鸡皮疙瘩从未停止，热泪疯狂向外奔流...两个男主角出色的表演一定程度掩盖了剧本上的不足，汤姆·哈迪尤其耀眼啊！有没有人跟我一样YY兄弟情...','19c401b91a4272912248059cfe51cf2e'),(1188,238,'钢拳什么的，简直弱爆了！非常，非常，非常，好看','58be7d7906196e0a791d0c03d2b4c02d'),(1189,238,'斗士 + 铁拳男人 + 摔跤王 + 铁甲钢拳 = 勇士，BTW字幕组又卖萌，也是乡村基铁托儿么……','e675e8803a99bd70a61d5a4248c254dc'),(1190,238,'跟看比赛直播一样，全影院的人在高潮的锦标赛时，随着战况欢呼鼓掌，心疼哀叹，感动抽泣。','f3eafd7c84cd45ec519dc980ed7b3a4c'),(1191,239,'只要你的心灵纯洁 你的身体就是纯洁的','8b63d7ef2fe90b0b28634bb2af86836f'),(1192,239,'蛋疼英文和蛋疼中文','555bd9804f09c8248def7b7d4592987b'),(1193,239,'岩井俊二创造出“元都”这么一个反乌托邦的意象是很可贵的，可惜造假币、当明星、 做刺青以及最后所有人的命运都分散得缺乏一种统一的力量。中心内容无法整合，画面再血腥，情绪再丰富，本质上也依然是小清新。','9f35358db22722340d98f3a335574a07'),(1194,239,'什么时候才能制造出像燕尾蝶一样随性放纵的影像画面？很多场景都像梦，不真实，但又美到生疼。','3499c1e46df7f14858d817189825a376'),(1195,239,'作为曾经深陷圆都世界的书迷，细细一想自己囤这本小说的时候还是六年以前。一直不愿看这部片子，害怕其中的固力果不是那个固力果，火飞鸿不是那个火飞鸿。当高喊莫名其妙不断疯跑的三上博史猛然回头呆住的时候，我明白这就是那个熟悉的圆都，这就是那些熟悉的人们。那些曾经打动我的，从来都没溜走。','a4813957c88a781902dc9c0f38796003'),(1196,240,'Fing the joy in your life...在巴黎吃早饭，去香港吃午餐，溜弯儿到长城飙摩托，插缝跳伞，赛车，开飞机去金字塔和泰姬陵……两个老头去全世界旅游，用剩余不多的时间，去燃烧他们的整个生命。我也想如此来一次生命的释然！“这个故事里总有一些你因为今生没有做过而无限懊恼的事情。”When he closed','244c14409ee43c24a687d33c91c9bea4'),(1197,240,'失望，一点也不现实也不具代表性的遗愿清单，更没有“一路玩到掛”的悲壮感。看完我只想去跳一次伞。','8b9e3cb78d900cb2a5490516e3b0cf28'),(1198,240,'不知死焉知生','7c7b8b31c663843a922e24cd917ce852'),(1199,240,'为结尾和最后一句话加半星：助理帮他们划了第一项，在山顶，而且还是违法的……','b93f3eab91181d6a427e898668d98ef6'),(1200,240,'so one day when i go to some final resting place,if i happen to wake up next to a certian wall with a  gate i hope that you are there','3c94b2eeba4b2f360d598b3151e775e7'),(1201,241,'在死亡将我们分开之前，别再假借独立之名，自私下去了。也许我们自以为还有很多时间，但他们的已经不多了。','87b954f0e4c71d307477b69abda0ed5b'),(1202,241,'“我是个胆小鬼，没有你，我怕活不下去。” \\r\\n','5296f883aa171a7665ba149eda6f0e89'),(1203,241,'有些爱情，只有死亡能把它隔断；也有些爱情，它能把死亡也隔断。','30add10caa8903770fec30e3ca425306'),(1204,241,'用力有一点点的··过猛····','e7ffa6a64ef424ad05f36ef408e1c60c'),(1205,241,'前不久姥姥突然脑出血住院了，还好发现及时不太严重，现已安然出院。7月2号是姥姥的生日，姥爷偷偷准备了蛋糕，大家一起像电影中那样关灯唱生日歌吹蜡烛。虽然平时生活琐碎吵吵闹闹，但那一刻真的很动人。从俗一句：我能想到最浪漫的事，就是和你一起慢慢变老。','d816a0dba7b84b63e8289a731ea552fa'),(1206,242,'一部电影如果需要说明书才能看懂的话，那它绝对不是好电影','1667ff0b213f9fba504d80a6792cc49f'),(1207,242,'你要不想太后怕，就别总是回想其中的情节','cf6726d1981d46b4febec6e09490ec7b'),(1208,242,'初级评：时间是个圈，空间是个圈，圈即无限。\\r\\n中级评：点线交集，元素启示，大即小小即大，宇宙奥秘。\\r\\n高级评：（...)).(..).)..','33c54f2c46b4e34fced82e9f80aba6ad'),(1209,242,'我相信林奇绝不是在故弄玄虚或者故作高深，他应该是个真正的精神分裂症患者。有人说电影就是在造梦，那么林奇的梦最离奇。','503ccf0251832f8e10ef9330a23f0637'),(1210,242,'林奇前后几部电影，都像精神领域的公路片。路，无尽、未知、被黑暗笼罩的路。传统类型片一路撞车刹车踩油门，哪怕碰上个搭车的，最后总能到达一个期想的终点。林奇的电影，半路会掉进坑里，不然就是根本没有终点，你根本不知道车子会开向哪里。这部电影关于噩梦，也关于鲜亮美丽的好莱坞。','3e78bfb5f4e282b2b3afc4be8e750f6a'),(1211,243,'每个成功美国励志青年背后都有一个伟大的妈。','84692752822c6563d5e63b8eaf33dd28'),(1212,243,'希望，是个难以破灭的习惯。','e712839f65dd1c70895c3eeeca0f98fa'),(1213,243,'男主的微笑很迷人','0d811868c2c8d33a33600b935d481941'),(1214,243,'男主笑的时候脸就会微微发红，可爱到爆哎。剧情其实有点太顺风顺水，没有阴影的阳光还是不妥。另外片名很low，一股油腔滑调的港式风味，显然没有《讲台前的我》好。','fcfd75350e74037ca7ba943480ded86e'),(1215,243,'男主的人生老师其实是他妈','2ad55ebfd1e37342aeb8c936489f9274'),(1216,244,'商场那段，踢纸团，五人用枪互指，好结局。要想知道如何刻画角色性格特点，本片是典范。','be56277780b018cefc570a6bb713f93c'),(1217,244,'很赞的电影，喜欢吴镇宇和黄秋生，很“佬”啊！！！神经质的吴镇宇让人不得不迷恋呢！杜琪峰很喜欢用长镜头然后定格拍摄，很大师的画面。音乐轻松又可爱，原创音乐钟志荣。','411e9a4ebaebfaabd939dceded263082'),(1218,244,'OST大赞！强烈的鼓点带着紧张又戏谑的成分。商场戏大赞！推车小工的镜子巧思无敌。吴镇宇大赞！这个男人早年是这么的迷人呀~','8f32e66673cce27e2887041c0be7c9fc'),(1219,244,'无比炫技的杜琪峰，大段故意留白背后有N多值得脑补的内容。','772f68a267767e1a67f7c6493423b9c4'),(1220,244,'应该是杜sir最好看的片之一了吧！五个都好酷，还配个专门抢戏的任达华。短小精悍恰到好处地满足对黑帮片的一切幻想：西装皮鞋，高手大隐隐于市，老板超有钱，但兄弟情最深。枪战如下雨，没人受伤的。每个人都给足镜头最后还不忘来个完美构图时装大片都望洋兴叹的摆拍。总之很装但是绝不讨厌?','53218c4718751503093afce625e46101'),(1221,245,'联邦快递的超长版广告片？','fdd5e1e6570bf08e9f63dc92ee08498e'),(1222,245,'联邦快递的超强势植入广告——“就算我们的快递员流落到了荒岛，只要你在包裹上画上一只蝴蝶，我们就保证绝对不拆你的快递。”（不对','de7c5e996c50bd3b5b7e6d324fb8f495'),(1223,245,'我没事干常爱想流落荒岛的故事，但最后总卡在『唉呀来月经怎么办树叶接得住吗而且血腥味会不会招来野兽啊』这个问题上，女人好像真的很难流落荒岛啊。','b2081f4d7285ca3ca15cc1556d004cf7'),(1224,245,'who knows what will the tide bring?so keep breathing.','a2bad0941cb923d4e8d407d7a2dd45c1'),(1225,245,'【B】“荒岛”部分剧情单薄，“余生”部分倒是看的感慨颇多。导演的重点也是放在了后半部分吧。看完后突然觉得自己还能有冰镇可乐喝，真是太性福了。威尔逊最佳男配角有疑问？','3ae7ea7d07228b6748571fbb9a611d5d'),(1226,246,'原作作者克拉克：“如果有人觉得完全弄懂了《太空漫游2001》在讲些什么，那一定是我和库布里克弄错了。”','0878e026bb9d37e1d4f8431e93f59a2c'),(1227,246,'我看了下面的评论想笑了。一边说经典给5分，一边说看不懂。\\r\\n以现在的眼光看来，节奏拖沓，不知所谓，跳跃过大，看的人简直一头雾水。\\r\\n何谓装逼就是楼下豆瓣的这些人了，看不懂还给5分，你是烧饼吗？\\r\\n我3年级看过一次。过了十多年了，再看，一样！完全是头晕。经典个屁。看不懂的就是经典？笑话！','b8f5894135b1b172441138d872f0fbbf'),(1228,246,'现在这个年代没人敢如此玩观众了。\\r\\n','0c694fa34ed28cd7383bea83a0288e47'),(1229,246,'最伟大导演的最伟大影片','3939da9f983071e84521218ca607da83'),(1230,246,'这样的节奏能让我坚持看下来真是了不起','07a8fe1418e49e6aeab3ad81d80f417f'),(1231,247,'这是一部朴素的、善意的电影。它从来不会让生活丧失希望。 \\n','af9830e8f80552f523dafa68f16f93ed'),(1232,247,'非常好的片子，很喜欢！从头笑到尾。不过笑过之后是惭愧。人因文明已失去了纯真。','92e4a3d9273554aea9e4b04feecf3eda'),(1233,247,'如果这个世界没有可乐罐就好了！只是如果！','c84338166fd5eaacd5bb0041eea1b257'),(1234,247,'小时后只看到表面的搞笑.........只有长大了才看得明....','ff159a6088094b41edc7a0e519241c2f'),(1235,247,'难得看到这么搞笑的片子了。','a8f760947d98ed45d8f5d610ec4b6f44'),(1236,248,'古怪的老电影气质，很励志，有点基。世界若是真的如此不公平，那我们就集体作弊去吧。','c6c05dfccd39940900933806e4b24cd7'),(1237,248,'看名字以为是恐怖片，没想到是这么走心的风格。裘德洛的出场太惊艳了，那双眼睛，那个孤傲的眼神和表情让人难忘。可他最后结束自己生命的方式太残忍了，难以接受。','f25192be208dc11f9dc3a3d4787b3fc6'),(1238,248,'一个凄美的基情故事','e93b446e92906f0cae05c5d635e4225f'),(1239,248,'非常优秀的科幻电影！小时侯看过一次，丝毫没有察觉这居然是97年的作品 !今天重温依旧无法看出，当时囫囵吞枣也没法理解其中深意，如今看过后不禁唏嘘感叹！影片各个方面都堪称精品！导演对节奏拿捏得非常精准，看似平淡的叙事，表面下却暗流涌动！好剧本、好配乐、好演员、好导演，成就一部好电影','ee0ae933d44ffad804b7ad94fac94264'),(1240,248,'I only lent you my body,you lent me your dream 以及so Jeremo will always be here when you need him 搅基大亮 以及越来越觉得Ethan  Hawke是萌物了…','dd48b97f0235120533f5ef4d63787669'),(1241,249,'一切线索已经指出了结果，但是当录像带中大卫戈尔转过头平静的看着画面的时候，所带来的沉重与震撼还是让我浑身战栗。','c73af9a797fe7403be8fab8df90031f9'),(1242,249,'最后半小时简直无法喘息。真相一波一波袭来，讽刺与绝望更是一浪高于一浪','be7792ff608773e96cc8b188d3facf19'),(1243,249,'看得我十分揪心。这伟大的付出！','9e7f19ae67f1537faf15779c79720ab1'),(1244,249,'线索给太多太明显导致真相可预见，直接削弱了情感冲击力。又是政治诉求，总给我很刻意的感觉。温丝莱特的角色完全如旁观者般苍白。配乐倒成了预告片经典配乐。','fb3b56061dd5c1b49814f088af32426d'),(1245,249,'比想象中的更通俗好看，并不像之前以为的学院派电影，哈哈…虽然半途就能猜到结局，但后面剧情的百转千回还是会跟着走，不愿多想，只是沉醉…配乐很重，结尾镜头很带感，理想主义的殉道者啊，艾伦·帕克才不甘讲一个平凡的悬疑故事！','9048710ec4e5a052fb791be398f2d9b3'),(1246,250,'“于是，我似乎看到多年以后，你站在一扇蓝色的大门前，下午三点的阳光，你仍有几颗青春痘。你笑着，我跑向你问你好不好，你点点头。三年、五年以后，甚至更久更久以后，我们会变成什么样的大人呢？是体育老师，还是我妈。虽然我闭着眼睛，也看不见自己，但是我却可以看到你。” \\r\\n','65689ad19cd8bd3311d9ceeca41a0e08'),(1247,250,'非常真實的電影 如同週遭的生活一般  91年','97df903a2721751b42e48eeb9692b1a8'),(1248,250,'像张士豪那样的男生是每个女生都喜欢过的吧，高高帅帅的，打篮球，骑山地车，笑起来很阳光，但那时候一般都不会有勇气去争取的啊，等到已经长成大人已经满怀勇气了的现在，那样的男生就没有了。','b78ffd7043d5e9d24c937aa4b0278380'),(1249,250,'好喜欢克柔的眼神啊，我的青春怎么没有这么羞涩过','6c6675d4d8a6e3b50767acd7c3368abb'),(1250,250,'不好看，没看出来桂纶镁哪里好','67d562f94bc5e4d570a07b4355789697');
/*!40000 ALTER TABLE `short_comment` ENABLE KEYS */;
UNLOCK TABLES;

--
-- Table structure for table `user`
--

DROP TABLE IF EXISTS `user`;
/*!40101 SET @saved_cs_client     = @@character_set_client */;
 SET character_set_client = utf8mb4 ;
CREATE TABLE `user` (
  `user_id` int(11) NOT NULL AUTO_INCREMENT,
  `username` varchar(99) DEFAULT NULL,
  `password` varchar(99) DEFAULT NULL,
  `gender` decimal(1,0) DEFAULT '0',
  `age` decimal(2,0) DEFAULT '0',
  PRIMARY KEY (`user_id`),
  UNIQUE KEY `username` (`username`)
) ENGINE=InnoDB AUTO_INCREMENT=5 DEFAULT CHARSET=utf8;
/*!40101 SET character_set_client = @saved_cs_client */;

--
-- Dumping data for table `user`
--

LOCK TABLES `user` WRITE;
/*!40000 ALTER TABLE `user` DISABLE KEYS */;
INSERT INTO `user` VALUES (1,'green','-14b4a444b59340cb97dd6eb70e985cf8cfc114e1',1,21),(2,'admin','7c222fb2927d828af22f592134e8932480637c0d',1,18),(3,'cchnb','2bd6950fd7b687cc81534a32ee11bb15dc377253',2,18),(4,'root','-2389160f3fff91706e61f3aea3992445c67d087b',0,0);
/*!40000 ALTER TABLE `user` ENABLE KEYS */;
UNLOCK TABLES;

--
-- Table structure for table `watches`
--

DROP TABLE IF EXISTS `watches`;
/*!40101 SET @saved_cs_client     = @@character_set_client */;
 SET character_set_client = utf8mb4 ;
CREATE TABLE `watches` (
  `user_id` int(11) NOT NULL,
  `movie_id` int(11) NOT NULL,
  PRIMARY KEY (`user_id`,`movie_id`),
  KEY `movie_id` (`movie_id`),
  CONSTRAINT `watches_ibfk_1` FOREIGN KEY (`user_id`) REFERENCES `user` (`user_id`) ON DELETE CASCADE,
  CONSTRAINT `watches_ibfk_2` FOREIGN KEY (`movie_id`) REFERENCES `movie` (`user_id`) ON DELETE CASCADE
) ENGINE=InnoDB DEFAULT CHARSET=utf8;
/*!40101 SET character_set_client = @saved_cs_client */;

--
-- Dumping data for table `watches`
--

LOCK TABLES `watches` WRITE;
/*!40000 ALTER TABLE `watches` DISABLE KEYS */;
/*!40000 ALTER TABLE `watches` ENABLE KEYS */;
UNLOCK TABLES;

--
-- Final view structure for view `movie_categories_v`
--

/*!50001 DROP VIEW IF EXISTS `movie_categories_v`*/;
/*!50001 SET @saved_cs_client          = @@character_set_client */;
/*!50001 SET @saved_cs_results         = @@character_set_results */;
/*!50001 SET @saved_col_connection     = @@collation_connection */;
/*!50001 SET character_set_client      = utf8mb4 */;
/*!50001 SET character_set_results     = utf8mb4 */;
/*!50001 SET collation_connection      = utf8mb4_0900_ai_ci */;
/*!50001 CREATE ALGORITHM=UNDEFINED */
/*!50013 DEFINER=`root`@`localhost` SQL SECURITY DEFINER */
/*!50001 VIEW `movie_categories_v` AS select `m`.`movie_id` AS `movie_id`,group_concat(`c`.`title` separator ' ') AS `category` from (`movie_category` `m` join `category` `c` on((`m`.`category_id` = `c`.`user_id`))) group by `m`.`movie_id` */;
/*!50001 SET character_set_client      = @saved_cs_client */;
/*!50001 SET character_set_results     = @saved_cs_results */;
/*!50001 SET collation_connection      = @saved_col_connection */;
/*!40103 SET TIME_ZONE=@OLD_TIME_ZONE */;

/*!40101 SET SQL_MODE=@OLD_SQL_MODE */;
/*!40014 SET FOREIGN_KEY_CHECKS=@OLD_FOREIGN_KEY_CHECKS */;
/*!40014 SET UNIQUE_CHECKS=@OLD_UNIQUE_CHECKS */;
/*!40101 SET CHARACTER_SET_CLIENT=@OLD_CHARACTER_SET_CLIENT */;
/*!40101 SET CHARACTER_SET_RESULTS=@OLD_CHARACTER_SET_RESULTS */;
/*!40101 SET COLLATION_CONNECTION=@OLD_COLLATION_CONNECTION */;
/*!40111 SET SQL_NOTES=@OLD_SQL_NOTES */;

-- Dump completed on 2018-12-14 14:02:35
